"/Q (modelFiles=ts18sl_scl_mat.lib:ff_18,mcparamset=2) X","/Q (modelFiles=ts18sl_scl_mat.lib:ff_18,mcparamset=2) Y","/Q (modelFiles=ts18sl_scl_mat.lib:ff_18,mcparamset=3) X","/Q (modelFiles=ts18sl_scl_mat.lib:ff_18,mcparamset=3) Y","/Q (modelFiles=ts18sl_scl_mat.lib:ff_18,mcparamset=4) X","/Q (modelFiles=ts18sl_scl_mat.lib:ff_18,mcparamset=4) Y","/Q (modelFiles=ts18sl_scl_mat.lib:ff_18,mcparamset=5) X","/Q (modelFiles=ts18sl_scl_mat.lib:ff_18,mcparamset=5) Y","/Q (modelFiles=ts18sl_scl_mat.lib:ff_18,mcparamset=6) X","/Q (modelFiles=ts18sl_scl_mat.lib:ff_18,mcparamset=6) Y","/Q (modelFiles=ts18sl_scl_mat.lib:ff_18,mcparamset=7) X","/Q (modelFiles=ts18sl_scl_mat.lib:ff_18,mcparamset=7) Y","/Q (modelFiles=ts18sl_scl_mat.lib:ff_18,mcparamset=8) X","/Q (modelFiles=ts18sl_scl_mat.lib:ff_18,mcparamset=8) Y","/Q (modelFiles=ts18sl_scl_mat.lib:ff_18,mcparamset=9) X","/Q (modelFiles=ts18sl_scl_mat.lib:ff_18,mcparamset=9) Y","/Q (modelFiles=ts18sl_scl_mat.lib:ff_18,mcparamset=10) X","/Q (modelFiles=ts18sl_scl_mat.lib:ff_18,mcparamset=10) Y","/Q (modelFiles=ts18sl_scl_mat.lib:fs_18,mcparamset=1) X","/Q (modelFiles=ts18sl_scl_mat.lib:fs_18,mcparamset=1) Y","/Q (modelFiles=ts18sl_scl_mat.lib:fs_18,mcparamset=2) X","/Q (modelFiles=ts18sl_scl_mat.lib:fs_18,mcparamset=2) Y","/Q (modelFiles=ts18sl_scl_mat.lib:fs_18,mcparamset=3) X","/Q (modelFiles=ts18sl_scl_mat.lib:fs_18,mcparamset=3) Y","/Q (modelFiles=ts18sl_scl_mat.lib:fs_18,mcparamset=4) X","/Q (modelFiles=ts18sl_scl_mat.lib:fs_18,mcparamset=4) Y","/Q (modelFiles=ts18sl_scl_mat.lib:fs_18,mcparamset=5) X","/Q (modelFiles=ts18sl_scl_mat.lib:fs_18,mcparamset=5) Y","/Q (modelFiles=ts18sl_scl_mat.lib:fs_18,mcparamset=6) X","/Q (modelFiles=ts18sl_scl_mat.lib:fs_18,mcparamset=6) Y","/Q (modelFiles=ts18sl_scl_mat.lib:fs_18,mcparamset=7) X","/Q (modelFiles=ts18sl_scl_mat.lib:fs_18,mcparamset=7) Y","/Q (modelFiles=ts18sl_scl_mat.lib:fs_18,mcparamset=8) X","/Q (modelFiles=ts18sl_scl_mat.lib:fs_18,mcparamset=8) Y","/Q (modelFiles=ts18sl_scl_mat.lib:fs_18,mcparamset=9) X","/Q (modelFiles=ts18sl_scl_mat.lib:fs_18,mcparamset=9) Y","/Q (modelFiles=ts18sl_scl_mat.lib:fs_18,mcparamset=10) X","/Q (modelFiles=ts18sl_scl_mat.lib:fs_18,mcparamset=10) Y","/Q (modelFiles=ts18sl_scl_mat.lib:sf_18,mcparamset=1) X","/Q (modelFiles=ts18sl_scl_mat.lib:sf_18,mcparamset=1) Y","/Q (modelFiles=ts18sl_scl_mat.lib:sf_18,mcparamset=2) X","/Q (modelFiles=ts18sl_scl_mat.lib:sf_18,mcparamset=2) Y","/Q (modelFiles=ts18sl_scl_mat.lib:sf_18,mcparamset=3) X","/Q (modelFiles=ts18sl_scl_mat.lib:sf_18,mcparamset=3) Y","/Q (modelFiles=ts18sl_scl_mat.lib:sf_18,mcparamset=4) X","/Q (modelFiles=ts18sl_scl_mat.lib:sf_18,mcparamset=4) Y","/Q (modelFiles=ts18sl_scl_mat.lib:sf_18,mcparamset=5) X","/Q (modelFiles=ts18sl_scl_mat.lib:sf_18,mcparamset=5) Y","/Q (modelFiles=ts18sl_scl_mat.lib:sf_18,mcparamset=6) X","/Q (modelFiles=ts18sl_scl_mat.lib:sf_18,mcparamset=6) Y","/Q (modelFiles=ts18sl_scl_mat.lib:sf_18,mcparamset=7) X","/Q (modelFiles=ts18sl_scl_mat.lib:sf_18,mcparamset=7) Y","/Q (modelFiles=ts18sl_scl_mat.lib:sf_18,mcparamset=8) X","/Q (modelFiles=ts18sl_scl_mat.lib:sf_18,mcparamset=8) Y","/Q (modelFiles=ts18sl_scl_mat.lib:sf_18,mcparamset=9) X","/Q (modelFiles=ts18sl_scl_mat.lib:sf_18,mcparamset=9) Y","/Q (modelFiles=ts18sl_scl_mat.lib:sf_18,mcparamset=10) X","/Q (modelFiles=ts18sl_scl_mat.lib:sf_18,mcparamset=10) Y","/Q (modelFiles=ts18sl_scl_mat.lib:ss_18,mcparamset=1) X","/Q (modelFiles=ts18sl_scl_mat.lib:ss_18,mcparamset=1) Y","/Q (modelFiles=ts18sl_scl_mat.lib:ss_18,mcparamset=2) X","/Q (modelFiles=ts18sl_scl_mat.lib:ss_18,mcparamset=2) Y","/Q (modelFiles=ts18sl_scl_mat.lib:ss_18,mcparamset=3) X","/Q (modelFiles=ts18sl_scl_mat.lib:ss_18,mcparamset=3) Y","/Q (modelFiles=ts18sl_scl_mat.lib:ss_18,mcparamset=4) X","/Q (modelFiles=ts18sl_scl_mat.lib:ss_18,mcparamset=4) Y","/Q (modelFiles=ts18sl_scl_mat.lib:ss_18,mcparamset=5) X","/Q (modelFiles=ts18sl_scl_mat.lib:ss_18,mcparamset=5) Y","/Q (modelFiles=ts18sl_scl_mat.lib:ss_18,mcparamset=6) X","/Q (modelFiles=ts18sl_scl_mat.lib:ss_18,mcparamset=6) Y","/Q (modelFiles=ts18sl_scl_mat.lib:ss_18,mcparamset=7) X","/Q (modelFiles=ts18sl_scl_mat.lib:ss_18,mcparamset=7) Y","/Q (modelFiles=ts18sl_scl_mat.lib:ss_18,mcparamset=8) X","/Q (modelFiles=ts18sl_scl_mat.lib:ss_18,mcparamset=8) Y","/Q (modelFiles=ts18sl_scl_mat.lib:ss_18,mcparamset=9) X","/Q (modelFiles=ts18sl_scl_mat.lib:ss_18,mcparamset=9) Y","/Q (modelFiles=ts18sl_scl_mat.lib:ss_18,mcparamset=10) X","/Q (modelFiles=ts18sl_scl_mat.lib:ss_18,mcparamset=10) Y","/VIN (modelFiles=ts18sl_scl_mat.lib:ff_18,mcparamset=1) X","/VIN (modelFiles=ts18sl_scl_mat.lib:ff_18,mcparamset=1) Y","/VIN (modelFiles=ts18sl_scl_mat.lib:ff_18,mcparamset=2) X","/VIN (modelFiles=ts18sl_scl_mat.lib:ff_18,mcparamset=2) Y","/VIN (modelFiles=ts18sl_scl_mat.lib:ff_18,mcparamset=3) X","/VIN (modelFiles=ts18sl_scl_mat.lib:ff_18,mcparamset=3) Y","/VIN (modelFiles=ts18sl_scl_mat.lib:ff_18,mcparamset=4) X","/VIN (modelFiles=ts18sl_scl_mat.lib:ff_18,mcparamset=4) Y","/VIN (modelFiles=ts18sl_scl_mat.lib:ff_18,mcparamset=5) X","/VIN (modelFiles=ts18sl_scl_mat.lib:ff_18,mcparamset=5) Y","/VIN (modelFiles=ts18sl_scl_mat.lib:ff_18,mcparamset=6) X","/VIN (modelFiles=ts18sl_scl_mat.lib:ff_18,mcparamset=6) Y","/VIN (modelFiles=ts18sl_scl_mat.lib:ff_18,mcparamset=7) X","/VIN (modelFiles=ts18sl_scl_mat.lib:ff_18,mcparamset=7) Y","/VIN (modelFiles=ts18sl_scl_mat.lib:ff_18,mcparamset=8) X","/VIN (modelFiles=ts18sl_scl_mat.lib:ff_18,mcparamset=8) Y","/VIN (modelFiles=ts18sl_scl_mat.lib:ff_18,mcparamset=9) X","/VIN (modelFiles=ts18sl_scl_mat.lib:ff_18,mcparamset=9) Y","/VIN (modelFiles=ts18sl_scl_mat.lib:ff_18,mcparamset=10) X","/VIN (modelFiles=ts18sl_scl_mat.lib:ff_18,mcparamset=10) Y","/VIN (modelFiles=ts18sl_scl_mat.lib:fs_18,mcparamset=1) X","/VIN (modelFiles=ts18sl_scl_mat.lib:fs_18,mcparamset=1) Y","/VIN (modelFiles=ts18sl_scl_mat.lib:fs_18,mcparamset=2) X","/VIN (modelFiles=ts18sl_scl_mat.lib:fs_18,mcparamset=2) Y","/VIN (modelFiles=ts18sl_scl_mat.lib:fs_18,mcparamset=3) X","/VIN (modelFiles=ts18sl_scl_mat.lib:fs_18,mcparamset=3) Y","/VIN (modelFiles=ts18sl_scl_mat.lib:fs_18,mcparamset=4) X","/VIN (modelFiles=ts18sl_scl_mat.lib:fs_18,mcparamset=4) Y","/VIN (modelFiles=ts18sl_scl_mat.lib:fs_18,mcparamset=5) X","/VIN (modelFiles=ts18sl_scl_mat.lib:fs_18,mcparamset=5) Y","/VIN (modelFiles=ts18sl_scl_mat.lib:fs_18,mcparamset=6) X","/VIN (modelFiles=ts18sl_scl_mat.lib:fs_18,mcparamset=6) Y","/VIN (modelFiles=ts18sl_scl_mat.lib:fs_18,mcparamset=7) X","/VIN (modelFiles=ts18sl_scl_mat.lib:fs_18,mcparamset=7) Y","/VIN (modelFiles=ts18sl_scl_mat.lib:fs_18,mcparamset=8) X","/VIN (modelFiles=ts18sl_scl_mat.lib:fs_18,mcparamset=8) Y","/VIN (modelFiles=ts18sl_scl_mat.lib:fs_18,mcparamset=9) X","/VIN (modelFiles=ts18sl_scl_mat.lib:fs_18,mcparamset=9) Y","/VIN (modelFiles=ts18sl_scl_mat.lib:fs_18,mcparamset=10) X","/VIN (modelFiles=ts18sl_scl_mat.lib:fs_18,mcparamset=10) Y","/VIN (modelFiles=ts18sl_scl_mat.lib:sf_18,mcparamset=1) X","/VIN (modelFiles=ts18sl_scl_mat.lib:sf_18,mcparamset=1) Y","/VIN (modelFiles=ts18sl_scl_mat.lib:sf_18,mcparamset=2) X","/VIN (modelFiles=ts18sl_scl_mat.lib:sf_18,mcparamset=2) Y","/VIN (modelFiles=ts18sl_scl_mat.lib:sf_18,mcparamset=3) X","/VIN (modelFiles=ts18sl_scl_mat.lib:sf_18,mcparamset=3) Y","/VIN (modelFiles=ts18sl_scl_mat.lib:sf_18,mcparamset=4) X","/VIN (modelFiles=ts18sl_scl_mat.lib:sf_18,mcparamset=4) Y","/VIN (modelFiles=ts18sl_scl_mat.lib:sf_18,mcparamset=5) X","/VIN (modelFiles=ts18sl_scl_mat.lib:sf_18,mcparamset=5) Y","/VIN (modelFiles=ts18sl_scl_mat.lib:sf_18,mcparamset=6) X","/VIN (modelFiles=ts18sl_scl_mat.lib:sf_18,mcparamset=6) Y","/VIN (modelFiles=ts18sl_scl_mat.lib:sf_18,mcparamset=7) X","/VIN (modelFiles=ts18sl_scl_mat.lib:sf_18,mcparamset=7) Y","/VIN (modelFiles=ts18sl_scl_mat.lib:sf_18,mcparamset=8) X","/VIN (modelFiles=ts18sl_scl_mat.lib:sf_18,mcparamset=8) Y","/VIN (modelFiles=ts18sl_scl_mat.lib:sf_18,mcparamset=9) X","/VIN (modelFiles=ts18sl_scl_mat.lib:sf_18,mcparamset=9) Y","/VIN (modelFiles=ts18sl_scl_mat.lib:sf_18,mcparamset=10) X","/VIN (modelFiles=ts18sl_scl_mat.lib:sf_18,mcparamset=10) Y","/VIN (modelFiles=ts18sl_scl_mat.lib:ss_18,mcparamset=1) X","/VIN (modelFiles=ts18sl_scl_mat.lib:ss_18,mcparamset=1) Y","/VIN (modelFiles=ts18sl_scl_mat.lib:ss_18,mcparamset=2) X","/VIN (modelFiles=ts18sl_scl_mat.lib:ss_18,mcparamset=2) Y","/VIN (modelFiles=ts18sl_scl_mat.lib:ss_18,mcparamset=3) X","/VIN (modelFiles=ts18sl_scl_mat.lib:ss_18,mcparamset=3) Y","/VIN (modelFiles=ts18sl_scl_mat.lib:ss_18,mcparamset=4) X","/VIN (modelFiles=ts18sl_scl_mat.lib:ss_18,mcparamset=4) Y","/VIN (modelFiles=ts18sl_scl_mat.lib:ss_18,mcparamset=5) X","/VIN (modelFiles=ts18sl_scl_mat.lib:ss_18,mcparamset=5) Y","/VIN (modelFiles=ts18sl_scl_mat.lib:ss_18,mcparamset=6) X","/VIN (modelFiles=ts18sl_scl_mat.lib:ss_18,mcparamset=6) Y","/VIN (modelFiles=ts18sl_scl_mat.lib:ss_18,mcparamset=7) X","/VIN (modelFiles=ts18sl_scl_mat.lib:ss_18,mcparamset=7) Y","/VIN (modelFiles=ts18sl_scl_mat.lib:ss_18,mcparamset=8) X","/VIN (modelFiles=ts18sl_scl_mat.lib:ss_18,mcparamset=8) Y","/VIN (modelFiles=ts18sl_scl_mat.lib:ss_18,mcparamset=9) X","/VIN (modelFiles=ts18sl_scl_mat.lib:ss_18,mcparamset=9) Y","/VIN (modelFiles=ts18sl_scl_mat.lib:ss_18,mcparamset=10) X","/VIN (modelFiles=ts18sl_scl_mat.lib:ss_18,mcparamset=10) Y","/Q (modelFiles=ts18sl_scl_mat.lib:ff_18,mcparamset=1) X","/Q (modelFiles=ts18sl_scl_mat.lib:ff_18,mcparamset=1) Y"
0,1.799999787613029,0,1.799999604183871,0,1.799999639425064,0,1.799999401091119,0,1.799999546841245,0,1.799999722271179,0,1.79999944978364,0,1.799999663390212,0,1.799999754659725,0,1.799999799807114,0,1.799999882558946,0,1.799999831547675,0,1.799999840732172,0,1.799999773895142,0,1.799999813209405,0,1.79999986489634,0,1.799999786377084,0,1.799999848565945,0,1.799999875685239,0,1.799999941760306,0,1.799999945167939,0,1.799999943532513,0,1.799999943461817,0,1.799999941089669,0,1.799999941629504,0,1.799999944894239,0,1.799999940883671,0,1.79999994440187,0,1.799999946388078,0,1.799999922319345,0,1.799999917657002,0,1.799999924483455,0,1.799999922316778,0,1.799999924312877,0,1.799999919137247,0,1.799999924338027,0,1.799999920814836,0,1.799999918743781,0,1.799999920832656,0,0,0,0,0,0,0,0,0,0,0,0,0,0,0,0,0,0,0,0,0,0,0,0,0,0,0,0,0,0,0,0,0,0,0,0,0,0,0,0,0,0,0,0,0,0,0,0,0,0,0,0,0,0,0,0,0,0,0,0,0,0,0,0,0,0,0,0,0,0,0,0,0,0,0,0,0,0,0,0,0,1.799999494993815
0.036,1.799999406784944,0.036,1.799998800991184,0.036,1.799998917850338,0.036,1.799998135628634,0.036,1.799998615028681,0.036,1.799999189888799,0.036,1.799998296285027,0.036,1.799998995343508,0.036,1.799999294152623,0.036,1.799999496269953,0.036,1.799999772945946,0.036,1.799999600266306,0.036,1.79999963286141,0.036,1.799999408254035,0.036,1.79999954398202,0.036,1.79999971181443,0.036,1.799999452857494,0.036,1.799999656432865,0.036,1.799999743598983,0.036,1.799999924951818,0.036,1.799999937009413,0.036,1.799999930076287,0.036,1.7999999309301,0.036,1.799999921597459,0.036,1.799999926143121,0.036,1.799999934930253,0.036,1.799999922644995,0.036,1.79999993273886,0.036,1.799999937611396,0.036,1.799999909239151,0.036,1.799999913670352,0.036,1.799999911961798,0.036,1.799999911464989,0.036,1.799999908719431,0.036,1.799999908382994,0.036,1.799999913730751,0.036,1.799999907793088,0.036,1.799999913240861,0.036,1.799999916525823,0.036,0.036,0.036,0.036,0.036,0.036,0.036,0.036,0.036,0.036,0.036,0.036,0.036,0.036,0.036,0.036,0.036,0.036,0.036,0.036,0.036,0.036,0.036,0.036,0.036,0.036,0.036,0.036,0.036,0.036,0.036,0.036,0.036,0.036,0.036,0.036,0.036,0.036,0.036,0.036,0.036,0.036,0.036,0.036,0.036,0.036,0.036,0.036,0.036,0.036,0.036,0.036,0.036,0.036,0.036,0.036,0.036,0.036,0.036,0.036,0.036,0.036,0.036,0.036,0.036,0.036,0.036,0.036,0.036,0.036,0.036,0.036,0.036,0.036,0.036,0.036,0.036,0.036,0.036,0.036,0.036,1.799998443716013
0.07200000000000001,1.799998160749678,0.07200000000000001,1.799996189802403,0.07200000000000001,1.799996568711975,0.07200000000000001,1.799994049045126,0.07200000000000001,1.799995590347877,0.07200000000000001,1.799997451719904,0.07200000000000001,1.799994564253844,0.07200000000000001,1.799996819059862,0.07200000000000001,1.799997789509242,0.07200000000000001,1.799998495895756,0.07200000000000001,1.799999411685876,0.07200000000000001,1.799998837417528,0.07200000000000001,1.799998947014779,0.07200000000000001,1.799998204538649,0.07200000000000001,1.799998656063477,0.07200000000000001,1.799999206772989,0.07200000000000001,1.799998354043878,0.07200000000000001,1.799999022542758,0.07200000000000001,1.79999930799988,0.07200000000000001,1.799999878821625,0.07200000000000001,1.799999919726803,0.07200000000000001,1.799999894681895,0.07200000000000001,1.799999899031788,0.07200000000000001,1.799999866196316,0.07200000000000001,1.799999885148306,0.07200000000000001,1.79999991117609,0.07200000000000001,1.799999872071542,0.07200000000000001,1.799999903168462,0.07200000000000001,1.79999991697774,0.07200000000000001,1.799999888246738,0.07200000000000001,1.799999904772996,0.07200000000000001,1.799999895513736,0.07200000000000001,1.799999896430596,0.07200000000000001,1.799999883910374,0.07200000000000001,1.799999889448668,0.07200000000000001,1.799999902156747,0.07200000000000001,1.799999884899349,0.07200000000000001,1.799999899247441,0.07200000000000001,1.799999906352326,0.07200000000000001,0.07200000000000001,0.07200000000000001,0.07200000000000001,0.07200000000000001,0.07200000000000001,0.07200000000000001,0.07200000000000001,0.07200000000000001,0.07200000000000001,0.07200000000000001,0.07200000000000001,0.07200000000000001,0.07200000000000001,0.07200000000000001,0.07200000000000001,0.07200000000000001,0.07200000000000001,0.07200000000000001,0.07200000000000001,0.07200000000000001,0.07200000000000001,0.07200000000000001,0.07200000000000001,0.07200000000000001,0.07200000000000001,0.07200000000000001,0.07200000000000001,0.07200000000000001,0.07200000000000001,0.07200000000000001,0.07200000000000001,0.07200000000000001,0.07200000000000001,0.07200000000000001,0.07200000000000001,0.07200000000000001,0.07200000000000001,0.07200000000000001,0.07200000000000001,0.07200000000000001,0.07200000000000001,0.07200000000000001,0.07200000000000001,0.07200000000000001,0.07200000000000001,0.07200000000000001,0.07200000000000001,0.07200000000000001,0.07200000000000001,0.07200000000000001,0.07200000000000001,0.07200000000000001,0.07200000000000001,0.07200000000000001,0.07200000000000001,0.07200000000000001,0.07200000000000001,0.07200000000000001,0.07200000000000001,0.07200000000000001,0.07200000000000001,0.07200000000000001,0.07200000000000001,0.07200000000000001,0.07200000000000001,0.07200000000000001,0.07200000000000001,0.07200000000000001,0.07200000000000001,0.07200000000000001,0.07200000000000001,0.07200000000000001,0.07200000000000001,0.07200000000000001,0.07200000000000001,0.07200000000000001,0.07200000000000001,0.07200000000000001,0.07200000000000001,0.07200000000000001,1.799995037964344
0.108,1.799994121819591,0.108,1.799987858489048,0.108,1.799989051545227,0.108,1.799981173378559,0.108,1.79998596768614,0.108,1.799991854179194,0.108,1.799982765364122,0.108,1.799989845639572,0.108,1.79999293318544,0.108,1.79999522599759,0.108,1.799998220174182,0.108,1.79999633664365,0.108,1.799996695673759,0.108,1.7999942808624,0.108,1.799995748260027,0.108,1.799997544892501,0.108,1.799994766074354,0.108,1.799996940852955,0.108,1.799997873738947,0.108,1.799999729694748,0.108,1.799999865308918,0.108,1.799999780732985,0.108,1.799999796578436,0.108,1.79999968669797,0.108,1.799999752884047,0.108,1.7999998354478,0.108,1.799999708400853,0.108,1.799999808325013,0.108,1.799999851445816,0.108,1.799999823810513,0.108,1.799999880045694,0.108,1.799999845914039,0.108,1.799999851539684,0.108,1.799999806908485,0.108,1.799999831871712,0.108,1.79999986855883,0.108,1.799999814277317,0.108,1.799999857677893,0.108,1.799999877196609,0.108,0.108,0.108,0.108,0.108,0.108,0.108,0.108,0.108,0.108,0.108,0.108,0.108,0.108,0.108,0.108,0.108,0.108,0.108,0.108,0.108,0.108,0.108,0.108,0.108,0.108,0.108,0.108,0.108,0.108,0.108,0.108,0.108,0.108,0.108,0.108,0.108,0.108,0.108,0.108,0.108,0.108,0.108,0.108,0.108,0.108,0.108,0.108,0.108,0.108,0.108,0.108,0.108,0.108,0.108,0.108,0.108,0.108,0.108,0.108,0.108,0.108,0.108,0.108,0.108,0.108,0.108,0.108,0.108,0.108,0.108,0.108,0.108,0.108,0.108,0.108,0.108,0.108,0.108,0.108,0.108,1.799984244833726
0.144,1.79998134531906,0.144,1.799962179208174,0.144,1.799965773033628,0.144,1.799942264068154,0.144,1.799956446817566,0.144,1.799974338911771,0.144,1.799946921632145,0.144,1.799968203072913,0.144,1.799977680062596,0.144,1.799984729277791,0.144,1.79999432515071,0.144,1.799988265107773,0.144,1.799989411273369,0.144,1.799981746615248,0.144,1.799986382851752,0.144,1.799992140678389,0.144,1.799983270154762,0.144,1.799990198886487,0.144,1.799993202356277,0.144,1.799999244241901,0.144,1.799999689016687,0.144,1.799999409870746,0.144,1.79999946319814,0.144,1.799999102593108,0.144,1.799999322265255,0.144,1.799999589380416,0.144,1.799999175620308,0.144,1.799999499799488,0.144,1.799999638719692,0.144,1.799999617483262,0.144,1.799999803666928,0.144,1.799999688023213,0.144,1.799999709104341,0.144,1.799999559538881,0.144,1.79999964802706,0.144,1.799999763035165,0.144,1.799999587777898,0.144,1.799999726033131,0.144,1.799999786079677,0.144,0.144,0.144,0.144,0.144,0.144,0.144,0.144,0.144,0.144,0.144,0.144,0.144,0.144,0.144,0.144,0.144,0.144,0.144,0.144,0.144,0.144,0.144,0.144,0.144,0.144,0.144,0.144,0.144,0.144,0.144,0.144,0.144,0.144,0.144,0.144,0.144,0.144,0.144,0.144,0.144,0.144,0.144,0.144,0.144,0.144,0.144,0.144,0.144,0.144,0.144,0.144,0.144,0.144,0.144,0.144,0.144,0.144,0.144,0.144,0.144,0.144,0.144,0.144,0.144,0.144,0.144,0.144,0.144,0.144,0.144,0.144,0.144,0.144,0.144,0.144,0.144,0.144,0.144,0.144,0.144,1.799951333228669
0.18,1.799942511246561,0.18,1.799887110971252,0.18,1.799897258328259,0.18,1.79983165248641,0.18,1.799870733473281,0.18,1.799921980912165,0.18,1.799844280852972,0.18,1.799904293462814,0.18,1.799931821104093,0.18,1.799952075301728,0.18,1.799981831040982,0.18,1.799962929381438,0.18,1.799966453954703,0.18,1.799943055966119,0.18,1.799957093410348,0.18,1.799974962363484,0.18,1.799947618857108,0.18,1.799968914758686,0.18,1.799978310645321,0.18,1.799997671003922,0.18,1.799999114622538,0.18,1.799998205618938,0.18,1.799998379686617,0.18,1.799997213423937,0.18,1.799997924846745,0.18,1.799998788502675,0.18,1.799997450236482,0.18,1.799998496833428,0.18,1.799998946197616,0.18,1.79999894902966,0.18,1.799999558358949,0.18,1.799999176989627,0.18,1.799999248319228,0.18,1.799998758140666,0.18,1.799999052451595,0.18,1.79999942254115,0.18,1.799998853801523,0.18,1.799999300416753,0.18,1.799999492554699,0.18,0.18,0.18,0.18,0.18,0.18,0.18,0.18,0.18,0.18,0.18,0.18,0.18,0.18,0.18,0.18,0.18,0.18,0.18,0.18,0.18,0.18,0.18,0.18,0.18,0.18,0.18,0.18,0.18,0.18,0.18,0.18,0.18,0.18,0.18,0.18,0.18,0.18,0.18,0.18,0.18,0.18,0.18,0.18,0.18,0.18,0.18,0.18,0.18,0.18,0.18,0.18,0.18,0.18,0.18,0.18,0.18,0.18,0.18,0.18,0.18,0.18,0.18,0.18,0.18,0.18,0.18,0.18,0.18,0.18,0.18,0.18,0.18,0.18,0.18,0.18,0.18,0.18,0.18,0.18,0.18,1.79985659083658
0.216,1.799831259278086,0.216,1.799682883098139,0.216,1.799709242538534,0.216,1.799540760435698,0.216,1.799639517726159,0.216,1.799775354716266,0.216,1.79957201803511,0.216,1.799728168744379,0.216,1.799802393424068,0.216,1.799855360456234,0.216,1.799943038892984,0.216,1.799886875111341,0.216,1.799897120299612,0.216,1.799829748071791,0.216,1.799869666710395,0.216,1.799922386838338,0.216,1.799842510939853,0.216,1.799904460656139,0.216,1.799932519830647,0.216,1.799992640437424,0.216,1.799997252766617,0.216,1.799994338938643,0.216,1.799994894108679,0.216,1.799991195386708,0.216,1.799993444947436,0.216,1.799996202485884,0.216,1.799991941154781,0.216,1.799995268109646,0.216,1.799996707565123,0.216,1.799996787530182,0.216,1.799998762226954,0.216,1.799997522024642,0.216,1.799997754817016,0.216,1.799996171613568,0.216,1.799997123955526,0.216,1.799998318015341,0.216,1.799996481657621,0.216,1.799997920939805,0.216,1.799998540622462,0.216,0.216,0.216,0.216,0.216,0.216,0.216,0.216,0.216,0.216,0.216,0.216,0.216,0.216,0.216,0.216,0.216,0.216,0.216,0.216,0.216,0.216,0.216,0.216,0.216,0.216,0.216,0.216,0.216,0.216,0.216,0.216,0.216,0.216,0.216,0.216,0.216,0.216,0.216,0.216,0.216,0.216,0.216,0.216,0.216,0.216,0.216,0.216,0.216,0.216,0.216,0.216,0.216,0.216,0.216,0.216,0.216,0.216,0.216,0.216,0.216,0.216,0.216,0.216,0.216,0.216,0.216,0.216,0.216,0.216,0.216,0.216,0.216,0.216,0.216,0.216,0.216,0.216,0.216,0.216,0.216,1.799603683817588
0.252,1.799536075228877,0.252,1.79917143652476,0.252,1.799234058597242,0.252,1.798836747392648,0.252,1.799065530463716,0.252,1.799396428927316,0.252,1.798907487291463,0.252,1.799281010613537,0.252,1.799464950540452,0.252,1.799587798340829,0.252,1.799828539090429,0.252,1.799672720625314,0.252,1.799700295204731,0.252,1.799520744748364,0.252,1.799625348454113,0.252,1.799770357767031,0.252,1.799553442477586,0.252,1.799720804476775,0.252,1.799799216227941,0.252,1.799976944800987,0.252,1.799991302343779,0.252,1.799982188891396,0.252,1.799983906546917,0.252,1.799972535116085,0.252,1.799979408092286,0.252,1.799987995890133,0.252,1.799974794835567,0.252,1.799985076822854,0.252,1.799989587742833,0.252,1.7999898765644,0.252,1.799996185020326,0.252,1.799992211097895,0.252,1.79999295292394,0.252,1.799987931974006,0.252,1.799990941557118,0.252,1.799994755218456,0.252,1.799988906550166,0.252,1.799993483795369,0.252,1.799995468052815,0.252,0.252,0.252,0.252,0.252,0.252,0.252,0.252,0.252,0.252,0.252,0.252,0.252,0.252,0.252,0.252,0.252,0.252,0.252,0.252,0.252,0.252,0.252,0.252,0.252,0.252,0.252,0.252,0.252,0.252,0.252,0.252,0.252,0.252,0.252,0.252,0.252,0.252,0.252,0.252,0.252,0.252,0.252,0.252,0.252,0.252,0.252,0.252,0.252,0.252,0.252,0.252,0.252,0.252,0.252,0.252,0.252,0.252,0.252,0.252,0.252,0.252,0.252,0.252,0.252,0.252,0.252,0.252,0.252,0.252,0.252,0.252,0.252,0.252,0.252,0.252,0.252,0.252,0.252,0.252,0.252,1.798982512075305
0.288,1.798815597970809,0.288,1.797988769924002,0.288,1.798126131446184,0.288,1.797256795537302,0.288,1.797748298644368,0.288,1.798494727819468,0.288,1.797404980249371,0.288,1.798234205854604,0.288,1.798655318671732,0.288,1.798905082002584,0.288,1.79951329569035,0.288,1.799115523663542,0.288,1.799183402235697,0.288,1.798744229525963,0.288,1.79899499983625,0.288,1.799362320899146,0.288,1.798820490780711,0.288,1.799236414429666,0.288,1.799438483683523,0.288,1.799929886390118,0.288,1.79997276469202,0.288,1.799945355826362,0.288,1.799950431599969,0.288,1.799917112385402,0.288,1.799937050903067,0.288,1.79996272259048,0.288,1.799923582540087,0.288,1.799953960189495,0.288,1.799967579496953,0.288,1.799968261038038,0.288,1.799987940822183,0.288,1.799975492147989,0.288,1.799977788249644,0.288,1.799962315409925,0.288,1.799971521672962,0.288,1.799983435111194,0.288,1.799965265500837,0.288,1.799979457289031,0.288,1.799985689480432,0.288,0.288,0.288,0.288,0.288,0.288,0.288,0.288,0.288,0.288,0.288,0.288,0.288,0.288,0.288,0.288,0.288,0.288,0.288,0.288,0.288,0.288,0.288,0.288,0.288,0.288,0.288,0.288,0.288,0.288,0.288,0.288,0.288,0.288,0.288,0.288,0.288,0.288,0.288,0.288,0.288,0.288,0.288,0.288,0.288,0.288,0.288,0.288,0.288,0.288,0.288,0.288,0.288,0.288,0.288,0.288,0.288,0.288,0.288,0.288,0.288,0.288,0.288,0.288,0.288,0.288,0.288,0.288,0.288,0.288,0.288,0.288,0.288,0.288,0.288,0.288,0.288,0.288,0.288,0.288,0.288,1.797570398847164
0.3240000000000001,1.797187223671621,0.3240000000000001,1.795440201909853,0.3240000000000001,1.795720567264318,0.3240000000000001,1.793947391422354,0.3240000000000001,1.79492902823703,0.3240000000000001,1.796501445144635,0.3240000000000001,1.794234374975849,0.3240000000000001,1.795953346088817,0.3240000000000001,1.796852920098459,0.3240000000000001,1.797296576304797,0.3240000000000001,1.79871319456589,0.3240000000000001,1.797779056241521,0.3240000000000001,1.797932530850044,0.3240000000000001,1.796939767394076,0.3240000000000001,1.797494523872065,0.3240000000000001,1.798353680814002,0.3240000000000001,1.797103306393441,0.3240000000000001,1.79805946552466,0.3240000000000001,1.798539429251478,0.3240000000000001,1.799796797132254,0.3240000000000001,1.799917344206265,0.3240000000000001,1.79983956120424,0.3240000000000001,1.799853602947836,0.3240000000000001,1.799762354854089,0.3240000000000001,1.799816190129095,0.3240000000000001,1.799888457479478,0.3240000000000001,1.799779502166222,0.3240000000000001,1.799863664747289,0.3240000000000001,1.799902541796697,0.3240000000000001,1.799903073677196,0.3240000000000001,1.799962164414184,0.3240000000000001,1.799924553737125,0.3240000000000001,1.799931358343401,0.3240000000000001,1.799885761465444,0.3240000000000001,1.799912577435679,0.3240000000000001,1.799948430298914,0.3240000000000001,1.799894214953104,0.3240000000000001,1.799936436668257,0.3240000000000001,1.799955359756621,0.3240000000000001,0.3240000000000001,0.3240000000000001,0.3240000000000001,0.3240000000000001,0.3240000000000001,0.3240000000000001,0.3240000000000001,0.3240000000000001,0.3240000000000001,0.3240000000000001,0.3240000000000001,0.3240000000000001,0.3240000000000001,0.3240000000000001,0.3240000000000001,0.3240000000000001,0.3240000000000001,0.3240000000000001,0.3240000000000001,0.3240000000000001,0.3240000000000001,0.3240000000000001,0.3240000000000001,0.3240000000000001,0.3240000000000001,0.3240000000000001,0.3240000000000001,0.3240000000000001,0.3240000000000001,0.3240000000000001,0.3240000000000001,0.3240000000000001,0.3240000000000001,0.3240000000000001,0.3240000000000001,0.3240000000000001,0.3240000000000001,0.3240000000000001,0.3240000000000001,0.3240000000000001,0.3240000000000001,0.3240000000000001,0.3240000000000001,0.3240000000000001,0.3240000000000001,0.3240000000000001,0.3240000000000001,0.3240000000000001,0.3240000000000001,0.3240000000000001,0.3240000000000001,0.3240000000000001,0.3240000000000001,0.3240000000000001,0.3240000000000001,0.3240000000000001,0.3240000000000001,0.3240000000000001,0.3240000000000001,0.3240000000000001,0.3240000000000001,0.3240000000000001,0.3240000000000001,0.3240000000000001,0.3240000000000001,0.3240000000000001,0.3240000000000001,0.3240000000000001,0.3240000000000001,0.3240000000000001,0.3240000000000001,0.3240000000000001,0.3240000000000001,0.3240000000000001,0.3240000000000001,0.3240000000000001,0.3240000000000001,0.3240000000000001,0.3240000000000001,0.3240000000000001,1.794575102903569
0.3600000000000001,1.793753746372684,0.3600000000000001,1.790328783401819,0.3600000000000001,1.790854842229283,0.3600000000000001,1.78752678011944,0.3600000000000001,1.789317750942373,0.3600000000000001,1.792391321280983,0.3600000000000001,1.788027859098064,0.3600000000000001,1.791322338200551,0.3600000000000001,1.793109924062718,0.3600000000000001,1.793763082193354,0.3600000000000001,1.79683721600604,0.3600000000000001,1.794797221090776,0.3600000000000001,1.795119628860627,0.3600000000000001,1.793024970827715,0.3600000000000001,1.794167577353366,0.3600000000000001,1.796043581218819,0.3600000000000001,1.793349477688449,0.3600000000000001,1.795404052640028,0.3600000000000001,1.796466052676364,0.3600000000000001,1.799447487087451,0.3600000000000001,1.799761283230112,0.3600000000000001,1.799556673859338,0.3600000000000001,1.799592426059014,0.3600000000000001,1.799362142057508,0.3600000000000001,1.799495606228178,0.3600000000000001,1.799684073867311,0.3600000000000001,1.799403654470931,0.3600000000000001,1.799619125376023,0.3600000000000001,1.799722207848555,0.3600000000000001,1.799716841647464,0.3600000000000001,1.79988454670854,0.3600000000000001,1.799776908221356,0.3600000000000001,1.799795844410193,0.3600000000000001,1.799669752093552,0.3600000000000001,1.799742683218404,0.3600000000000001,1.799844753172439,0.3600000000000001,1.799692207323573,0.3600000000000001,1.799810534906988,0.3600000000000001,1.799865096918611,0.3600000000000001,0.3600000000000001,0.3600000000000001,0.3600000000000001,0.3600000000000001,0.3600000000000001,0.3600000000000001,0.3600000000000001,0.3600000000000001,0.3600000000000001,0.3600000000000001,0.3600000000000001,0.3600000000000001,0.3600000000000001,0.3600000000000001,0.3600000000000001,0.3600000000000001,0.3600000000000001,0.3600000000000001,0.3600000000000001,0.3600000000000001,0.3600000000000001,0.3600000000000001,0.3600000000000001,0.3600000000000001,0.3600000000000001,0.3600000000000001,0.3600000000000001,0.3600000000000001,0.3600000000000001,0.3600000000000001,0.3600000000000001,0.3600000000000001,0.3600000000000001,0.3600000000000001,0.3600000000000001,0.3600000000000001,0.3600000000000001,0.3600000000000001,0.3600000000000001,0.3600000000000001,0.3600000000000001,0.3600000000000001,0.3600000000000001,0.3600000000000001,0.3600000000000001,0.3600000000000001,0.3600000000000001,0.3600000000000001,0.3600000000000001,0.3600000000000001,0.3600000000000001,0.3600000000000001,0.3600000000000001,0.3600000000000001,0.3600000000000001,0.3600000000000001,0.3600000000000001,0.3600000000000001,0.3600000000000001,0.3600000000000001,0.3600000000000001,0.3600000000000001,0.3600000000000001,0.3600000000000001,0.3600000000000001,0.3600000000000001,0.3600000000000001,0.3600000000000001,0.3600000000000001,0.3600000000000001,0.3600000000000001,0.3600000000000001,0.3600000000000001,0.3600000000000001,0.3600000000000001,0.3600000000000001,0.3600000000000001,0.3600000000000001,0.3600000000000001,0.3600000000000001,1.788676056059209
0.3960000000000001,1.787039169994183,0.3960000000000001,1.780916780624469,0.3960000000000001,1.781802691245476,0.3960000000000001,1.776156922716295,0.3960000000000001,1.779076682178556,0.3960000000000001,1.784565757266245,0.3960000000000001,1.776920771905546,0.3960000000000001,1.782668295049969,0.3960000000000001,1.785923159355894,0.3960000000000001,1.786508781614624,0.3960000000000001,1.792733737008279,0.3960000000000001,1.788575867095966,0.3960000000000001,1.789203037789162,0.3960000000000001,1.785098230686233,0.3960000000000001,1.787267933970791,0.3960000000000001,1.791098583056211,0.3960000000000001,1.785682819373766,0.3960000000000001,1.789801697347704,0.3960000000000001,1.792000828140452,0.3960000000000001,1.798601515348935,0.3960000000000001,1.799353853737008,0.3960000000000001,1.798858700003843,0.3960000000000001,1.798942161055653,0.3960000000000001,1.798406720175894,0.3960000000000001,1.79871094906474,0.3960000000000001,1.79916415021598,0.3960000000000001,1.7984987962168,0.3960000000000001,1.799007729342962,0.3960000000000001,1.799259659602793,0.3960000000000001,1.799220898860269,0.3960000000000001,1.799663422166984,0.3960000000000001,1.799376717851443,0.3960000000000001,1.799425340571172,0.3960000000000001,1.799102853025144,0.3960000000000001,1.799285387995378,0.3960000000000001,1.799555863941897,0.3960000000000001,1.799157320385912,0.3960000000000001,1.799465113561239,0.3960000000000001,1.79961194167726,0.3960000000000001,0.3960000000000001,0.3960000000000001,0.3960000000000001,0.3960000000000001,0.3960000000000001,0.3960000000000001,0.3960000000000001,0.3960000000000001,0.3960000000000001,0.3960000000000001,0.3960000000000001,0.3960000000000001,0.3960000000000001,0.3960000000000001,0.3960000000000001,0.3960000000000001,0.3960000000000001,0.3960000000000001,0.3960000000000001,0.3960000000000001,0.3960000000000001,0.3960000000000001,0.3960000000000001,0.3960000000000001,0.3960000000000001,0.3960000000000001,0.3960000000000001,0.3960000000000001,0.3960000000000001,0.3960000000000001,0.3960000000000001,0.3960000000000001,0.3960000000000001,0.3960000000000001,0.3960000000000001,0.3960000000000001,0.3960000000000001,0.3960000000000001,0.3960000000000001,0.3960000000000001,0.3960000000000001,0.3960000000000001,0.3960000000000001,0.3960000000000001,0.3960000000000001,0.3960000000000001,0.3960000000000001,0.3960000000000001,0.3960000000000001,0.3960000000000001,0.3960000000000001,0.3960000000000001,0.3960000000000001,0.3960000000000001,0.3960000000000001,0.3960000000000001,0.3960000000000001,0.3960000000000001,0.3960000000000001,0.3960000000000001,0.3960000000000001,0.3960000000000001,0.3960000000000001,0.3960000000000001,0.3960000000000001,0.3960000000000001,0.3960000000000001,0.3960000000000001,0.3960000000000001,0.3960000000000001,0.3960000000000001,0.3960000000000001,0.3960000000000001,0.3960000000000001,0.3960000000000001,0.3960000000000001,0.3960000000000001,0.3960000000000001,0.3960000000000001,0.3960000000000001,1.778044861682048
0.4320000000000002,1.775030122018778,0.4320000000000002,1.765166235010192,0.4320000000000002,1.766485883964748,0.4320000000000002,1.757864118849571,0.4320000000000002,1.76208408795172,0.4320000000000002,1.77098993031229,0.4320000000000002,1.758856261741505,0.4320000000000002,1.767959462818623,0.4320000000000002,1.773342341564753,0.4320000000000002,1.7727268253113,0.4320000000000002,1.784346354931208,0.4320000000000002,1.776531053045663,0.4320000000000002,1.777636235011415,0.4320000000000002,1.770285329754403,0.4320000000000002,1.773997502345796,0.4320000000000002,1.781234028200344,0.4320000000000002,1.771204048401895,0.4320000000000002,1.778812868386286,0.4320000000000002,1.783035173668039,0.4320000000000002,1.796698454041238,0.4320000000000002,1.798372340913563,0.4320000000000002,1.797262787130768,0.4320000000000002,1.797443147867618,0.4320000000000002,1.796284576582032,0.4320000000000002,1.796929020041635,0.4320000000000002,1.797942079623863,0.4320000000000002,1.796473660915306,0.4320000000000002,1.797593203366377,0.4320000000000002,1.798164262827613,0.4320000000000002,1.79799783861915,0.4320000000000002,1.799076687124183,0.4320000000000002,1.798371955922442,0.4320000000000002,1.798486513230295,0.4320000000000002,1.797724906657174,0.4320000000000002,1.798145193884988,0.4320000000000002,1.798808599485873,0.4320000000000002,1.797845564400696,0.4320000000000002,1.798586675004824,0.4320000000000002,1.798952334617399,0.4320000000000002,0.4320000000000002,0.4320000000000002,0.4320000000000002,0.4320000000000002,0.4320000000000002,0.4320000000000002,0.4320000000000002,0.4320000000000002,0.4320000000000002,0.4320000000000002,0.4320000000000002,0.4320000000000002,0.4320000000000002,0.4320000000000002,0.4320000000000002,0.4320000000000002,0.4320000000000002,0.4320000000000002,0.4320000000000002,0.4320000000000002,0.4320000000000002,0.4320000000000002,0.4320000000000002,0.4320000000000002,0.4320000000000002,0.4320000000000002,0.4320000000000002,0.4320000000000002,0.4320000000000002,0.4320000000000002,0.4320000000000002,0.4320000000000002,0.4320000000000002,0.4320000000000002,0.4320000000000002,0.4320000000000002,0.4320000000000002,0.4320000000000002,0.4320000000000002,0.4320000000000002,0.4320000000000002,0.4320000000000002,0.4320000000000002,0.4320000000000002,0.4320000000000002,0.4320000000000002,0.4320000000000002,0.4320000000000002,0.4320000000000002,0.4320000000000002,0.4320000000000002,0.4320000000000002,0.4320000000000002,0.4320000000000002,0.4320000000000002,0.4320000000000002,0.4320000000000002,0.4320000000000002,0.4320000000000002,0.4320000000000002,0.4320000000000002,0.4320000000000002,0.4320000000000002,0.4320000000000002,0.4320000000000002,0.4320000000000002,0.4320000000000002,0.4320000000000002,0.4320000000000002,0.4320000000000002,0.4320000000000002,0.4320000000000002,0.4320000000000002,0.4320000000000002,0.4320000000000002,0.4320000000000002,0.4320000000000002,0.4320000000000002,0.4320000000000002,0.4320000000000002,1.760636786196189
0.4680000000000002,1.755488270397423,0.4680000000000002,1.741072519060136,0.4680000000000002,1.742814819077789,0.4680000000000002,1.730792959512376,0.4680000000000002,1.736242756102643,0.4680000000000002,1.749539676763034,0.4680000000000002,1.731856505372351,0.4680000000000002,1.7451526776901,0.4680000000000002,1.753313203568789,0.4680000000000002,1.748676911246174,0.4680000000000002,1.768476481063188,0.4680000000000002,1.755100534128492,0.4680000000000002,1.756826536470016,0.4680000000000002,1.744884641128268,0.4680000000000002,1.750516444862901,0.4680000000000002,1.763090377618918,0.4680000000000002,1.746080693097245,0.4680000000000002,1.758983664007487,0.4680000000000002,1.766434957817448,0.4680000000000002,1.792695299296337,0.4680000000000002,1.796174798676784,0.4680000000000002,1.793853411025279,0.4680000000000002,1.794216044803409,0.4680000000000002,1.79187739878853,0.4680000000000002,1.793145425473416,0.4680000000000002,1.795264983329557,0.4680000000000002,1.792234868679855,0.4680000000000002,1.794538422145253,0.4680000000000002,1.79574936242951,0.4680000000000002,1.795188006520529,0.4680000000000002,1.797634637293794,0.4680000000000002,1.796027275191604,0.4680000000000002,1.796277008015679,0.4680000000000002,1.794599918835992,0.4680000000000002,1.795499199377851,0.4680000000000002,1.797016664049186,0.4680000000000002,1.794846153666658,0.4680000000000002,1.796513116128605,0.4680000000000002,1.797360334319081,0.4680000000000002,0.4680000000000002,0.4680000000000002,0.4680000000000002,0.4680000000000002,0.4680000000000002,0.4680000000000002,0.4680000000000002,0.4680000000000002,0.4680000000000002,0.4680000000000002,0.4680000000000002,0.4680000000000002,0.4680000000000002,0.4680000000000002,0.4680000000000002,0.4680000000000002,0.4680000000000002,0.4680000000000002,0.4680000000000002,0.4680000000000002,0.4680000000000002,0.4680000000000002,0.4680000000000002,0.4680000000000002,0.4680000000000002,0.4680000000000002,0.4680000000000002,0.4680000000000002,0.4680000000000002,0.4680000000000002,0.4680000000000002,0.4680000000000002,0.4680000000000002,0.4680000000000002,0.4680000000000002,0.4680000000000002,0.4680000000000002,0.4680000000000002,0.4680000000000002,0.4680000000000002,0.4680000000000002,0.4680000000000002,0.4680000000000002,0.4680000000000002,0.4680000000000002,0.4680000000000002,0.4680000000000002,0.4680000000000002,0.4680000000000002,0.4680000000000002,0.4680000000000002,0.4680000000000002,0.4680000000000002,0.4680000000000002,0.4680000000000002,0.4680000000000002,0.4680000000000002,0.4680000000000002,0.4680000000000002,0.4680000000000002,0.4680000000000002,0.4680000000000002,0.4680000000000002,0.4680000000000002,0.4680000000000002,0.4680000000000002,0.4680000000000002,0.4680000000000002,0.4680000000000002,0.4680000000000002,0.4680000000000002,0.4680000000000002,0.4680000000000002,0.4680000000000002,0.4680000000000002,0.4680000000000002,0.4680000000000002,0.4680000000000002,0.4680000000000002,0.4680000000000002,1.734482711540777
0.5040000000000002,1.726202141873286,0.5040000000000002,1.706674720352854,0.5040000000000002,1.708730350827641,0.5040000000000002,1.693041883705391,0.5040000000000002,1.699400877358065,0.5040000000000002,1.718160447944918,0.5040000000000002,1.693869799861748,0.5040000000000002,1.712275771055889,0.5040000000000002,1.723893207923693,0.5040000000000002,1.709715613027381,0.5040000000000002,1.740807660993142,0.5040000000000002,1.719860058327204,0.5040000000000002,1.722224667504336,0.5040000000000002,1.704378336193511,0.5040000000000002,1.711933556757479,0.5040000000000002,1.732343537090385,0.5040000000000002,1.70551750734557,0.5040000000000002,1.725981502559601,0.5040000000000002,1.738187149645302,0.5040000000000002,1.784866759486754,0.5040000000000002,1.791574144001858,0.5040000000000002,1.787066035934371,0.5040000000000002,1.78773462212248,0.5040000000000002,1.783389426981855,0.5040000000000002,1.785663674369416,0.5040000000000002,1.789785456470357,0.5040000000000002,1.783993410822157,0.5040000000000002,1.78838250506747,0.5040000000000002,1.790774630409445,0.5040000000000002,1.789125145675112,0.5040000000000002,1.794329569507751,0.5040000000000002,1.79089571384407,0.5040000000000002,1.791402383769981,0.5040000000000002,1.787942725143839,0.5040000000000002,1.789732571650271,0.5040000000000002,1.792998375250711,0.5040000000000002,1.78840185297059,0.5040000000000002,1.791928234662977,0.5040000000000002,1.793772550134983,0.5040000000000002,0.5040000000000002,0.5040000000000002,0.5040000000000002,0.5040000000000002,0.5040000000000002,0.5040000000000002,0.5040000000000002,0.5040000000000002,0.5040000000000002,0.5040000000000002,0.5040000000000002,0.5040000000000002,0.5040000000000002,0.5040000000000002,0.5040000000000002,0.5040000000000002,0.5040000000000002,0.5040000000000002,0.5040000000000002,0.5040000000000002,0.5040000000000002,0.5040000000000002,0.5040000000000002,0.5040000000000002,0.5040000000000002,0.5040000000000002,0.5040000000000002,0.5040000000000002,0.5040000000000002,0.5040000000000002,0.5040000000000002,0.5040000000000002,0.5040000000000002,0.5040000000000002,0.5040000000000002,0.5040000000000002,0.5040000000000002,0.5040000000000002,0.5040000000000002,0.5040000000000002,0.5040000000000002,0.5040000000000002,0.5040000000000002,0.5040000000000002,0.5040000000000002,0.5040000000000002,0.5040000000000002,0.5040000000000002,0.5040000000000002,0.5040000000000002,0.5040000000000002,0.5040000000000002,0.5040000000000002,0.5040000000000002,0.5040000000000002,0.5040000000000002,0.5040000000000002,0.5040000000000002,0.5040000000000002,0.5040000000000002,0.5040000000000002,0.5040000000000002,0.5040000000000002,0.5040000000000002,0.5040000000000002,0.5040000000000002,0.5040000000000002,0.5040000000000002,0.5040000000000002,0.5040000000000002,0.5040000000000002,0.5040000000000002,0.5040000000000002,0.5040000000000002,0.5040000000000002,0.5040000000000002,0.5040000000000002,0.5040000000000002,0.5040000000000002,0.5040000000000002,1.697583209564382
0.5400000000000003,1.68473541908062,0.5400000000000003,1.659517230548647,0.5400000000000003,1.661668708771767,0.5400000000000003,1.64197456388421,0.5400000000000003,1.648642438244961,0.5400000000000003,1.674490999146496,0.5400000000000003,1.642027643912497,0.5400000000000003,1.666970764156371,0.5400000000000003,1.68299033256973,0.5400000000000003,1.649058478381676,0.5400000000000003,1.695635558149961,0.5400000000000003,1.664738494496226,0.5400000000000003,1.667534507078825,0.5400000000000003,1.642101343356384,0.5400000000000003,1.650966701325355,0.5400000000000003,1.683291702066247,0.5400000000000003,1.642267223473509,0.5400000000000003,1.674028123684224,0.5400000000000003,1.693246195074222,0.5400000000000003,1.770808483741871,0.5400000000000003,1.782624832898785,0.5400000000000003,1.774626900281319,0.5400000000000003,1.775730445062764,0.5400000000000003,1.768410809859509,0.5400000000000003,1.772050746712555,0.5400000000000003,1.779408914938786,0.5400000000000003,1.769287607908975,0.5400000000000003,1.776939039191527,0.5400000000000003,1.781284875842537,0.5400000000000003,1.776858620549572,0.5400000000000003,1.787207943277626,0.5400000000000003,1.780352231995447,0.5400000000000003,1.78129572625698,0.5400000000000003,1.774673323099296,0.5400000000000003,1.777926857509269,0.5400000000000003,1.784527444023794,0.5400000000000003,1.775422709969671,0.5400000000000003,1.782404661900919,0.5400000000000003,1.78617726630369,0.5400000000000003,0.5400000000000003,0.5400000000000003,0.5400000000000003,0.5400000000000003,0.5400000000000003,0.5400000000000003,0.5400000000000003,0.5400000000000003,0.5400000000000003,0.5400000000000003,0.5400000000000003,0.5400000000000003,0.5400000000000003,0.5400000000000003,0.5400000000000003,0.5400000000000003,0.5400000000000003,0.5400000000000003,0.5400000000000003,0.5400000000000003,0.5400000000000003,0.5400000000000003,0.5400000000000003,0.5400000000000003,0.5400000000000003,0.5400000000000003,0.5400000000000003,0.5400000000000003,0.5400000000000003,0.5400000000000003,0.5400000000000003,0.5400000000000003,0.5400000000000003,0.5400000000000003,0.5400000000000003,0.5400000000000003,0.5400000000000003,0.5400000000000003,0.5400000000000003,0.5400000000000003,0.5400000000000003,0.5400000000000003,0.5400000000000003,0.5400000000000003,0.5400000000000003,0.5400000000000003,0.5400000000000003,0.5400000000000003,0.5400000000000003,0.5400000000000003,0.5400000000000003,0.5400000000000003,0.5400000000000003,0.5400000000000003,0.5400000000000003,0.5400000000000003,0.5400000000000003,0.5400000000000003,0.5400000000000003,0.5400000000000003,0.5400000000000003,0.5400000000000003,0.5400000000000003,0.5400000000000003,0.5400000000000003,0.5400000000000003,0.5400000000000003,0.5400000000000003,0.5400000000000003,0.5400000000000003,0.5400000000000003,0.5400000000000003,0.5400000000000003,0.5400000000000003,0.5400000000000003,0.5400000000000003,0.5400000000000003,0.5400000000000003,0.5400000000000003,0.5400000000000003,1.647233350628157
0.5760000000000003,1.627394414161041,0.5760000000000003,1.595353029286066,0.5760000000000003,1.597192733825649,0.5760000000000003,1.572696840051926,0.5760000000000003,1.578517335623177,0.5760000000000003,1.614754069150961,0.5760000000000003,1.570893657884678,0.5760000000000003,1.605320996203959,0.5760000000000003,1.627497089171307,0.5760000000000003,1.550913633524878,0.5760000000000003,1.623314623089775,0.5760000000000003,1.577693493596247,0.5760000000000003,1.580175246642299,0.5760000000000003,1.542338727810822,0.5760000000000003,1.550021789051254,0.5760000000000003,1.605788381236677,0.5760000000000003,1.538364408450196,0.5760000000000003,1.592355498681326,0.5760000000000003,1.623524675938532,0.5760000000000003,1.747680109938129,0.5760000000000003,1.766629584465473,0.5760000000000003,1.753762978713666,0.5760000000000003,1.755369266776323,0.5760000000000003,1.744187727752353,0.5760000000000003,1.749343926817662,0.5760000000000003,1.76140499866674,0.5760000000000003,1.74522796686737,0.5760000000000003,1.757469448459863,0.5760000000000003,1.76470441645274,0.5760000000000003,1.75372052802985,0.5760000000000003,1.772797549590441,0.5760000000000003,1.760142052302581,0.5760000000000003,1.761710485900936,0.5760000000000003,1.750065257575273,0.5760000000000003,1.755334163879253,0.5760000000000003,1.767813125161749,0.5760000000000003,1.751041728082582,0.5760000000000003,1.763929491228293,0.5760000000000003,1.77113806126404,0.5760000000000003,0.5760000000000003,0.5760000000000003,0.5760000000000003,0.5760000000000003,0.5760000000000003,0.5760000000000003,0.5760000000000003,0.5760000000000003,0.5760000000000003,0.5760000000000003,0.5760000000000003,0.5760000000000003,0.5760000000000003,0.5760000000000003,0.5760000000000003,0.5760000000000003,0.5760000000000003,0.5760000000000003,0.5760000000000003,0.5760000000000003,0.5760000000000003,0.5760000000000003,0.5760000000000003,0.5760000000000003,0.5760000000000003,0.5760000000000003,0.5760000000000003,0.5760000000000003,0.5760000000000003,0.5760000000000003,0.5760000000000003,0.5760000000000003,0.5760000000000003,0.5760000000000003,0.5760000000000003,0.5760000000000003,0.5760000000000003,0.5760000000000003,0.5760000000000003,0.5760000000000003,0.5760000000000003,0.5760000000000003,0.5760000000000003,0.5760000000000003,0.5760000000000003,0.5760000000000003,0.5760000000000003,0.5760000000000003,0.5760000000000003,0.5760000000000003,0.5760000000000003,0.5760000000000003,0.5760000000000003,0.5760000000000003,0.5760000000000003,0.5760000000000003,0.5760000000000003,0.5760000000000003,0.5760000000000003,0.5760000000000003,0.5760000000000003,0.5760000000000003,0.5760000000000003,0.5760000000000003,0.5760000000000003,0.5760000000000003,0.5760000000000003,0.5760000000000003,0.5760000000000003,0.5760000000000003,0.5760000000000003,0.5760000000000003,0.5760000000000003,0.5760000000000003,0.5760000000000003,0.5760000000000003,0.5760000000000003,0.5760000000000003,0.5760000000000003,0.5760000000000003,1.578449752203122
0.6120000000000003,1.546463880401268,0.6120000000000003,1.504562666899827,0.6120000000000003,1.50508599086226,0.6120000000000003,1.47345299152305,0.6120000000000003,1.475258706721698,0.6120000000000003,1.530855450013697,0.6120000000000003,1.466767914701633,0.6120000000000003,1.518757887622516,0.6120000000000003,1.551250749850628,0.6120000000000003,1.324392422621624,0.6120000000000003,1.493202316609408,0.6120000000000003,1.406684281045422,0.6120000000000003,1.402598528664171,0.6120000000000003,1.315953402056924,0.6120000000000003,1.281194948711042,0.6120000000000003,1.464791665493613,0.6120000000000003,1.259794366488738,0.6120000000000003,1.440671186456838,0.6120000000000003,1.506720163734968,0.6120000000000003,1.712255265317151,0.6120000000000003,1.740346650939276,0.6120000000000003,1.721357742717721,0.6120000000000003,1.723409831197249,0.6120000000000003,1.707626002642341,0.6120000000000003,1.714097899710379,0.6120000000000003,1.732629478712777,0.6120000000000003,1.708491241890244,0.6120000000000003,1.726884223697206,0.6120000000000003,1.738099766988371,0.6120000000000003,1.71260765080141,0.6120000000000003,1.745473152458412,0.6120000000000003,1.723830837317226,0.6120000000000003,1.726088664230166,0.6120000000000003,1.70706776215349,0.6120000000000003,1.714501313254646,0.6120000000000003,1.736958495259016,0.6120000000000003,1.70776488022147,0.6120000000000003,1.730397333867821,0.6120000000000003,1.743380836531162,0.6120000000000003,0.6120000000000003,0.6120000000000003,0.6120000000000003,0.6120000000000003,0.6120000000000003,0.6120000000000003,0.6120000000000003,0.6120000000000003,0.6120000000000003,0.6120000000000003,0.6120000000000003,0.6120000000000003,0.6120000000000003,0.6120000000000003,0.6120000000000003,0.6120000000000003,0.6120000000000003,0.6120000000000003,0.6120000000000003,0.6120000000000003,0.6120000000000003,0.6120000000000003,0.6120000000000003,0.6120000000000003,0.6120000000000003,0.6120000000000003,0.6120000000000003,0.6120000000000003,0.6120000000000003,0.6120000000000003,0.6120000000000003,0.6120000000000003,0.6120000000000003,0.6120000000000003,0.6120000000000003,0.6120000000000003,0.6120000000000003,0.6120000000000003,0.6120000000000003,0.6120000000000003,0.6120000000000003,0.6120000000000003,0.6120000000000003,0.6120000000000003,0.6120000000000003,0.6120000000000003,0.6120000000000003,0.6120000000000003,0.6120000000000003,0.6120000000000003,0.6120000000000003,0.6120000000000003,0.6120000000000003,0.6120000000000003,0.6120000000000003,0.6120000000000003,0.6120000000000003,0.6120000000000003,0.6120000000000003,0.6120000000000003,0.6120000000000003,0.6120000000000003,0.6120000000000003,0.6120000000000003,0.6120000000000003,0.6120000000000003,0.6120000000000003,0.6120000000000003,0.6120000000000003,0.6120000000000003,0.6120000000000003,0.6120000000000003,0.6120000000000003,0.6120000000000003,0.6120000000000003,0.6120000000000003,0.6120000000000003,0.6120000000000003,0.6120000000000003,0.6120000000000003,1.479152933789618
0.6480000000000004,1.417064211510124,0.6480000000000004,1.351245241572734,0.6480000000000004,1.344865385833606,0.6480000000000004,1.29235194653387,0.6480000000000004,1.264365522978941,0.6480000000000004,1.396045600616828,0.6480000000000004,1.257228755377816,0.6480000000000004,1.377968733894118,0.6480000000000004,1.437842639955469,0.6480000000000004,0.4462051178384154,0.6480000000000004,0.9116252420030891,0.6480000000000004,0.6309367114401941,0.6480000000000004,0.5885561411377004,0.6480000000000004,0.4543982143855368,0.6480000000000004,0.3759652413962601,0.6480000000000004,0.8281627056801293,0.6480000000000004,0.3715932531263875,0.6480000000000004,0.7507537490249517,0.6480000000000004,1.118718580652991,0.6480000000000004,1.660037155105131,0.6480000000000004,1.699823584452434,0.6480000000000004,1.673359754595172,0.6480000000000004,1.675615719483917,0.6480000000000004,1.654353618801986,0.6480000000000004,1.661435606222913,0.6480000000000004,1.689212068072666,0.6480000000000004,1.654281304431065,0.6480000000000004,1.681305142361027,0.6480000000000004,1.698056984866227,0.6480000000000004,1.63964502673534,0.6480000000000004,1.695911118744867,0.6480000000000004,1.659913435501916,0.6480000000000004,1.662492779963503,0.6480000000000004,1.63187857811682,0.6480000000000004,1.640261809780711,0.6480000000000004,1.682218385898521,0.6480000000000004,1.630169939777388,0.6480000000000004,1.671300878073417,0.6480000000000004,1.694734623688322,0.6480000000000004,0.6480000000000004,0.6480000000000004,0.6480000000000004,0.6480000000000004,0.6480000000000004,0.6480000000000004,0.6480000000000004,0.6480000000000004,0.6480000000000004,0.6480000000000004,0.6480000000000004,0.6480000000000004,0.6480000000000004,0.6480000000000004,0.6480000000000004,0.6480000000000004,0.6480000000000004,0.6480000000000004,0.6480000000000004,0.6480000000000004,0.6480000000000004,0.6480000000000004,0.6480000000000004,0.6480000000000004,0.6480000000000004,0.6480000000000004,0.6480000000000004,0.6480000000000004,0.6480000000000004,0.6480000000000004,0.6480000000000004,0.6480000000000004,0.6480000000000004,0.6480000000000004,0.6480000000000004,0.6480000000000004,0.6480000000000004,0.6480000000000004,0.6480000000000004,0.6480000000000004,0.6480000000000004,0.6480000000000004,0.6480000000000004,0.6480000000000004,0.6480000000000004,0.6480000000000004,0.6480000000000004,0.6480000000000004,0.6480000000000004,0.6480000000000004,0.6480000000000004,0.6480000000000004,0.6480000000000004,0.6480000000000004,0.6480000000000004,0.6480000000000004,0.6480000000000004,0.6480000000000004,0.6480000000000004,0.6480000000000004,0.6480000000000004,0.6480000000000004,0.6480000000000004,0.6480000000000004,0.6480000000000004,0.6480000000000004,0.6480000000000004,0.6480000000000004,0.6480000000000004,0.6480000000000004,0.6480000000000004,0.6480000000000004,0.6480000000000004,0.6480000000000004,0.6480000000000004,0.6480000000000004,0.6480000000000004,0.6480000000000004,0.6480000000000004,0.6480000000000004,1.293774123022982
0.6840000000000004,1.03405415592967,0.6840000000000004,0.8541531852981047,0.6840000000000004,0.8037967116621495,0.6840000000000004,0.7032409261918273,0.6840000000000004,0.5849550592474096,0.6840000000000004,0.9940145853366585,0.6840000000000004,0.5941112519884207,0.6840000000000004,0.9475286716199945,0.6840000000000004,1.183414260009298,0.6840000000000004,0.150737507859295,0.6840000000000004,0.2035818678787647,0.6840000000000004,0.172026839126655,0.6840000000000004,0.1629624344625275,0.6840000000000004,0.1557805370090104,0.6840000000000004,0.1381284667935104,0.6840000000000004,0.19573117756641,0.6840000000000004,0.1415216584229217,0.6840000000000004,0.1873742198129169,0.6840000000000004,0.2870498684963213,0.6840000000000004,1.58186805867328,0.6840000000000004,1.638736697914716,0.6840000000000004,1.60226114223273,0.6840000000000004,1.604085690754504,0.6840000000000004,1.575385187888024,0.6840000000000004,1.581144381805416,0.6840000000000004,1.624641328541705,0.6840000000000004,1.572371952623074,0.6840000000000004,1.613925298409372,0.6840000000000004,1.639365317994907,0.6840000000000004,1.476499481791384,0.6840000000000004,1.600532218630005,0.6840000000000004,1.532516560879189,0.6840000000000004,1.532165877878632,0.6840000000000004,1.466271485145459,0.6840000000000004,1.45740219987,0.6840000000000004,1.577151500234037,0.6840000000000004,1.438237622270753,0.6840000000000004,1.557731831947129,0.6840000000000004,1.607009867280644,0.6840000000000004,0.6840000000000004,0.6840000000000004,0.6840000000000004,0.6840000000000004,0.6840000000000004,0.6840000000000004,0.6840000000000004,0.6840000000000004,0.6840000000000004,0.6840000000000004,0.6840000000000004,0.6840000000000004,0.6840000000000004,0.6840000000000004,0.6840000000000004,0.6840000000000004,0.6840000000000004,0.6840000000000004,0.6840000000000004,0.6840000000000004,0.6840000000000004,0.6840000000000004,0.6840000000000004,0.6840000000000004,0.6840000000000004,0.6840000000000004,0.6840000000000004,0.6840000000000004,0.6840000000000004,0.6840000000000004,0.6840000000000004,0.6840000000000004,0.6840000000000004,0.6840000000000004,0.6840000000000004,0.6840000000000004,0.6840000000000004,0.6840000000000004,0.6840000000000004,0.6840000000000004,0.6840000000000004,0.6840000000000004,0.6840000000000004,0.6840000000000004,0.6840000000000004,0.6840000000000004,0.6840000000000004,0.6840000000000004,0.6840000000000004,0.6840000000000004,0.6840000000000004,0.6840000000000004,0.6840000000000004,0.6840000000000004,0.6840000000000004,0.6840000000000004,0.6840000000000004,0.6840000000000004,0.6840000000000004,0.6840000000000004,0.6840000000000004,0.6840000000000004,0.6840000000000004,0.6840000000000004,0.6840000000000004,0.6840000000000004,0.6840000000000004,0.6840000000000004,0.6840000000000004,0.6840000000000004,0.6840000000000004,0.6840000000000004,0.6840000000000004,0.6840000000000004,0.6840000000000004,0.6840000000000004,0.6840000000000004,0.6840000000000004,0.6840000000000004,0.6840000000000004,0.6796220797735031
0.7200000000000004,0.3430130128533172,0.7200000000000004,0.2878054354635148,0.7200000000000004,0.2679416226156392,0.7200000000000004,0.2559023913338316,0.7200000000000004,0.2219651234203081,0.7200000000000004,0.3341835428766028,0.7200000000000004,0.2285931376808415,0.7200000000000004,0.3196093113507614,0.7200000000000004,0.4930065685520806,0.7200000000000004,0.09954667758944412,0.7200000000000004,0.1112291229459313,0.7200000000000004,0.107741296631378,0.7200000000000004,0.10290120224288,0.7200000000000004,0.1033074002970311,0.7200000000000004,0.09211356594837623,0.7200000000000004,0.1127209993427298,0.7200000000000004,0.09513518519267157,0.7200000000000004,0.1121884632314628,0.7200000000000004,0.1322190899797313,0.7200000000000004,1.443578639060527,0.7200000000000004,1.540424242968062,0.7200000000000004,1.484546063174371,0.7200000000000004,1.483126420962712,0.7200000000000004,1.43781073758019,0.7200000000000004,1.430543336423867,0.7200000000000004,1.520915367316631,0.7200000000000004,1.420055983607053,0.7200000000000004,1.505066190796294,0.7200000000000004,1.550145710538797,0.7200000000000004,0.5332613405499114,0.7200000000000004,1.126654459981965,0.7200000000000004,0.7769491898260688,0.7200000000000004,0.7272839284438674,0.7200000000000004,0.5392619524640436,0.7200000000000004,0.4409138613538938,0.7200000000000004,1.022928628626098,0.7200000000000004,0.4292876048226502,0.7200000000000004,0.9265733474077574,0.7200000000000004,1.336720459131107,0.7200000000000004,0.7200000000000004,0.7200000000000004,0.7200000000000004,0.7200000000000004,0.7200000000000004,0.7200000000000004,0.7200000000000004,0.7200000000000004,0.7200000000000004,0.7200000000000004,0.7200000000000004,0.7200000000000004,0.7200000000000004,0.7200000000000004,0.7200000000000004,0.7200000000000004,0.7200000000000004,0.7200000000000004,0.7200000000000004,0.7200000000000004,0.7200000000000004,0.7200000000000004,0.7200000000000004,0.7200000000000004,0.7200000000000004,0.7200000000000004,0.7200000000000004,0.7200000000000004,0.7200000000000004,0.7200000000000004,0.7200000000000004,0.7200000000000004,0.7200000000000004,0.7200000000000004,0.7200000000000004,0.7200000000000004,0.7200000000000004,0.7200000000000004,0.7200000000000004,0.7200000000000004,0.7200000000000004,0.7200000000000004,0.7200000000000004,0.7200000000000004,0.7200000000000004,0.7200000000000004,0.7200000000000004,0.7200000000000004,0.7200000000000004,0.7200000000000004,0.7200000000000004,0.7200000000000004,0.7200000000000004,0.7200000000000004,0.7200000000000004,0.7200000000000004,0.7200000000000004,0.7200000000000004,0.7200000000000004,0.7200000000000004,0.7200000000000004,0.7200000000000004,0.7200000000000004,0.7200000000000004,0.7200000000000004,0.7200000000000004,0.7200000000000004,0.7200000000000004,0.7200000000000004,0.7200000000000004,0.7200000000000004,0.7200000000000004,0.7200000000000004,0.7200000000000004,0.7200000000000004,0.7200000000000004,0.7200000000000004,0.7200000000000004,0.7200000000000004,0.7200000000000004,0.2454898063648593
0.7560000000000004,0.1782743390572672,0.7560000000000004,0.1738584248112743,0.7560000000000004,0.1661475945007579,0.7560000000000004,0.1673709002346032,0.7560000000000004,0.1498422837858931,0.7560000000000004,0.1812029362595915,0.7560000000000004,0.1546339168816083,0.7560000000000004,0.180686087043469,0.7560000000000004,0.2133688253224326,0.7560000000000004,0.07261026046665232,0.7560000000000004,0.07749630612964398,0.7560000000000004,0.0775708710726863,0.7560000000000004,0.07397630005187786,0.7560000000000004,0.07570464229016824,0.7560000000000004,0.06707300030856668,0.7560000000000004,0.07960886399477735,0.7560000000000004,0.06969603977452468,0.7560000000000004,0.07999753860107933,0.7560000000000004,0.09119669556125146,0.7560000000000004,0.8931928679457463,0.7560000000000004,1.282624265172028,0.7560000000000004,1.090394978812771,0.7560000000000004,1.044906489960657,0.7560000000000004,0.911383893378544,0.7560000000000004,0.7854927672670993,0.7560000000000004,1.235593839585652,0.7560000000000004,0.7866671194367664,0.7560000000000004,1.185899055840677,0.7560000000000004,1.372137142162353,0.7560000000000004,0.1217366043871825,0.7560000000000004,0.1905509059458423,0.7560000000000004,0.1447826047855096,0.7560000000000004,0.1351489560945206,0.7560000000000004,0.1266216200326338,0.7560000000000004,0.109185072201881,0.7560000000000004,0.1757894176880686,0.7560000000000004,0.1124252354012263,0.7560000000000004,0.1633843476111243,0.7560000000000004,0.3167440641558983,0.7560000000000004,0.7560000000000004,0.7560000000000004,0.7560000000000004,0.7560000000000004,0.7560000000000004,0.7560000000000004,0.7560000000000004,0.7560000000000004,0.7560000000000004,0.7560000000000004,0.7560000000000004,0.7560000000000004,0.7560000000000004,0.7560000000000004,0.7560000000000004,0.7560000000000004,0.7560000000000004,0.7560000000000004,0.7560000000000004,0.7560000000000004,0.7560000000000004,0.7560000000000004,0.7560000000000004,0.7560000000000004,0.7560000000000004,0.7560000000000004,0.7560000000000004,0.7560000000000004,0.7560000000000004,0.7560000000000004,0.7560000000000004,0.7560000000000004,0.7560000000000004,0.7560000000000004,0.7560000000000004,0.7560000000000004,0.7560000000000004,0.7560000000000004,0.7560000000000004,0.7560000000000004,0.7560000000000004,0.7560000000000004,0.7560000000000004,0.7560000000000004,0.7560000000000004,0.7560000000000004,0.7560000000000004,0.7560000000000004,0.7560000000000004,0.7560000000000004,0.7560000000000004,0.7560000000000004,0.7560000000000004,0.7560000000000004,0.7560000000000004,0.7560000000000004,0.7560000000000004,0.7560000000000004,0.7560000000000004,0.7560000000000004,0.7560000000000004,0.7560000000000004,0.7560000000000004,0.7560000000000004,0.7560000000000004,0.7560000000000004,0.7560000000000004,0.7560000000000004,0.7560000000000004,0.7560000000000004,0.7560000000000004,0.7560000000000004,0.7560000000000004,0.7560000000000004,0.7560000000000004,0.7560000000000004,0.7560000000000004,0.7560000000000004,0.7560000000000004,0.7560000000000004,0.1613428052248315
0.7920000000000005,0.1282091352430897,0.7920000000000005,0.1287009747055857,0.7920000000000005,0.1232591968885979,0.7920000000000005,0.1260682132451508,0.7920000000000005,0.1130457571216561,0.7920000000000005,0.1315673115730935,0.7920000000000005,0.1170187012023121,0.7920000000000005,0.1322732285096647,0.7920000000000005,0.1490821675141596,0.7920000000000005,0.05487129595138186,0.7920000000000005,0.05712793402448414,0.7920000000000005,0.05831759674586114,0.7920000000000005,0.05543143513667102,0.7920000000000005,0.05749330690261148,0.7920000000000005,0.0504221701863402,0.7920000000000005,0.05924075136150533,0.7920000000000005,0.05270243675729529,0.7920000000000005,0.05988513563153823,0.7920000000000005,0.06754693430324807,0.7920000000000005,0.2448383700956908,0.7920000000000005,0.4418344838099129,0.7920000000000005,0.3211487685338111,0.7920000000000005,0.290484892847326,0.7920000000000005,0.2574439014587113,0.7920000000000005,0.2122386362022939,0.7920000000000005,0.4136997485684785,0.7920000000000005,0.2188780620233574,0.7920000000000005,0.3808964607501212,0.7920000000000005,0.658622625683087,0.7920000000000005,0.07366755602333787,0.7920000000000005,0.08446692587270174,0.7920000000000005,0.08124965547141939,0.7920000000000005,0.07670085125780141,0.7920000000000005,0.07714600093050286,0.7920000000000005,0.06676685309680308,0.7920000000000005,0.08591834996322484,0.7920000000000005,0.06961113127519039,0.7920000000000005,0.08542424800837664,0.7920000000000005,0.1048163781045977,0.7920000000000005,0.7920000000000005,0.7920000000000005,0.7920000000000005,0.7920000000000005,0.7920000000000005,0.7920000000000005,0.7920000000000005,0.7920000000000005,0.7920000000000005,0.7920000000000005,0.7920000000000005,0.7920000000000005,0.7920000000000005,0.7920000000000005,0.7920000000000005,0.7920000000000005,0.7920000000000005,0.7920000000000005,0.7920000000000005,0.7920000000000005,0.7920000000000005,0.7920000000000005,0.7920000000000005,0.7920000000000005,0.7920000000000005,0.7920000000000005,0.7920000000000005,0.7920000000000005,0.7920000000000005,0.7920000000000005,0.7920000000000005,0.7920000000000005,0.7920000000000005,0.7920000000000005,0.7920000000000005,0.7920000000000005,0.7920000000000005,0.7920000000000005,0.7920000000000005,0.7920000000000005,0.7920000000000005,0.7920000000000005,0.7920000000000005,0.7920000000000005,0.7920000000000005,0.7920000000000005,0.7920000000000005,0.7920000000000005,0.7920000000000005,0.7920000000000005,0.7920000000000005,0.7920000000000005,0.7920000000000005,0.7920000000000005,0.7920000000000005,0.7920000000000005,0.7920000000000005,0.7920000000000005,0.7920000000000005,0.7920000000000005,0.7920000000000005,0.7920000000000005,0.7920000000000005,0.7920000000000005,0.7920000000000005,0.7920000000000005,0.7920000000000005,0.7920000000000005,0.7920000000000005,0.7920000000000005,0.7920000000000005,0.7920000000000005,0.7920000000000005,0.7920000000000005,0.7920000000000005,0.7920000000000005,0.7920000000000005,0.7920000000000005,0.7920000000000005,0.7920000000000005,0.1213525750908991
0.8280000000000005,0.09840426752165504,0.8280000000000005,0.1002809598362345,0.8280000000000005,0.09595177454420022,0.8280000000000005,0.09908918502528441,0.8280000000000005,0.0885204439988409,0.8280000000000005,0.1016074544837937,0.8280000000000005,0.09193707362010188,0.8280000000000005,0.1026055117145397,0.8280000000000005,0.1140345508316787,0.8280000000000005,0.04210528358931304,0.8280000000000005,0.0430798574215694,0.8280000000000005,0.04466576251617789,0.8280000000000005,0.04227097201150586,0.8280000000000005,0.04435702227046814,0.8280000000000005,0.03845277968108005,0.8280000000000005,0.04505102745408177,0.8280000000000005,0.04043919421803707,0.8280000000000005,0.04576219225698257,0.8280000000000005,0.0514586140483388,0.8280000000000005,0.1376644542462557,0.8280000000000005,0.1585435594916604,0.8280000000000005,0.151295659503521,0.8280000000000005,0.1434170139630443,0.8280000000000005,0.1435039349220281,0.8280000000000005,0.1261305090201354,0.8280000000000005,0.1605432545452526,0.8280000000000005,0.1306734642315834,0.8280000000000005,0.1591847207082758,0.8280000000000005,0.1993163418361081,0.8280000000000005,0.05036644848070082,0.8280000000000005,0.05438603937257966,0.8280000000000005,0.05472406409892911,0.8280000000000005,0.05145483101711703,0.8280000000000005,0.05319410087743225,0.8280000000000005,0.04539910840190458,0.8280000000000005,0.05642697855884665,0.8280000000000005,0.04780452653786553,0.8280000000000005,0.05685565016959404,0.8280000000000005,0.06698203875885776,0.8280000000000005,0.8280000000000005,0.8280000000000005,0.8280000000000005,0.8280000000000005,0.8280000000000005,0.8280000000000005,0.8280000000000005,0.8280000000000005,0.8280000000000005,0.8280000000000005,0.8280000000000005,0.8280000000000005,0.8280000000000005,0.8280000000000005,0.8280000000000005,0.8280000000000005,0.8280000000000005,0.8280000000000005,0.8280000000000005,0.8280000000000005,0.8280000000000005,0.8280000000000005,0.8280000000000005,0.8280000000000005,0.8280000000000005,0.8280000000000005,0.8280000000000005,0.8280000000000005,0.8280000000000005,0.8280000000000005,0.8280000000000005,0.8280000000000005,0.8280000000000005,0.8280000000000005,0.8280000000000005,0.8280000000000005,0.8280000000000005,0.8280000000000005,0.8280000000000005,0.8280000000000005,0.8280000000000005,0.8280000000000005,0.8280000000000005,0.8280000000000005,0.8280000000000005,0.8280000000000005,0.8280000000000005,0.8280000000000005,0.8280000000000005,0.8280000000000005,0.8280000000000005,0.8280000000000005,0.8280000000000005,0.8280000000000005,0.8280000000000005,0.8280000000000005,0.8280000000000005,0.8280000000000005,0.8280000000000005,0.8280000000000005,0.8280000000000005,0.8280000000000005,0.8280000000000005,0.8280000000000005,0.8280000000000005,0.8280000000000005,0.8280000000000005,0.8280000000000005,0.8280000000000005,0.8280000000000005,0.8280000000000005,0.8280000000000005,0.8280000000000005,0.8280000000000005,0.8280000000000005,0.8280000000000005,0.8280000000000005,0.8280000000000005,0.8280000000000005,0.8280000000000005,0.0951436329899048
0.8640000000000005,0.07753589969794593,0.8640000000000005,0.07991770149912404,0.8640000000000005,0.07628954605847897,0.8640000000000005,0.07941243680476844,0.8640000000000005,0.07050587978129239,0.8640000000000005,0.0805152894589226,0.8640000000000005,0.07349264004564467,0.8640000000000005,0.08158024650462105,0.8640000000000005,0.09014299835667879,0.8640000000000005,0.0324911001776011,0.8640000000000005,0.03278799585456057,0.8640000000000005,0.03447397133884355,0.8640000000000005,0.03245199692378427,0.8640000000000005,0.03443830150907793,0.8640000000000005,0.02942392769611957,0.8640000000000005,0.03457710983526859,0.8640000000000005,0.03115503906873068,0.8640000000000005,0.03528042690616776,0.8640000000000005,0.03972389011805594,0.8640000000000005,0.09792670532279915,0.8640000000000005,0.1052165228497571,0.8640000000000005,0.1051765287493571,0.8640000000000005,0.09996214728832935,0.8640000000000005,0.1023627034147455,0.8640000000000005,0.09001826703991336,0.8640000000000005,0.1082655809175986,0.8640000000000005,0.09373341236820601,0.8640000000000005,0.108785401238789,0.8640000000000005,0.1258451380615065,0.8640000000000005,0.03574456857142537,0.8640000000000005,0.03734836272828922,0.8640000000000005,0.03861792892404145,0.8640000000000005,0.03610351148965374,0.8640000000000005,0.03808031612096969,0.8640000000000005,0.03189207423628451,0.8640000000000005,0.03932209811961958,0.8640000000000005,0.03392219807709449,0.8640000000000005,0.03996538060674668,0.8640000000000005,0.0466225715100896,0.8640000000000005,0.8640000000000005,0.8640000000000005,0.8640000000000005,0.8640000000000005,0.8640000000000005,0.8640000000000005,0.8640000000000005,0.8640000000000005,0.8640000000000005,0.8640000000000005,0.8640000000000005,0.8640000000000005,0.8640000000000005,0.8640000000000005,0.8640000000000005,0.8640000000000005,0.8640000000000005,0.8640000000000005,0.8640000000000005,0.8640000000000005,0.8640000000000005,0.8640000000000005,0.8640000000000005,0.8640000000000005,0.8640000000000005,0.8640000000000005,0.8640000000000005,0.8640000000000005,0.8640000000000005,0.8640000000000005,0.8640000000000005,0.8640000000000005,0.8640000000000005,0.8640000000000005,0.8640000000000005,0.8640000000000005,0.8640000000000005,0.8640000000000005,0.8640000000000005,0.8640000000000005,0.8640000000000005,0.8640000000000005,0.8640000000000005,0.8640000000000005,0.8640000000000005,0.8640000000000005,0.8640000000000005,0.8640000000000005,0.8640000000000005,0.8640000000000005,0.8640000000000005,0.8640000000000005,0.8640000000000005,0.8640000000000005,0.8640000000000005,0.8640000000000005,0.8640000000000005,0.8640000000000005,0.8640000000000005,0.8640000000000005,0.8640000000000005,0.8640000000000005,0.8640000000000005,0.8640000000000005,0.8640000000000005,0.8640000000000005,0.8640000000000005,0.8640000000000005,0.8640000000000005,0.8640000000000005,0.8640000000000005,0.8640000000000005,0.8640000000000005,0.8640000000000005,0.8640000000000005,0.8640000000000005,0.8640000000000005,0.8640000000000005,0.8640000000000005,0.8640000000000005,0.07601783993766834
0.9000000000000006,0.06189273498708165,0.9000000000000006,0.06438549089549497,0.9000000000000006,0.06130087573541923,0.9000000000000006,0.06428062204534452,0.9000000000000006,0.05661611488321535,0.9000000000000006,0.06458841307429923,0.9000000000000006,0.05925114735254826,0.9000000000000006,0.0656391257863778,0.9000000000000006,0.07245448453992989,0.9000000000000006,0.02503111683868577,0.9000000000000006,0.02495269446627041,0.9000000000000006,0.02660520963419868,0.9000000000000006,0.0248836353852013,0.9000000000000006,0.02671917478280862,0.9000000000000006,0.02243398473659963,0.9000000000000006,0.02655298614057395,0.9000000000000006,0.02393987695641811,0.9000000000000006,0.02721682351433354,0.9000000000000006,0.03077859752157937,0.9000000000000006,0.0734987247008495,0.9000000000000006,0.07670995893441154,0.9000000000000006,0.07834132952449588,0.9000000000000006,0.07430111591470441,0.9000000000000006,0.07715115246426267,0.9000000000000006,0.06735306785730309,0.9000000000000006,0.07966971390113216,0.9000000000000006,0.07050757222358459,0.9000000000000006,0.08056283517394433,0.9000000000000006,0.09151633147459333,0.9000000000000006,0.02566594227045456,0.9000000000000006,0.02618320823949997,0.9000000000000006,0.02774004517892162,0.9000000000000006,0.02569797170875667,0.9000000000000006,0.02760594035897993,0.9000000000000006,0.02258442825363462,0.9000000000000006,0.02795582313704405,0.9000000000000006,0.02429166084699351,0.9000000000000006,0.02862768406980572,0.9000000000000006,0.03341184692970791,0.9000000000000006,0.9000000000000006,0.9000000000000006,0.9000000000000006,0.9000000000000006,0.9000000000000006,0.9000000000000006,0.9000000000000006,0.9000000000000006,0.9000000000000006,0.9000000000000006,0.9000000000000006,0.9000000000000006,0.9000000000000006,0.9000000000000006,0.9000000000000006,0.9000000000000006,0.9000000000000006,0.9000000000000006,0.9000000000000006,0.9000000000000006,0.9000000000000006,0.9000000000000006,0.9000000000000006,0.9000000000000006,0.9000000000000006,0.9000000000000006,0.9000000000000006,0.9000000000000006,0.9000000000000006,0.9000000000000006,0.9000000000000006,0.9000000000000006,0.9000000000000006,0.9000000000000006,0.9000000000000006,0.9000000000000006,0.9000000000000006,0.9000000000000006,0.9000000000000006,0.9000000000000006,0.9000000000000006,0.9000000000000006,0.9000000000000006,0.9000000000000006,0.9000000000000006,0.9000000000000006,0.9000000000000006,0.9000000000000006,0.9000000000000006,0.9000000000000006,0.9000000000000006,0.9000000000000006,0.9000000000000006,0.9000000000000006,0.9000000000000006,0.9000000000000006,0.9000000000000006,0.9000000000000006,0.9000000000000006,0.9000000000000006,0.9000000000000006,0.9000000000000006,0.9000000000000006,0.9000000000000006,0.9000000000000006,0.9000000000000006,0.9000000000000006,0.9000000000000006,0.9000000000000006,0.9000000000000006,0.9000000000000006,0.9000000000000006,0.9000000000000006,0.9000000000000006,0.9000000000000006,0.9000000000000006,0.9000000000000006,0.9000000000000006,0.9000000000000006,0.9000000000000006,0.06131503464906432
0.9360000000000006,0.04964621788095941,0.9360000000000006,0.05211446128186412,0.9360000000000006,0.04944044667866507,0.9360000000000006,0.05222836921145939,0.9360000000000006,0.04555442513562478,0.9360000000000006,0.05209235624103646,0.9360000000000006,0.04789059702561778,0.9360000000000006,0.05309395329989898,0.9360000000000006,0.0586740930740566,0.9360000000000006,0.01914310810788307,0.9360000000000006,0.01886056049627736,0.9360000000000006,0.0204119263592489,0.9360000000000006,0.01894209078300172,0.9360000000000006,0.02060510645224948,0.9360000000000006,0.01693890022531237,0.9360000000000006,0.02027570040595041,0.9360000000000006,0.01824285676506633,0.9360000000000006,0.02088530616694024,0.9360000000000006,0.02378858732927612,0.9360000000000006,0.0563596389934468,0.9360000000000006,0.05773775637479759,0.9360000000000006,0.05988339437470239,0.9360000000000006,0.05660150786972258,0.9360000000000006,0.05945759279690332,0.9360000000000006,0.05134491793453184,0.9360000000000006,0.0604570693061172,0.9360000000000006,0.05406441798295417,0.9360000000000006,0.06143357814376849,0.9360000000000006,0.06940110497587443,0.9360000000000006,0.01838311515315245,0.9360000000000006,0.01837486917212086,0.9360000000000006,0.01993155027723795,0.9360000000000006,0.01826350505224279,0.9360000000000006,0.02000784255812212,0.9360000000000006,0.01590518288026551,0.9360000000000006,0.01991486931408664,0.9360000000000006,0.01732958239915011,0.9360000000000006,0.0205474967253876,0.9360000000000006,0.0241418952216435,0.9360000000000006,0.9360000000000006,0.9360000000000006,0.9360000000000006,0.9360000000000006,0.9360000000000006,0.9360000000000006,0.9360000000000006,0.9360000000000006,0.9360000000000006,0.9360000000000006,0.9360000000000006,0.9360000000000006,0.9360000000000006,0.9360000000000006,0.9360000000000006,0.9360000000000006,0.9360000000000006,0.9360000000000006,0.9360000000000006,0.9360000000000006,0.9360000000000006,0.9360000000000006,0.9360000000000006,0.9360000000000006,0.9360000000000006,0.9360000000000006,0.9360000000000006,0.9360000000000006,0.9360000000000006,0.9360000000000006,0.9360000000000006,0.9360000000000006,0.9360000000000006,0.9360000000000006,0.9360000000000006,0.9360000000000006,0.9360000000000006,0.9360000000000006,0.9360000000000006,0.9360000000000006,0.9360000000000006,0.9360000000000006,0.9360000000000006,0.9360000000000006,0.9360000000000006,0.9360000000000006,0.9360000000000006,0.9360000000000006,0.9360000000000006,0.9360000000000006,0.9360000000000006,0.9360000000000006,0.9360000000000006,0.9360000000000006,0.9360000000000006,0.9360000000000006,0.9360000000000006,0.9360000000000006,0.9360000000000006,0.9360000000000006,0.9360000000000006,0.9360000000000006,0.9360000000000006,0.9360000000000006,0.9360000000000006,0.9360000000000006,0.9360000000000006,0.9360000000000006,0.9360000000000006,0.9360000000000006,0.9360000000000006,0.9360000000000006,0.9360000000000006,0.9360000000000006,0.9360000000000006,0.9360000000000006,0.9360000000000006,0.9360000000000006,0.9360000000000006,0.9360000000000006,0.04961544522680107
0.9720000000000006,0.03981506044968539,0.9720000000000006,0.04218083314453618,0.9720000000000006,0.03984328866302579,0.9720000000000006,0.04242124815934916,0.9720000000000006,0.03656936688000416,0.9720000000000006,0.04202692310705444,0.9720000000000006,0.03864526558025989,0.9720000000000006,0.04296436960448347,0.9720000000000006,0.04762727926079448,0.9720000000000006,0.01445288942171427,0.9720000000000006,0.01406943780801878,0.9720000000000006,0.01548353101551834,0.9720000000000006,0.01423146190692995,0.9720000000000006,0.01571329200271181,0.9720000000000006,0.01258819552680918,0.9720000000000006,0.01530609115758372,0.9720000000000006,0.01370792123806262,0.9720000000000006,0.01585448565389986,0.9720000000000006,0.01824244766702808,0.9720000000000006,0.04355545432610974,0.9720000000000006,0.04398382233582715,0.9720000000000006,0.04628346384614719,0.9720000000000006,0.04351109639067046,0.9720000000000006,0.04622015899624098,0.9720000000000006,0.03936424380768296,0.9720000000000006,0.0464360690477529,0.9720000000000006,0.04172456961668865,0.9720000000000006,0.04739775662988734,0.9720000000000006,0.0535595539449037,0.9720000000000006,0.01300030151375855,0.9720000000000006,0.01274757337962228,0.9720000000000006,0.01417267520361964,0.9720000000000006,0.01281810574994269,0.9720000000000006,0.01434610271140469,0.9720000000000006,0.01100943714650503,0.9720000000000006,0.01405199714652322,0.9720000000000006,0.01218089098045243,0.9720000000000006,0.01461670293223277,0.9720000000000006,0.017380716954284,0.9720000000000006,0.9720000000000006,0.9720000000000006,0.9720000000000006,0.9720000000000006,0.9720000000000006,0.9720000000000006,0.9720000000000006,0.9720000000000006,0.9720000000000006,0.9720000000000006,0.9720000000000006,0.9720000000000006,0.9720000000000006,0.9720000000000006,0.9720000000000006,0.9720000000000006,0.9720000000000006,0.9720000000000006,0.9720000000000006,0.9720000000000006,0.9720000000000006,0.9720000000000006,0.9720000000000006,0.9720000000000006,0.9720000000000006,0.9720000000000006,0.9720000000000006,0.9720000000000006,0.9720000000000006,0.9720000000000006,0.9720000000000006,0.9720000000000006,0.9720000000000006,0.9720000000000006,0.9720000000000006,0.9720000000000006,0.9720000000000006,0.9720000000000006,0.9720000000000006,0.9720000000000006,0.9720000000000006,0.9720000000000006,0.9720000000000006,0.9720000000000006,0.9720000000000006,0.9720000000000006,0.9720000000000006,0.9720000000000006,0.9720000000000006,0.9720000000000006,0.9720000000000006,0.9720000000000006,0.9720000000000006,0.9720000000000006,0.9720000000000006,0.9720000000000006,0.9720000000000006,0.9720000000000006,0.9720000000000006,0.9720000000000006,0.9720000000000006,0.9720000000000006,0.9720000000000006,0.9720000000000006,0.9720000000000006,0.9720000000000006,0.9720000000000006,0.9720000000000006,0.9720000000000006,0.9720000000000006,0.9720000000000006,0.9720000000000006,0.9720000000000006,0.9720000000000006,0.9720000000000006,0.9720000000000006,0.9720000000000006,0.9720000000000006,0.9720000000000006,0.9720000000000006,0.04010790671171475
1.008000000000001,0.03179130721534375,1.008000000000001,0.03401404553855523,1.008000000000001,0.03196137149257223,1.008000000000001,0.03432497279495931,1.008000000000001,0.02917603259584547,1.008000000000001,0.03378443427217723,1.008000000000001,0.03102072420444649,1.008000000000001,0.03465130646892832,1.008000000000001,0.03860084148470975,1.008000000000001,0.01070802002328756,1.008000000000001,0.01028926530671074,1.008000000000001,0.01154562673878158,1.008000000000001,0.01048726367084676,1.008000000000001,0.01178481620065664,1.008000000000001,0.009145321364463947,1.008000000000001,0.01135402059654539,1.008000000000001,0.01009393996971119,1.008000000000001,0.01183781565928884,1.008000000000001,0.01380631713770721,1.008000000000001,0.03365848375566759,1.008000000000001,0.03357151844014759,1.008000000000001,0.03582222245941051,1.008000000000001,0.0334650553187636,1.008000000000001,0.03596604619390043,1.008000000000001,0.03011121122361292,1.008000000000001,0.03576043020127502,1.008000000000001,0.03216377146505316,1.008000000000001,0.03666651494980701,1.008000000000001,0.04158173708893639,1.008000000000001,0.008987063475632252,1.008000000000001,0.008641114395340384,1.008000000000001,0.009877272120432851,1.008000000000001,0.008790625158988371,1.008000000000001,0.01008492598207689,1.008000000000001,0.007411459772959418,1.008000000000001,0.009716314096269534,1.008000000000001,0.008352919322314864,1.008000000000001,0.01020077681250367,1.008000000000001,0.01234066080972073,1.008000000000001,1.008000000000001,1.008000000000001,1.008000000000001,1.008000000000001,1.008000000000001,1.008000000000001,1.008000000000001,1.008000000000001,1.008000000000001,1.008000000000001,1.008000000000001,1.008000000000001,1.008000000000001,1.008000000000001,1.008000000000001,1.008000000000001,1.008000000000001,1.008000000000001,1.008000000000001,1.008000000000001,1.008000000000001,1.008000000000001,1.008000000000001,1.008000000000001,1.008000000000001,1.008000000000001,1.008000000000001,1.008000000000001,1.008000000000001,1.008000000000001,1.008000000000001,1.008000000000001,1.008000000000001,1.008000000000001,1.008000000000001,1.008000000000001,1.008000000000001,1.008000000000001,1.008000000000001,1.008000000000001,1.008000000000001,1.008000000000001,1.008000000000001,1.008000000000001,1.008000000000001,1.008000000000001,1.008000000000001,1.008000000000001,1.008000000000001,1.008000000000001,1.008000000000001,1.008000000000001,1.008000000000001,1.008000000000001,1.008000000000001,1.008000000000001,1.008000000000001,1.008000000000001,1.008000000000001,1.008000000000001,1.008000000000001,1.008000000000001,1.008000000000001,1.008000000000001,1.008000000000001,1.008000000000001,1.008000000000001,1.008000000000001,1.008000000000001,1.008000000000001,1.008000000000001,1.008000000000001,1.008000000000001,1.008000000000001,1.008000000000001,1.008000000000001,1.008000000000001,1.008000000000001,1.008000000000001,1.008000000000001,0.03227247701432349
1.044000000000001,0.02517356820402258,1.044000000000001,0.02723167374455738,1.044000000000001,0.02542662489382963,1.044000000000001,0.0275774640670814,1.044000000000001,0.02304461681038275,1.044000000000001,0.02696189672080223,1.044000000000001,0.02468020789638031,1.044000000000001,0.02775585803021439,1.044000000000001,0.03112994554472638,1.044000000000001,0.007732107792727867,1.044000000000001,0.007321664252172669,1.044000000000001,0.00840782367528,1.044000000000001,0.007526082224120327,1.044000000000001,0.00863831936910003,1.044000000000001,0.00644477372646017,1.044000000000001,0.008219973648806644,1.044000000000001,0.007231915018898758,1.044000000000001,0.008637379374402924,1.044000000000001,0.01025231340019997,1.044000000000001,0.02583751474352178,1.044000000000001,0.02546873341488986,1.044000000000001,0.02758440636899832,1.044000000000001,0.0255694642186131,1.044000000000001,0.02783879160822885,1.044000000000001,0.02282144139815486,1.044000000000001,0.02740611287316927,1.044000000000001,0.02460218892031074,1.044000000000001,0.02823901465996062,1.044000000000001,0.03224721884863288,1.044000000000001,0.006013014709290711,1.044000000000001,0.005660911347973916,1.044000000000001,0.006681192689612092,1.044000000000001,0.005830176168324361,1.044000000000001,0.006886194604633587,1.044000000000001,0.004800668545886726,1.044000000000001,0.006516781439085525,1.044000000000001,0.005531607086501293,1.044000000000001,0.006916043475259462,1.044000000000001,0.008561379976658307,1.044000000000001,1.044000000000001,1.044000000000001,1.044000000000001,1.044000000000001,1.044000000000001,1.044000000000001,1.044000000000001,1.044000000000001,1.044000000000001,1.044000000000001,1.044000000000001,1.044000000000001,1.044000000000001,1.044000000000001,1.044000000000001,1.044000000000001,1.044000000000001,1.044000000000001,1.044000000000001,1.044000000000001,1.044000000000001,1.044000000000001,1.044000000000001,1.044000000000001,1.044000000000001,1.044000000000001,1.044000000000001,1.044000000000001,1.044000000000001,1.044000000000001,1.044000000000001,1.044000000000001,1.044000000000001,1.044000000000001,1.044000000000001,1.044000000000001,1.044000000000001,1.044000000000001,1.044000000000001,1.044000000000001,1.044000000000001,1.044000000000001,1.044000000000001,1.044000000000001,1.044000000000001,1.044000000000001,1.044000000000001,1.044000000000001,1.044000000000001,1.044000000000001,1.044000000000001,1.044000000000001,1.044000000000001,1.044000000000001,1.044000000000001,1.044000000000001,1.044000000000001,1.044000000000001,1.044000000000001,1.044000000000001,1.044000000000001,1.044000000000001,1.044000000000001,1.044000000000001,1.044000000000001,1.044000000000001,1.044000000000001,1.044000000000001,1.044000000000001,1.044000000000001,1.044000000000001,1.044000000000001,1.044000000000001,1.044000000000001,1.044000000000001,1.044000000000001,1.044000000000001,1.044000000000001,1.044000000000001,1.044000000000001,0.0257567958819822
1.080000000000001,0.01968469062802355,1.080000000000001,0.02156615309854356,1.080000000000001,0.01998143956567676,1.080000000000001,0.02192313006184423,1.080000000000001,0.01794247397493248,1.080000000000001,0.02127973571016734,1.080000000000001,0.01938554272454851,1.080000000000001,0.02200026319392102,1.080000000000001,0.02489566437460513,1.080000000000001,0.005398054157804362,1.080000000000001,0.005025712611425892,1.080000000000001,0.005933966380403057,1.080000000000001,0.005216396569637186,1.080000000000001,0.006143211558339759,1.080000000000001,0.00436612228767445,1.080000000000001,0.00576217681580525,1.080000000000001,0.004999488406933446,1.080000000000001,0.00611220125559473,1.080000000000001,0.007419787368907879,1.080000000000001,0.0195852208456799,1.080000000000001,0.01907388172393858,1.080000000000001,0.02100852385625775,1.080000000000001,0.01928712059671323,1.080000000000001,0.02131571578606889,1.080000000000001,0.01702531766905373,1.080000000000001,0.02077168425921052,1.080000000000001,0.01855970450606227,1.080000000000001,0.02152314959294267,1.080000000000001,0.02482755176186273,1.080000000000001,0.003853718170365562,1.080000000000001,0.003545100670736132,1.080000000000001,0.004341712876012573,1.080000000000001,0.003700090809994413,1.080000000000001,0.004522267272713361,1.080000000000001,0.002960441273974874,1.080000000000001,0.004195310120378645,1.080000000000001,0.003500881446779977,1.080000000000001,0.004509007854502698,1.080000000000001,0.005747494936771724,1.080000000000001,1.080000000000001,1.080000000000001,1.080000000000001,1.080000000000001,1.080000000000001,1.080000000000001,1.080000000000001,1.080000000000001,1.080000000000001,1.080000000000001,1.080000000000001,1.080000000000001,1.080000000000001,1.080000000000001,1.080000000000001,1.080000000000001,1.080000000000001,1.080000000000001,1.080000000000001,1.080000000000001,1.080000000000001,1.080000000000001,1.080000000000001,1.080000000000001,1.080000000000001,1.080000000000001,1.080000000000001,1.080000000000001,1.080000000000001,1.080000000000001,1.080000000000001,1.080000000000001,1.080000000000001,1.080000000000001,1.080000000000001,1.080000000000001,1.080000000000001,1.080000000000001,1.080000000000001,1.080000000000001,1.080000000000001,1.080000000000001,1.080000000000001,1.080000000000001,1.080000000000001,1.080000000000001,1.080000000000001,1.080000000000001,1.080000000000001,1.080000000000001,1.080000000000001,1.080000000000001,1.080000000000001,1.080000000000001,1.080000000000001,1.080000000000001,1.080000000000001,1.080000000000001,1.080000000000001,1.080000000000001,1.080000000000001,1.080000000000001,1.080000000000001,1.080000000000001,1.080000000000001,1.080000000000001,1.080000000000001,1.080000000000001,1.080000000000001,1.080000000000001,1.080000000000001,1.080000000000001,1.080000000000001,1.080000000000001,1.080000000000001,1.080000000000001,1.080000000000001,1.080000000000001,1.080000000000001,1.080000000000001,0.02031243924716193
1.116000000000001,0.01512751060288086,1.116000000000001,0.01682468420090858,1.116000000000001,0.01544048765758866,1.116000000000001,0.01717639839143006,1.116000000000001,0.01370164953565724,1.116000000000001,0.0165379292401147,1.116000000000001,0.01496406683530035,1.116000000000001,0.0171850524731747,1.116000000000001,0.0196710516354994,1.116000000000001,0.003610207475884575,1.116000000000001,0.003295715286727202,1.116000000000001,0.004022998219791831,1.116000000000001,0.003459247883589053,1.116000000000001,0.004202310017346843,1.116000000000001,0.002815744645444831,1.116000000000001,0.003875662186149566,1.116000000000001,0.003303490837597681,1.116000000000001,0.004158185259078621,1.116000000000001,0.005192187014329603,1.116000000000001,0.01456735908277134,1.116000000000001,0.01400206723994992,1.116000000000001,0.01572862134656955,1.116000000000001,0.0142676981419469,1.116000000000001,0.01605182720980662,1.116000000000001,0.01241299360144101,1.116000000000001,0.01546984150642493,1.116000000000001,0.01371858464940952,1.116000000000001,0.01613560205866076,1.116000000000001,0.01886909984606812,1.116000000000001,0.002342167622283519,1.116000000000001,0.002101225908233974,1.116000000000001,0.002682935240738857,1.116000000000001,0.002224669343833183,1.116000000000001,0.002827481427182386,1.116000000000001,0.001722357699869963,1.116000000000001,0.002565771345758666,1.116000000000001,0.002096825324086572,1.116000000000001,0.002797878120353267,1.116000000000001,0.003695923218777195,1.116000000000001,1.116000000000001,1.116000000000001,1.116000000000001,1.116000000000001,1.116000000000001,1.116000000000001,1.116000000000001,1.116000000000001,1.116000000000001,1.116000000000001,1.116000000000001,1.116000000000001,1.116000000000001,1.116000000000001,1.116000000000001,1.116000000000001,1.116000000000001,1.116000000000001,1.116000000000001,1.116000000000001,1.116000000000001,1.116000000000001,1.116000000000001,1.116000000000001,1.116000000000001,1.116000000000001,1.116000000000001,1.116000000000001,1.116000000000001,1.116000000000001,1.116000000000001,1.116000000000001,1.116000000000001,1.116000000000001,1.116000000000001,1.116000000000001,1.116000000000001,1.116000000000001,1.116000000000001,1.116000000000001,1.116000000000001,1.116000000000001,1.116000000000001,1.116000000000001,1.116000000000001,1.116000000000001,1.116000000000001,1.116000000000001,1.116000000000001,1.116000000000001,1.116000000000001,1.116000000000001,1.116000000000001,1.116000000000001,1.116000000000001,1.116000000000001,1.116000000000001,1.116000000000001,1.116000000000001,1.116000000000001,1.116000000000001,1.116000000000001,1.116000000000001,1.116000000000001,1.116000000000001,1.116000000000001,1.116000000000001,1.116000000000001,1.116000000000001,1.116000000000001,1.116000000000001,1.116000000000001,1.116000000000001,1.116000000000001,1.116000000000001,1.116000000000001,1.116000000000001,1.116000000000001,1.116000000000001,1.116000000000001,0.0157595544360476
1.152000000000001,0.01135931687501335,1.152000000000001,0.01286585375523598,1.152000000000001,0.01166833571260801,1.152000000000001,0.01320022619225891,1.152000000000001,0.01019942215742474,1.152000000000001,0.01259068721831142,1.152000000000001,0.01128892341407102,1.152000000000001,0.01316423870885902,1.152000000000001,0.01529064431532906,1.152000000000001,0.002290411817013918,1.152000000000001,0.002044444377454008,1.152000000000001,0.00259458532950309,1.152000000000001,0.002173283961804254,1.152000000000001,0.002738682669983365,1.152000000000001,0.001712175456872943,1.152000000000001,0.002476701498423526,1.152000000000001,0.002066000304937875,1.152000000000001,0.002693307225541489,1.152000000000001,0.003481314353797431,1.152000000000001,0.01055525179723161,1.152000000000001,0.009995728825964641,1.152000000000001,0.01149615342524587,1.152000000000001,0.01027338822503869,1.152000000000001,0.01181049328776388,1.152000000000001,0.008772258572836882,1.152000000000001,0.01123997782618082,1.152000000000001,0.009860788431858331,1.152000000000001,0.01181727992274667,1.152000000000001,0.01406926699092863,1.152000000000001,0.001339308510073791,1.152000000000001,0.001170753417761029,1.152000000000001,0.001562794869999552,1.152000000000001,0.00125781195416744,1.152000000000001,0.001667947928367265,1.152000000000001,0.0009406519691382395,1.152000000000001,0.001478183458747186,1.152000000000001,0.001180212491341347,1.152000000000001,0.001637593907638367,1.152000000000001,0.002254003068164331,1.152000000000001,1.152000000000001,1.152000000000001,1.152000000000001,1.152000000000001,1.152000000000001,1.152000000000001,1.152000000000001,1.152000000000001,1.152000000000001,1.152000000000001,1.152000000000001,1.152000000000001,1.152000000000001,1.152000000000001,1.152000000000001,1.152000000000001,1.152000000000001,1.152000000000001,1.152000000000001,1.152000000000001,1.152000000000001,1.152000000000001,1.152000000000001,1.152000000000001,1.152000000000001,1.152000000000001,1.152000000000001,1.152000000000001,1.152000000000001,1.152000000000001,1.152000000000001,1.152000000000001,1.152000000000001,1.152000000000001,1.152000000000001,1.152000000000001,1.152000000000001,1.152000000000001,1.152000000000001,1.152000000000001,1.152000000000001,1.152000000000001,1.152000000000001,1.152000000000001,1.152000000000001,1.152000000000001,1.152000000000001,1.152000000000001,1.152000000000001,1.152000000000001,1.152000000000001,1.152000000000001,1.152000000000001,1.152000000000001,1.152000000000001,1.152000000000001,1.152000000000001,1.152000000000001,1.152000000000001,1.152000000000001,1.152000000000001,1.152000000000001,1.152000000000001,1.152000000000001,1.152000000000001,1.152000000000001,1.152000000000001,1.152000000000001,1.152000000000001,1.152000000000001,1.152000000000001,1.152000000000001,1.152000000000001,1.152000000000001,1.152000000000001,1.152000000000001,1.152000000000001,1.152000000000001,1.152000000000001,1.152000000000001,0.01196595777186773
1.188000000000001,0.008275900886303323,1.188000000000001,0.009585138205455354,1.188000000000001,0.00856533513967294,1.188000000000001,0.009892698989496455,1.188000000000001,0.00734550660310105,1.188000000000001,0.009330839358419434,1.188000000000001,0.00826641274337067,1.188000000000001,0.009830051536266895,1.188000000000001,0.01163219162283051,1.188000000000001,0.001366129799416908,1.188000000000001,0.001189909857875801,1.188000000000001,0.001576914129656514,1.188000000000001,0.001282381825306544,1.188000000000001,0.001684231584084057,1.188000000000001,0.0009748315210448793,1.188000000000001,0.001489893130000851,1.188000000000001,0.001212676715694606,1.188000000000001,0.001645162650946298,1.188000000000001,0.00221475501100911,1.188000000000001,0.007387657893786419,1.188000000000001,0.006875819932962834,1.188000000000001,0.008137124923994953,1.188000000000001,0.007137327806524832,1.188000000000001,0.008424881234831014,1.188000000000001,0.005952015526946192,1.188000000000001,0.007900841465701171,1.188000000000001,0.006831867842099371,1.188000000000001,0.008387511805937718,1.188000000000001,0.01021913919477972,1.188000000000001,0.0007184789881161611,1.188000000000001,0.0006127586439229564,1.188000000000001,0.0008541358373421057,1.188000000000001,0.0006674506220255398,1.188000000000001,0.0009232727997732352,1.188000000000001,0.0004831668668224469,1.188000000000001,0.0007991440998362312,1.188000000000001,0.0006234614088892717,1.188000000000001,0.0008995072409779155,1.188000000000001,0.00129342668199588,1.188000000000001,1.188000000000001,1.188000000000001,1.188000000000001,1.188000000000001,1.188000000000001,1.188000000000001,1.188000000000001,1.188000000000001,1.188000000000001,1.188000000000001,1.188000000000001,1.188000000000001,1.188000000000001,1.188000000000001,1.188000000000001,1.188000000000001,1.188000000000001,1.188000000000001,1.188000000000001,1.188000000000001,1.188000000000001,1.188000000000001,1.188000000000001,1.188000000000001,1.188000000000001,1.188000000000001,1.188000000000001,1.188000000000001,1.188000000000001,1.188000000000001,1.188000000000001,1.188000000000001,1.188000000000001,1.188000000000001,1.188000000000001,1.188000000000001,1.188000000000001,1.188000000000001,1.188000000000001,1.188000000000001,1.188000000000001,1.188000000000001,1.188000000000001,1.188000000000001,1.188000000000001,1.188000000000001,1.188000000000001,1.188000000000001,1.188000000000001,1.188000000000001,1.188000000000001,1.188000000000001,1.188000000000001,1.188000000000001,1.188000000000001,1.188000000000001,1.188000000000001,1.188000000000001,1.188000000000001,1.188000000000001,1.188000000000001,1.188000000000001,1.188000000000001,1.188000000000001,1.188000000000001,1.188000000000001,1.188000000000001,1.188000000000001,1.188000000000001,1.188000000000001,1.188000000000001,1.188000000000001,1.188000000000001,1.188000000000001,1.188000000000001,1.188000000000001,1.188000000000001,1.188000000000001,1.188000000000001,1.188000000000001,0.008833923281824804
1.224000000000001,0.005800124816190841,1.224000000000001,0.006904976805765671,1.224000000000001,0.006057500709604304,1.224000000000001,0.007177878201934386,1.224000000000001,0.005072021310137336,1.224000000000001,0.006679129149279679,1.224000000000001,0.005826643700042509,1.224000000000001,0.007102622656148868,1.224000000000001,0.00860497427467005,1.224000000000001,0.000761937161369891,1.224000000000001,0.0006474828042368739,1.224000000000001,0.0008970950206249753,1.224000000000001,0.0007074258078601421,1.224000000000001,0.000970192575894005,1.224000000000001,0.0005190303032852454,1.224000000000001,0.0008385501649266958,1.224000000000001,0.0006653319265539365,1.224000000000001,0.0009410150001656555,1.224000000000001,0.001324959188050626,1.224000000000001,0.004945844249022749,1.224000000000001,0.004510665292215326,1.224000000000001,0.005525245427781929,1.224000000000001,0.004736569573541458,1.224000000000001,0.005773623664599505,1.224000000000001,0.00383675796186878,1.224000000000001,0.005321136933661394,1.224000000000001,0.004516623501314869,1.224000000000001,0.005715835028263826,1.224000000000001,0.00717042297467305,1.224000000000001,0.0003632483489345577,1.224000000000001,0.000303390805569638,1.224000000000001,0.0004390216976112571,1.224000000000001,0.000334313128239738,1.224000000000001,0.00048005549966891,1.224000000000001,0.0002356241076203384,1.224000000000001,0.0004068045512679676,1.224000000000001,0.0003110937172160549,1.224000000000001,0.0004644585983009168,1.224000000000001,0.0006962608609867106,1.224000000000001,1.224000000000001,1.224000000000001,1.224000000000001,1.224000000000001,1.224000000000001,1.224000000000001,1.224000000000001,1.224000000000001,1.224000000000001,1.224000000000001,1.224000000000001,1.224000000000001,1.224000000000001,1.224000000000001,1.224000000000001,1.224000000000001,1.224000000000001,1.224000000000001,1.224000000000001,1.224000000000001,1.224000000000001,1.224000000000001,1.224000000000001,1.224000000000001,1.224000000000001,1.224000000000001,1.224000000000001,1.224000000000001,1.224000000000001,1.224000000000001,1.224000000000001,1.224000000000001,1.224000000000001,1.224000000000001,1.224000000000001,1.224000000000001,1.224000000000001,1.224000000000001,1.224000000000001,1.224000000000001,1.224000000000001,1.224000000000001,1.224000000000001,1.224000000000001,1.224000000000001,1.224000000000001,1.224000000000001,1.224000000000001,1.224000000000001,1.224000000000001,1.224000000000001,1.224000000000001,1.224000000000001,1.224000000000001,1.224000000000001,1.224000000000001,1.224000000000001,1.224000000000001,1.224000000000001,1.224000000000001,1.224000000000001,1.224000000000001,1.224000000000001,1.224000000000001,1.224000000000001,1.224000000000001,1.224000000000001,1.224000000000001,1.224000000000001,1.224000000000001,1.224000000000001,1.224000000000001,1.224000000000001,1.224000000000001,1.224000000000001,1.224000000000001,1.224000000000001,1.224000000000001,1.224000000000001,1.224000000000001,0.006290756678864495
1.260000000000001,0.003871638602513896,1.260000000000001,0.004766505901027839,1.260000000000001,0.004087403038851411,1.260000000000001,0.004998265523459986,1.260000000000001,0.003323465121421291,1.260000000000001,0.004575233774735555,1.260000000000001,0.003914769741666939,1.260000000000001,0.004921595522449417,1.260000000000001,0.006141362080556106,1.260000000000001,0.0003978668686005183,1.260000000000001,0.0003306810879886269,1.260000000000001,0.0004772614007072071,1.260000000000001,0.0003657303594194734,1.260000000000001,0.0005223848886040666,1.260000000000001,0.0002601329503074609,1.260000000000001,0.0004416275309965127,1.260000000000001,0.0003422713116877038,1.260000000000001,0.0005032602130506101,1.260000000000001,0.0007412654319918797,1.260000000000001,0.003133902466230541,1.260000000000001,0.002792193175251294,1.260000000000001,0.003561739738547382,1.260000000000001,0.002970925998046377,1.260000000000001,0.003762397013428371,1.260000000000001,0.002325591874425631,1.260000000000001,0.003397612521109792,1.260000000000001,0.00281933483451738,1.260000000000001,0.003701214005555325,1.260000000000001,0.004813365343491672,1.260000000000001,0.000175050175043315,1.260000000000001,0.000143883296088592,1.260000000000001,0.0002142934367195017,1.260000000000001,0.0001599539414264323,1.260000000000001,0.0002364990872584051,1.260000000000001,0.0001105132871818788,1.260000000000001,0.0001970576304817612,1.260000000000001,0.000148430906002774,1.260000000000001,0.0002275291229882083,1.260000000000001,0.0003531354348213277,1.260000000000001,1.260000000000001,1.260000000000001,1.260000000000001,1.260000000000001,1.260000000000001,1.260000000000001,1.260000000000001,1.260000000000001,1.260000000000001,1.260000000000001,1.260000000000001,1.260000000000001,1.260000000000001,1.260000000000001,1.260000000000001,1.260000000000001,1.260000000000001,1.260000000000001,1.260000000000001,1.260000000000001,1.260000000000001,1.260000000000001,1.260000000000001,1.260000000000001,1.260000000000001,1.260000000000001,1.260000000000001,1.260000000000001,1.260000000000001,1.260000000000001,1.260000000000001,1.260000000000001,1.260000000000001,1.260000000000001,1.260000000000001,1.260000000000001,1.260000000000001,1.260000000000001,1.260000000000001,1.260000000000001,1.260000000000001,1.260000000000001,1.260000000000001,1.260000000000001,1.260000000000001,1.260000000000001,1.260000000000001,1.260000000000001,1.260000000000001,1.260000000000001,1.260000000000001,1.260000000000001,1.260000000000001,1.260000000000001,1.260000000000001,1.260000000000001,1.260000000000001,1.260000000000001,1.260000000000001,1.260000000000001,1.260000000000001,1.260000000000001,1.260000000000001,1.260000000000001,1.260000000000001,1.260000000000001,1.260000000000001,1.260000000000001,1.260000000000001,1.260000000000001,1.260000000000001,1.260000000000001,1.260000000000001,1.260000000000001,1.260000000000001,1.260000000000001,1.260000000000001,1.260000000000001,1.260000000000001,1.260000000000001,0.004280392682941401
1.296000000000001,0.002435645426927994,1.296000000000001,0.003120736016776478,1.296000000000001,0.00260402415749,1.296000000000001,0.003306783444360445,1.296000000000001,0.002045326846118445,1.296000000000001,0.002968193436870595,1.296000000000001,0.002480961614802314,1.296000000000001,0.003237361032026673,1.296000000000001,0.004189151794787,1.296000000000001,0.0001962717867311448,1.296000000000001,0.0001602649583651773,1.296000000000001,0.0002390906369904534,1.296000000000001,0.0001789731628101031,1.296000000000001,0.0002643782075416763,1.296000000000001,0.0001242603578380034,1.296000000000001,0.0002193845352967816,1.296000000000001,0.0001668398135708605,1.296000000000001,0.0002532356302272715,1.296000000000001,0.0003882299375955248,1.296000000000001,0.00186135777886266,1.296000000000001,0.001616498045339935,1.296000000000001,0.002157652881456589,1.296000000000001,0.001744802052232213,1.296000000000001,0.002307427155732612,1.296000000000001,0.00131544175195614,1.296000000000001,0.002036287413337194,1.296000000000001,0.001646552814221789,1.296000000000001,0.002254037476151075,1.296000000000001,0.003058902279220915,1.296000000000001,8.143053444078136e-05,1.296000000000001,6.611278651494904e-05,1.296000000000001,0.0001006344420715274,1.296000000000001,7.400246207195331e-05,1.296000000000001,0.0001118345639996267,1.296000000000001,5.034081391452602e-05,1.296000000000001,9.201080558193347e-05,1.296000000000001,6.853117192015407e-05,1.296000000000001,0.0001071319282261158,1.296000000000001,0.0001706523729106622,1.296000000000001,1.296000000000001,1.296000000000001,1.296000000000001,1.296000000000001,1.296000000000001,1.296000000000001,1.296000000000001,1.296000000000001,1.296000000000001,1.296000000000001,1.296000000000001,1.296000000000001,1.296000000000001,1.296000000000001,1.296000000000001,1.296000000000001,1.296000000000001,1.296000000000001,1.296000000000001,1.296000000000001,1.296000000000001,1.296000000000001,1.296000000000001,1.296000000000001,1.296000000000001,1.296000000000001,1.296000000000001,1.296000000000001,1.296000000000001,1.296000000000001,1.296000000000001,1.296000000000001,1.296000000000001,1.296000000000001,1.296000000000001,1.296000000000001,1.296000000000001,1.296000000000001,1.296000000000001,1.296000000000001,1.296000000000001,1.296000000000001,1.296000000000001,1.296000000000001,1.296000000000001,1.296000000000001,1.296000000000001,1.296000000000001,1.296000000000001,1.296000000000001,1.296000000000001,1.296000000000001,1.296000000000001,1.296000000000001,1.296000000000001,1.296000000000001,1.296000000000001,1.296000000000001,1.296000000000001,1.296000000000001,1.296000000000001,1.296000000000001,1.296000000000001,1.296000000000001,1.296000000000001,1.296000000000001,1.296000000000001,1.296000000000001,1.296000000000001,1.296000000000001,1.296000000000001,1.296000000000001,1.296000000000001,1.296000000000001,1.296000000000001,1.296000000000001,1.296000000000001,1.296000000000001,1.296000000000001,1.296000000000001,0.002753984910745402
1.332000000000001,0.001430981574809927,1.332000000000001,0.001918120583113275,1.332000000000001,0.001551415225466893,1.332000000000001,0.002057056725665888,1.332000000000001,0.001172845976406668,1.332000000000001,0.001805381359731362,1.332000000000001,0.001469248046548043,1.332000000000001,0.002000712646550212,1.332000000000001,0.002702813993365658,1.332000000000001,9.267421149398338e-05,1.332000000000001,7.46600368574964e-05,1.332000000000001,0.0001142141005783,1.332000000000001,8.399247916933151e-05,1.332000000000001,0.000127285341683704,1.332000000000001,5.724553405617743e-05,1.332000000000001,0.0001041308087715786,1.332000000000001,7.80688394927188e-05,1.332000000000001,0.0001213797366695694,1.332000000000001,0.0001920330188552157,1.332000000000001,0.001030152715813784,1.332000000000001,0.0008718267485371773,1.332000000000001,0.001219302157962891,1.332000000000001,0.0009546099718844423,1.332000000000001,0.001321117622994942,1.332000000000001,0.0006933376461954461,1.332000000000001,0.001137868853578622,1.332000000000001,0.000895656201720197,1.332000000000001,0.001281083380674315,1.332000000000001,0.001822520590048236,1.332000000000001,3.685267559327436e-05,1.332000000000001,2.959724466950854e-05,1.332000000000001,4.590631818899509e-05,1.332000000000001,3.333215191831956e-05,1.332000000000001,5.130244000304847e-05,1.332000000000001,2.235244396309258e-05,1.332000000000001,4.177296711488058e-05,1.332000000000001,3.081092698484447e-05,1.332000000000001,4.897429169521281e-05,1.332000000000001,7.958443415844899e-05,1.332000000000001,1.332000000000001,1.332000000000001,1.332000000000001,1.332000000000001,1.332000000000001,1.332000000000001,1.332000000000001,1.332000000000001,1.332000000000001,1.332000000000001,1.332000000000001,1.332000000000001,1.332000000000001,1.332000000000001,1.332000000000001,1.332000000000001,1.332000000000001,1.332000000000001,1.332000000000001,1.332000000000001,1.332000000000001,1.332000000000001,1.332000000000001,1.332000000000001,1.332000000000001,1.332000000000001,1.332000000000001,1.332000000000001,1.332000000000001,1.332000000000001,1.332000000000001,1.332000000000001,1.332000000000001,1.332000000000001,1.332000000000001,1.332000000000001,1.332000000000001,1.332000000000001,1.332000000000001,1.332000000000001,1.332000000000001,1.332000000000001,1.332000000000001,1.332000000000001,1.332000000000001,1.332000000000001,1.332000000000001,1.332000000000001,1.332000000000001,1.332000000000001,1.332000000000001,1.332000000000001,1.332000000000001,1.332000000000001,1.332000000000001,1.332000000000001,1.332000000000001,1.332000000000001,1.332000000000001,1.332000000000001,1.332000000000001,1.332000000000001,1.332000000000001,1.332000000000001,1.332000000000001,1.332000000000001,1.332000000000001,1.332000000000001,1.332000000000001,1.332000000000001,1.332000000000001,1.332000000000001,1.332000000000001,1.332000000000001,1.332000000000001,1.332000000000001,1.332000000000001,1.332000000000001,1.332000000000001,1.332000000000001,0.001659021995181983
1.368000000000001,0.0007816477484470175,1.368000000000001,0.001098196980933861,1.368000000000001,0.0008595359881295573,1.368000000000001,0.001193116019395473,1.368000000000001,0.0006253269066422825,1.368000000000001,0.001022218748077584,1.368000000000001,0.0008089562687204037,1.368000000000001,0.001152307154718589,1.368000000000001,0.001633183494043216,1.368000000000001,4.231577680736878e-05,1.368000000000001,3.370626973976684e-05,1.368000000000001,5.264036516369088e-05,1.368000000000001,3.815820885090468e-05,1.368000000000001,5.902415720487046e-05,1.368000000000001,2.558863734161384e-05,1.368000000000001,4.774880560196035e-05,1.368000000000001,3.537895344744489e-05,1.368000000000001,5.609064307256999e-05,1.368000000000001,9.089036464894211e-05,1.368000000000001,0.0005318960221212387,1.368000000000001,0.0004397972493360877,1.368000000000001,0.0006420476237030081,1.368000000000001,0.0004877534653719485,1.368000000000001,0.0007044756829177196,1.368000000000001,0.0003428530307064253,1.368000000000001,0.0005928507990504207,1.368000000000001,0.0004552358572750729,1.368000000000001,0.0006783234724171332,1.368000000000001,0.001011899878361762,1.368000000000001,1.626103815767273e-05,1.368000000000001,1.292348770405698e-05,1.368000000000001,2.041266122061519e-05,1.368000000000001,1.464020891219616e-05,1.368000000000001,2.293239363227974e-05,1.368000000000001,9.680850671073713e-06,1.368000000000001,1.849082508710745e-05,1.368000000000001,1.350735752423514e-05,1.368000000000001,2.182149480054206e-05,1.368000000000001,3.610604031185695e-05,1.368000000000001,1.368000000000001,1.368000000000001,1.368000000000001,1.368000000000001,1.368000000000001,1.368000000000001,1.368000000000001,1.368000000000001,1.368000000000001,1.368000000000001,1.368000000000001,1.368000000000001,1.368000000000001,1.368000000000001,1.368000000000001,1.368000000000001,1.368000000000001,1.368000000000001,1.368000000000001,1.368000000000001,1.368000000000001,1.368000000000001,1.368000000000001,1.368000000000001,1.368000000000001,1.368000000000001,1.368000000000001,1.368000000000001,1.368000000000001,1.368000000000001,1.368000000000001,1.368000000000001,1.368000000000001,1.368000000000001,1.368000000000001,1.368000000000001,1.368000000000001,1.368000000000001,1.368000000000001,1.368000000000001,1.368000000000001,1.368000000000001,1.368000000000001,1.368000000000001,1.368000000000001,1.368000000000001,1.368000000000001,1.368000000000001,1.368000000000001,1.368000000000001,1.368000000000001,1.368000000000001,1.368000000000001,1.368000000000001,1.368000000000001,1.368000000000001,1.368000000000001,1.368000000000001,1.368000000000001,1.368000000000001,1.368000000000001,1.368000000000001,1.368000000000001,1.368000000000001,1.368000000000001,1.368000000000001,1.368000000000001,1.368000000000001,1.368000000000001,1.368000000000001,1.368000000000001,1.368000000000001,1.368000000000001,1.368000000000001,1.368000000000001,1.368000000000001,1.368000000000001,1.368000000000001,1.368000000000001,1.368000000000001,0.000929748695768792
1.404000000000001,0.0003982751570662169,1.404000000000001,0.0005846325763197732,1.404000000000001,0.0004436158194032991,1.404000000000001,0.0006432532216711483,1.404000000000001,0.0003119114632296558,1.404000000000001,0.0005384212729786848,1.404000000000001,0.0004151306016742281,1.404000000000001,0.0006170071115683217,1.404000000000001,0.0009181809990300667,1.404000000000001,1.876234916735545e-05,1.404000000000001,1.478460722077413e-05,1.404000000000001,2.35446500588287e-05,1.404000000000001,1.683804140304803e-05,1.404000000000001,2.654560893115409e-05,1.404000000000001,1.111526256110835e-05,1.404000000000001,2.125678956291669e-05,1.404000000000001,1.557376730732034e-05,1.404000000000001,2.514842024759211e-05,1.404000000000001,4.159740148972332e-05,1.404000000000001,0.0002586032540206877,1.404000000000001,0.0002098529584056031,1.404000000000001,0.0003172905770457617,1.404000000000001,0.000235132059484007,1.404000000000001,0.0003518965475126267,1.404000000000001,0.0001610566749785142,1.404000000000001,0.0002903919602533671,1.404000000000001,0.0002185365936686983,1.404000000000001,0.0003367952616319699,1.404000000000001,0.0005240690181398751,1.404000000000001,7.000352942213045e-06,1.404000000000001,5.510016399135234e-06,1.404000000000001,8.853071248038561e-06,1.404000000000001,6.275645437024185e-06,1.404000000000001,9.996377607689112e-06,1.404000000000001,4.097306231326604e-06,1.404000000000001,7.985040597784555e-06,1.404000000000001,5.779695986329528e-06,1.404000000000001,9.483155955257616e-06,1.404000000000001,1.597187390861044e-05,1.404000000000001,1.404000000000001,1.404000000000001,1.404000000000001,1.404000000000001,1.404000000000001,1.404000000000001,1.404000000000001,1.404000000000001,1.404000000000001,1.404000000000001,1.404000000000001,1.404000000000001,1.404000000000001,1.404000000000001,1.404000000000001,1.404000000000001,1.404000000000001,1.404000000000001,1.404000000000001,1.404000000000001,1.404000000000001,1.404000000000001,1.404000000000001,1.404000000000001,1.404000000000001,1.404000000000001,1.404000000000001,1.404000000000001,1.404000000000001,1.404000000000001,1.404000000000001,1.404000000000001,1.404000000000001,1.404000000000001,1.404000000000001,1.404000000000001,1.404000000000001,1.404000000000001,1.404000000000001,1.404000000000001,1.404000000000001,1.404000000000001,1.404000000000001,1.404000000000001,1.404000000000001,1.404000000000001,1.404000000000001,1.404000000000001,1.404000000000001,1.404000000000001,1.404000000000001,1.404000000000001,1.404000000000001,1.404000000000001,1.404000000000001,1.404000000000001,1.404000000000001,1.404000000000001,1.404000000000001,1.404000000000001,1.404000000000001,1.404000000000001,1.404000000000001,1.404000000000001,1.404000000000001,1.404000000000001,1.404000000000001,1.404000000000001,1.404000000000001,1.404000000000001,1.404000000000001,1.404000000000001,1.404000000000001,1.404000000000001,1.404000000000001,1.404000000000001,1.404000000000001,1.404000000000001,1.404000000000001,1.404000000000001,0.0004849648568360243
1.440000000000001,0.0001913642219831044,1.440000000000001,0.0002912731636006171,1.440000000000001,0.0002153709933030037,1.440000000000001,0.0003239989692292793,1.440000000000001,0.0001473515246589839,1.440000000000001,0.0002658416185988634,1.440000000000001,0.0002006051160568613,1.440000000000001,0.0003089418747898911,1.440000000000001,0.0004803956799090854,1.440000000000001,8.086935295150775e-06,1.440000000000001,6.307975597118897e-06,1.440000000000001,1.023439028152995e-05,1.440000000000001,7.224543617964469e-06,1.440000000000001,1.160043093209341e-05,1.440000000000001,4.699944915807972e-06,1.440000000000001,9.198210144963416e-06,1.440000000000001,6.666539056607173e-06,1.440000000000001,1.095734530311974e-05,1.440000000000001,1.848805155620714e-05,1.440000000000001,0.0001199322660649656,1.440000000000001,9.589701330403332e-05,1.440000000000001,0.0001490277169197834,1.440000000000001,0.0001083227295042339,1.440000000000001,0.0001666749039424788,1.440000000000001,7.26786855030499e-05,1.440000000000001,0.0001354534322580597,1.440000000000001,0.0001003474255134982,1.440000000000001,0.0001587678326708173,1.440000000000001,0.0002554936526660216,1.440000000000001,2.948222065130324e-06,1.440000000000001,2.302230983865186e-06,1.440000000000001,3.752266077939368e-06,1.440000000000001,2.633622037701147e-06,1.440000000000001,4.255777344223562e-06,1.440000000000001,1.702406587272121e-06,1.440000000000001,3.371780624095393e-06,1.440000000000001,2.422004266692203e-06,1.440000000000001,4.026448438652279e-06,1.440000000000001,6.893174435628008e-06,1.440000000000001,1.440000000000001,1.440000000000001,1.440000000000001,1.440000000000001,1.440000000000001,1.440000000000001,1.440000000000001,1.440000000000001,1.440000000000001,1.440000000000001,1.440000000000001,1.440000000000001,1.440000000000001,1.440000000000001,1.440000000000001,1.440000000000001,1.440000000000001,1.440000000000001,1.440000000000001,1.440000000000001,1.440000000000001,1.440000000000001,1.440000000000001,1.440000000000001,1.440000000000001,1.440000000000001,1.440000000000001,1.440000000000001,1.440000000000001,1.440000000000001,1.440000000000001,1.440000000000001,1.440000000000001,1.440000000000001,1.440000000000001,1.440000000000001,1.440000000000001,1.440000000000001,1.440000000000001,1.440000000000001,1.440000000000001,1.440000000000001,1.440000000000001,1.440000000000001,1.440000000000001,1.440000000000001,1.440000000000001,1.440000000000001,1.440000000000001,1.440000000000001,1.440000000000001,1.440000000000001,1.440000000000001,1.440000000000001,1.440000000000001,1.440000000000001,1.440000000000001,1.440000000000001,1.440000000000001,1.440000000000001,1.440000000000001,1.440000000000001,1.440000000000001,1.440000000000001,1.440000000000001,1.440000000000001,1.440000000000001,1.440000000000001,1.440000000000001,1.440000000000001,1.440000000000001,1.440000000000001,1.440000000000001,1.440000000000001,1.440000000000001,1.440000000000001,1.440000000000001,1.440000000000001,1.440000000000001,1.440000000000001,0.000237502662458518
1.476000000000001,8.781080166677343e-05,1.476000000000001,0.0001375140908807892,1.476000000000001,9.963793586752575e-05,1.476000000000001,0.0001542855867983728,1.476000000000001,6.66993823528244e-05,1.476000000000001,0.0001246239276327508,1.476000000000001,9.246597523661041e-05,1.476000000000001,0.0001464305040954798,1.476000000000001,0.0002359093841483809,1.476000000000001,3.396535405644328e-06,1.476000000000001,2.626633398776628e-06,1.476000000000001,4.33081574538233e-06,1.476000000000001,3.022491907956043e-06,1.476000000000001,4.932603231424088e-06,1.476000000000001,1.942837492847924e-06,1.476000000000001,3.876717251324233e-06,1.476000000000001,2.783514907582369e-06,1.476000000000001,4.646694931179406e-06,1.476000000000001,7.988166895875008e-06,1.476000000000001,5.356181395081198e-05,1.476000000000001,4.228080702251047e-05,1.476000000000001,6.726644523806282e-05,1.476000000000001,4.810028666710368e-05,1.476000000000001,7.574797630443242e-05,1.476000000000001,3.1679050349953e-05,1.476000000000001,6.078942583419387e-05,1.476000000000001,4.443046487678092e-05,1.476000000000001,7.187730668397385e-05,1.476000000000001,0.0001187821155417261,1.476000000000001,1.221291774546231e-06,1.476000000000001,9.485632026306944e-07,1.476000000000001,1.561433692447598e-06,1.476000000000001,1.088283366111352e-06,1.476000000000001,1.776984462021273e-06,1.476000000000001,6.992883971989397e-07,1.476000000000001,1.399238303926984e-06,1.476000000000001,9.99962304861647e-07,1.476000000000001,1.677726452527604e-06,1.476000000000001,2.909979912132438e-06,1.476000000000001,1.476000000000001,1.476000000000001,1.476000000000001,1.476000000000001,1.476000000000001,1.476000000000001,1.476000000000001,1.476000000000001,1.476000000000001,1.476000000000001,1.476000000000001,1.476000000000001,1.476000000000001,1.476000000000001,1.476000000000001,1.476000000000001,1.476000000000001,1.476000000000001,1.476000000000001,1.476000000000001,1.476000000000001,1.476000000000001,1.476000000000001,1.476000000000001,1.476000000000001,1.476000000000001,1.476000000000001,1.476000000000001,1.476000000000001,1.476000000000001,1.476000000000001,1.476000000000001,1.476000000000001,1.476000000000001,1.476000000000001,1.476000000000001,1.476000000000001,1.476000000000001,1.476000000000001,1.476000000000001,1.476000000000001,1.476000000000001,1.476000000000001,1.476000000000001,1.476000000000001,1.476000000000001,1.476000000000001,1.476000000000001,1.476000000000001,1.476000000000001,1.476000000000001,1.476000000000001,1.476000000000001,1.476000000000001,1.476000000000001,1.476000000000001,1.476000000000001,1.476000000000001,1.476000000000001,1.476000000000001,1.476000000000001,1.476000000000001,1.476000000000001,1.476000000000001,1.476000000000001,1.476000000000001,1.476000000000001,1.476000000000001,1.476000000000001,1.476000000000001,1.476000000000001,1.476000000000001,1.476000000000001,1.476000000000001,1.476000000000001,1.476000000000001,1.476000000000001,1.476000000000001,1.476000000000001,1.476000000000001,0.000110628497659323
1.512000000000001,3.879363465677815e-05,1.512000000000001,6.223382284523197e-05,1.512000000000001,4.433205425402722e-05,1.512000000000001,7.031164332100862e-05,1.512000000000001,2.910840986003696e-05,1.512000000000001,5.607328773662875e-05,1.512000000000001,4.100950268604275e-05,1.512000000000001,6.648207059873674e-05,1.512000000000001,0.0001101564783387444,1.512000000000001,1.397305307640307e-06,1.512000000000001,1.073873422355228e-06,1.512000000000001,1.791911888981814e-06,1.512000000000001,1.239860670529351e-06,1.512000000000001,2.048737800324716e-06,1.512000000000001,7.905030495908596e-07,1.512000000000001,1.599036390515579e-06,1.512000000000001,1.140213080064408e-06,1.512000000000001,1.925869596435066e-06,1.512000000000001,3.362911411216505e-06,1.512000000000001,2.312543925087047e-05,1.512000000000001,1.803585171088284e-05,1.512000000000001,2.933242275231749e-05,1.512000000000001,2.065585194410037e-05,1.512000000000001,3.323824045064661e-05,1.512000000000001,1.336799458059073e-05,1.512000000000001,2.636743780305591e-05,1.512000000000001,1.902738946230649e-05,1.512000000000001,3.142984999009029e-05,1.512000000000001,5.31766270354279e-05,1.512000000000001,5.015646470572886e-07,1.512000000000001,3.88821477123655e-07,1.512000000000001,6.425308818035087e-07,1.512000000000001,4.465098800131986e-07,1.512000000000001,7.326369789200323e-07,1.512000000000001,2.868435850554426e-07,1.512000000000001,5.749632111036309e-07,1.512000000000001,4.102514378172009e-07,1.512000000000001,6.908334865384044e-07,1.512000000000001,1.20804837032523e-06,1.512000000000001,1.512000000000001,1.512000000000001,1.512000000000001,1.512000000000001,1.512000000000001,1.512000000000001,1.512000000000001,1.512000000000001,1.512000000000001,1.512000000000001,1.512000000000001,1.512000000000001,1.512000000000001,1.512000000000001,1.512000000000001,1.512000000000001,1.512000000000001,1.512000000000001,1.512000000000001,1.512000000000001,1.512000000000001,1.512000000000001,1.512000000000001,1.512000000000001,1.512000000000001,1.512000000000001,1.512000000000001,1.512000000000001,1.512000000000001,1.512000000000001,1.512000000000001,1.512000000000001,1.512000000000001,1.512000000000001,1.512000000000001,1.512000000000001,1.512000000000001,1.512000000000001,1.512000000000001,1.512000000000001,1.512000000000001,1.512000000000001,1.512000000000001,1.512000000000001,1.512000000000001,1.512000000000001,1.512000000000001,1.512000000000001,1.512000000000001,1.512000000000001,1.512000000000001,1.512000000000001,1.512000000000001,1.512000000000001,1.512000000000001,1.512000000000001,1.512000000000001,1.512000000000001,1.512000000000001,1.512000000000001,1.512000000000001,1.512000000000001,1.512000000000001,1.512000000000001,1.512000000000001,1.512000000000001,1.512000000000001,1.512000000000001,1.512000000000001,1.512000000000001,1.512000000000001,1.512000000000001,1.512000000000001,1.512000000000001,1.512000000000001,1.512000000000001,1.512000000000001,1.512000000000001,1.512000000000001,1.512000000000001,4.950862943449e-05
1.548000000000001,1.655757636500253e-05,1.548000000000001,2.716076507224813e-05,1.548000000000001,1.904638370438609e-05,1.548000000000001,3.087960614230754e-05,1.548000000000001,1.228299119836533e-05,1.548000000000001,2.434244663042884e-05,1.548000000000001,1.756605800228817e-05,1.548000000000001,2.909985065026076e-05,1.548000000000001,4.941557104696401e-05,1.548000000000001,5.67318256763356e-07,1.548000000000001,4.346747929801393e-07,1.548000000000001,7.299610868745012e-07,1.548000000000001,5.026413829667928e-07,1.548000000000001,8.366273021621896e-07,1.548000000000001,3.195197816086762e-07,1.548000000000001,6.50165643894356e-07,1.548000000000001,4.619456942636301e-07,1.548000000000001,7.85362141642718e-07,1.548000000000001,1.386424222431231e-06,1.548000000000001,9.674339321039029e-06,1.548000000000001,7.463869881399258e-06,1.548000000000001,1.238439220209273e-05,1.548000000000001,8.599153330139943e-06,1.548000000000001,1.411572894993176e-05,1.548000000000001,5.480242009401914e-06,1.548000000000001,1.107788656841883e-05,1.548000000000001,7.901490101162242e-06,1.548000000000001,1.330445948613097e-05,1.548000000000001,2.301629941354904e-05,1.548000000000001,2.066209513360244e-07,1.548000000000001,1.607627209876515e-07,1.548000000000001,2.641813048822941e-07,1.548000000000001,1.841967550469153e-07,1.548000000000001,3.011604953645094e-07,1.548000000000001,1.194510273387411e-07,1.548000000000001,2.365288247587325e-07,1.548000000000001,1.694617058102232e-07,1.548000000000001,2.83942821662357e-07,1.548000000000001,4.970794063152323e-07,1.548000000000001,1.548000000000001,1.548000000000001,1.548000000000001,1.548000000000001,1.548000000000001,1.548000000000001,1.548000000000001,1.548000000000001,1.548000000000001,1.548000000000001,1.548000000000001,1.548000000000001,1.548000000000001,1.548000000000001,1.548000000000001,1.548000000000001,1.548000000000001,1.548000000000001,1.548000000000001,1.548000000000001,1.548000000000001,1.548000000000001,1.548000000000001,1.548000000000001,1.548000000000001,1.548000000000001,1.548000000000001,1.548000000000001,1.548000000000001,1.548000000000001,1.548000000000001,1.548000000000001,1.548000000000001,1.548000000000001,1.548000000000001,1.548000000000001,1.548000000000001,1.548000000000001,1.548000000000001,1.548000000000001,1.548000000000001,1.548000000000001,1.548000000000001,1.548000000000001,1.548000000000001,1.548000000000001,1.548000000000001,1.548000000000001,1.548000000000001,1.548000000000001,1.548000000000001,1.548000000000001,1.548000000000001,1.548000000000001,1.548000000000001,1.548000000000001,1.548000000000001,1.548000000000001,1.548000000000001,1.548000000000001,1.548000000000001,1.548000000000001,1.548000000000001,1.548000000000001,1.548000000000001,1.548000000000001,1.548000000000001,1.548000000000001,1.548000000000001,1.548000000000001,1.548000000000001,1.548000000000001,1.548000000000001,1.548000000000001,1.548000000000001,1.548000000000001,1.548000000000001,1.548000000000001,1.548000000000001,1.548000000000001,2.138512072802987e-05
1.584000000000001,6.84941919976156e-06,1.584000000000001,1.146348603231639e-05,1.584000000000001,7.92481952026329e-06,1.584000000000001,1.310888356411161e-05,1.584000000000001,5.031289971585702e-06,1.584000000000001,1.022414817074139e-05,1.584000000000001,7.289241049170501e-06,1.584000000000001,1.231525194643742e-05,1.584000000000001,2.139730275321455e-05,1.584000000000001,2.297053512196859e-07,1.584000000000001,1.762856955664325e-07,1.584000000000001,2.955381592312555e-07,1.584000000000001,2.036197172324146e-07,1.584000000000001,3.38914297678241e-07,1.584000000000001,1.301008701784818e-07,1.584000000000001,2.631861743272477e-07,1.584000000000001,1.872315975328617e-07,1.584000000000001,3.180250918190584e-07,1.584000000000001,5.639644822004812e-07,1.584000000000001,3.938286261130009e-06,1.584000000000001,3.012136844181592e-06,1.584000000000001,5.080434032661081e-06,1.584000000000001,3.486752097405659e-06,1.584000000000001,5.819783102917305e-06,1.584000000000001,2.195759713109421e-06,1.584000000000001,4.525673814834835e-06,1.584000000000001,3.197487191471686e-06,1.584000000000001,5.470021214678523e-06,1.584000000000001,9.652388625230079e-06,1.584000000000001,8.71266995809222e-08,1.584000000000001,6.872569670222378e-08,1.584000000000001,1.104064208461828e-07,1.584000000000001,7.810999357846153e-08,1.584000000000001,1.253680955168871e-07,1.584000000000001,5.205176540810627e-08,1.584000000000001,9.924661872188447e-08,1.584000000000001,7.213912523130359e-08,1.584000000000001,1.184163768057387e-07,1.584000000000001,2.051235898291338e-07,1.584000000000001,1.584000000000001,1.584000000000001,1.584000000000001,1.584000000000001,1.584000000000001,1.584000000000001,1.584000000000001,1.584000000000001,1.584000000000001,1.584000000000001,1.584000000000001,1.584000000000001,1.584000000000001,1.584000000000001,1.584000000000001,1.584000000000001,1.584000000000001,1.584000000000001,1.584000000000001,1.584000000000001,1.584000000000001,1.584000000000001,1.584000000000001,1.584000000000001,1.584000000000001,1.584000000000001,1.584000000000001,1.584000000000001,1.584000000000001,1.584000000000001,1.584000000000001,1.584000000000001,1.584000000000001,1.584000000000001,1.584000000000001,1.584000000000001,1.584000000000001,1.584000000000001,1.584000000000001,1.584000000000001,1.584000000000001,1.584000000000001,1.584000000000001,1.584000000000001,1.584000000000001,1.584000000000001,1.584000000000001,1.584000000000001,1.584000000000001,1.584000000000001,1.584000000000001,1.584000000000001,1.584000000000001,1.584000000000001,1.584000000000001,1.584000000000001,1.584000000000001,1.584000000000001,1.584000000000001,1.584000000000001,1.584000000000001,1.584000000000001,1.584000000000001,1.584000000000001,1.584000000000001,1.584000000000001,1.584000000000001,1.584000000000001,1.584000000000001,1.584000000000001,1.584000000000001,1.584000000000001,1.584000000000001,1.584000000000001,1.584000000000001,1.584000000000001,1.584000000000001,1.584000000000001,1.584000000000001,1.584000000000001,8.94091854881244e-06
1.620000000000001,2.761325918439353e-06,1.620000000000001,4.697403884334718e-06,1.620000000000001,3.209481817511058e-06,1.620000000000001,5.39817338695297e-06,1.620000000000001,2.013092300440486e-06,1.620000000000001,4.172608050094638e-06,1.620000000000001,2.945711018234687e-06,1.620000000000001,5.05808938721084e-06,1.620000000000001,8.967665086586852e-06,1.620000000000001,9.432805054585927e-08,1.620000000000001,7.31136195878086e-08,1.620000000000001,1.206523970578156e-07,1.620000000000001,8.395101843534514e-08,1.620000000000001,1.380161666839032e-07,1.620000000000001,5.471998447851109e-08,1.620000000000001,1.077331159649764e-07,1.620000000000001,7.739784162182871e-08,1.620000000000001,1.296670527590333e-07,1.620000000000001,2.287263735792488e-07,1.620000000000001,1.570554515094478e-06,1.620000000000001,1.194094915662923e-06,1.620000000000001,2.037329507162743e-06,1.620000000000001,1.386657137234725e-06,1.620000000000001,2.342641502030787e-06,1.620000000000001,8.666167722669603e-07,1.620000000000001,1.809348858874603e-06,1.620000000000001,1.269924141625567e-06,1.620000000000001,2.1971983439185e-06,1.620000000000001,3.938312178239925e-06,1.620000000000001,3.903069085743541e-08,1.620000000000001,3.176056665974078e-08,1.620000000000001,4.840090535384931e-08,1.620000000000001,3.545283335717378e-08,1.620000000000001,5.437686645645287e-08,1.620000000000001,2.500197533236847e-08,1.620000000000001,4.395769663275901e-08,1.620000000000001,3.301541744435187e-08,1.620000000000001,5.163686652233439e-08,1.620000000000001,8.662729962943015e-08,1.620000000000001,1.620000000000001,1.620000000000001,1.620000000000001,1.620000000000001,1.620000000000001,1.620000000000001,1.620000000000001,1.620000000000001,1.620000000000001,1.620000000000001,1.620000000000001,1.620000000000001,1.620000000000001,1.620000000000001,1.620000000000001,1.620000000000001,1.620000000000001,1.620000000000001,1.620000000000001,1.620000000000001,1.620000000000001,1.620000000000001,1.620000000000001,1.620000000000001,1.620000000000001,1.620000000000001,1.620000000000001,1.620000000000001,1.620000000000001,1.620000000000001,1.620000000000001,1.620000000000001,1.620000000000001,1.620000000000001,1.620000000000001,1.620000000000001,1.620000000000001,1.620000000000001,1.620000000000001,1.620000000000001,1.620000000000001,1.620000000000001,1.620000000000001,1.620000000000001,1.620000000000001,1.620000000000001,1.620000000000001,1.620000000000001,1.620000000000001,1.620000000000001,1.620000000000001,1.620000000000001,1.620000000000001,1.620000000000001,1.620000000000001,1.620000000000001,1.620000000000001,1.620000000000001,1.620000000000001,1.620000000000001,1.620000000000001,1.620000000000001,1.620000000000001,1.620000000000001,1.620000000000001,1.620000000000001,1.620000000000001,1.620000000000001,1.620000000000001,1.620000000000001,1.620000000000001,1.620000000000001,1.620000000000001,1.620000000000001,1.620000000000001,1.620000000000001,1.620000000000001,1.620000000000001,1.620000000000001,1.620000000000001,3.635066852582102e-06
1.656000000000001,1.09295798098011e-06,1.656000000000001,1.880623261002971e-06,1.656000000000001,1.274208831918433e-06,1.656000000000001,2.169140930533678e-06,1.656000000000001,7.929968807446402e-07,1.656000000000001,1.665597083543933e-06,1.656000000000001,1.167749250288983e-06,1.656000000000001,2.028525649309004e-06,1.656000000000001,3.654094473320786e-06,1.656000000000001,4.053065933722746e-08,1.656000000000001,3.221712955595093e-08,1.656000000000001,5.098239789732692e-08,1.656000000000001,3.645215152429616e-08,1.656000000000001,5.784583340173327e-08,1.656000000000001,2.489274252670212e-08,1.656000000000001,4.588865269431228e-08,1.656000000000001,3.382759120971029e-08,1.656000000000001,5.457302207773363e-08,1.656000000000001,9.406193679713214e-08,1.656000000000001,6.187269856259757e-07,1.656000000000001,4.692025655446027e-07,1.656000000000001,8.049982090086176e-07,1.656000000000001,5.455718114113898e-07,1.656000000000001,9.277290032211363e-07,1.656000000000001,3.402324975214999e-07,1.656000000000001,7.136949948204177e-07,1.656000000000001,4.993880576862356e-07,1.656000000000001,8.690012339978996e-07,1.656000000000001,1.573724203104069e-06,1.656000000000001,1.970709996599544e-08,1.656000000000001,1.691145455057067e-08,1.656000000000001,2.348010019170346e-08,1.656000000000001,1.831681848796353e-08,1.656000000000001,2.582666052561441e-08,1.656000000000001,1.412221106444464e-08,1.656000000000001,2.174566014027462e-08,1.656000000000001,1.729580350774161e-08,1.656000000000001,2.479338606557196e-08,1.656000000000001,3.885950668114894e-08,1.656000000000001,1.656000000000001,1.656000000000001,1.656000000000001,1.656000000000001,1.656000000000001,1.656000000000001,1.656000000000001,1.656000000000001,1.656000000000001,1.656000000000001,1.656000000000001,1.656000000000001,1.656000000000001,1.656000000000001,1.656000000000001,1.656000000000001,1.656000000000001,1.656000000000001,1.656000000000001,1.656000000000001,1.656000000000001,1.656000000000001,1.656000000000001,1.656000000000001,1.656000000000001,1.656000000000001,1.656000000000001,1.656000000000001,1.656000000000001,1.656000000000001,1.656000000000001,1.656000000000001,1.656000000000001,1.656000000000001,1.656000000000001,1.656000000000001,1.656000000000001,1.656000000000001,1.656000000000001,1.656000000000001,1.656000000000001,1.656000000000001,1.656000000000001,1.656000000000001,1.656000000000001,1.656000000000001,1.656000000000001,1.656000000000001,1.656000000000001,1.656000000000001,1.656000000000001,1.656000000000001,1.656000000000001,1.656000000000001,1.656000000000001,1.656000000000001,1.656000000000001,1.656000000000001,1.656000000000001,1.656000000000001,1.656000000000001,1.656000000000001,1.656000000000001,1.656000000000001,1.656000000000001,1.656000000000001,1.656000000000001,1.656000000000001,1.656000000000001,1.656000000000001,1.656000000000001,1.656000000000001,1.656000000000001,1.656000000000001,1.656000000000001,1.656000000000001,1.656000000000001,1.656000000000001,1.656000000000001,1.656000000000001,1.447047377931915e-06
1.692000000000001,4.284865121418205e-07,1.692000000000001,7.414586979417731e-07,1.692000000000001,5.001558485182413e-07,1.692000000000001,8.570914261792864e-07,1.692000000000001,3.104713211448213e-07,1.692000000000001,6.555958880077595e-07,1.692000000000001,4.580549196194785e-07,1.692000000000001,8.006019070763601e-07,1.692000000000001,1.457480949928514e-06,1.692000000000001,1.92446091554611e-08,1.692000000000001,1.604913537062997e-08,1.692000000000001,2.338499464885872e-08,1.692000000000001,1.766654982330537e-08,1.692000000000001,2.606092801711615e-08,1.692000000000001,1.310184134314834e-08,1.692000000000001,2.14069707110966e-08,1.692000000000001,1.659867800613165e-08,1.692000000000001,2.481563755879987e-08,1.692000000000001,4.046596395937774e-08,1.692000000000001,2.434462511373297e-07,1.692000000000001,1.850471587814013e-07,1.692000000000001,3.165440849096526e-07,1.692000000000001,2.14834990934425e-07,1.692000000000001,3.649095019947319e-07,1.692000000000001,1.348445642279862e-07,1.692000000000001,2.806636034921791e-07,1.692000000000001,1.967913867236323e-07,1.692000000000001,3.417240755073322e-07,1.692000000000001,6.210445650641497e-07,1.692000000000001,1.191061675007928e-08,1.692000000000001,1.090310520376545e-08,1.692000000000001,1.344238140998504e-08,1.692000000000001,1.139515031160327e-08,1.692000000000001,1.43330945003238e-08,1.692000000000001,9.699264465736769e-09,1.692000000000001,1.279321686135813e-08,1.692000000000001,1.094059150290363e-08,1.692000000000001,1.398522322798392e-08,1.692000000000001,1.964392842010233e-08,1.692000000000001,1.692000000000001,1.692000000000001,1.692000000000001,1.692000000000001,1.692000000000001,1.692000000000001,1.692000000000001,1.692000000000001,1.692000000000001,1.692000000000001,1.692000000000001,1.692000000000001,1.692000000000001,1.692000000000001,1.692000000000001,1.692000000000001,1.692000000000001,1.692000000000001,1.692000000000001,1.692000000000001,1.692000000000001,1.692000000000001,1.692000000000001,1.692000000000001,1.692000000000001,1.692000000000001,1.692000000000001,1.692000000000001,1.692000000000001,1.692000000000001,1.692000000000001,1.692000000000001,1.692000000000001,1.692000000000001,1.692000000000001,1.692000000000001,1.692000000000001,1.692000000000001,1.692000000000001,1.692000000000001,1.692000000000001,1.692000000000001,1.692000000000001,1.692000000000001,1.692000000000001,1.692000000000001,1.692000000000001,1.692000000000001,1.692000000000001,1.692000000000001,1.692000000000001,1.692000000000001,1.692000000000001,1.692000000000001,1.692000000000001,1.692000000000001,1.692000000000001,1.692000000000001,1.692000000000001,1.692000000000001,1.692000000000001,1.692000000000001,1.692000000000001,1.692000000000001,1.692000000000001,1.692000000000001,1.692000000000001,1.692000000000001,1.692000000000001,1.692000000000001,1.692000000000001,1.692000000000001,1.692000000000001,1.692000000000001,1.692000000000001,1.692000000000001,1.692000000000001,1.692000000000001,1.692000000000001,1.692000000000001,5.687209493326267e-07
1.728000000000001,1.683779506944145e-07,1.728000000000001,2.906691295830677e-07,1.728000000000001,1.962595202480122e-07,1.728000000000001,3.361081840056076e-07,1.728000000000001,1.225036765602645e-07,1.728000000000001,2.570188045232606e-07,1.728000000000001,1.798275405144237e-07,1.728000000000001,3.139028626532643e-07,1.728000000000001,5.737798236511008e-07,1.728000000000001,1.081660518645032e-08,1.728000000000001,9.638854893524333e-09,1.728000000000001,1.246351748390149e-08,1.728000000000001,1.022486900752264e-08,1.728000000000001,1.348259572282955e-08,1.728000000000001,8.415325745149535e-09,1.728000000000001,1.171690482389191e-08,1.728000000000001,9.771019708044613e-09,1.728000000000001,1.303984045451326e-08,1.728000000000001,1.923275622483341e-08,1.728000000000001,9.739718178648367e-08,1.728000000000001,7.488118097070677e-08,1.728000000000001,1.257760735457913e-07,1.728000000000001,8.634713846449864e-08,1.728000000000001,1.445632771416231e-07,1.728000000000001,5.544638052864417e-08,1.728000000000001,1.11870154828989e-07,1.728000000000001,7.933544603650865e-08,1.728000000000001,1.355746582498413e-07,1.728000000000001,2.447081824010658e-07,1.728000000000001,8.719404174706782e-09,1.728000000000001,8.4229104598654e-09,1.728000000000001,9.355963484316217e-09,1.728000000000001,8.552205600100667e-09,1.728000000000001,9.665586691449031e-09,1.728000000000001,7.852638199352101e-09,1.728000000000001,9.139470713731553e-09,1.728000000000001,8.324442958720711e-09,1.728000000000001,9.59076148734279e-09,1.728000000000001,1.188493729864876e-08,1.728000000000001,1.728000000000001,1.728000000000001,1.728000000000001,1.728000000000001,1.728000000000001,1.728000000000001,1.728000000000001,1.728000000000001,1.728000000000001,1.728000000000001,1.728000000000001,1.728000000000001,1.728000000000001,1.728000000000001,1.728000000000001,1.728000000000001,1.728000000000001,1.728000000000001,1.728000000000001,1.728000000000001,1.728000000000001,1.728000000000001,1.728000000000001,1.728000000000001,1.728000000000001,1.728000000000001,1.728000000000001,1.728000000000001,1.728000000000001,1.728000000000001,1.728000000000001,1.728000000000001,1.728000000000001,1.728000000000001,1.728000000000001,1.728000000000001,1.728000000000001,1.728000000000001,1.728000000000001,1.728000000000001,1.728000000000001,1.728000000000001,1.728000000000001,1.728000000000001,1.728000000000001,1.728000000000001,1.728000000000001,1.728000000000001,1.728000000000001,1.728000000000001,1.728000000000001,1.728000000000001,1.728000000000001,1.728000000000001,1.728000000000001,1.728000000000001,1.728000000000001,1.728000000000001,1.728000000000001,1.728000000000001,1.728000000000001,1.728000000000001,1.728000000000001,1.728000000000001,1.728000000000001,1.728000000000001,1.728000000000001,1.728000000000001,1.728000000000001,1.728000000000001,1.728000000000001,1.728000000000001,1.728000000000001,1.728000000000001,1.728000000000001,1.728000000000001,1.728000000000001,1.728000000000001,1.728000000000001,1.728000000000001,2.230064933656903e-07
1.764000000000001,6.770122959688474e-08,1.764000000000001,1.149361471142681e-07,1.764000000000001,7.841285788598091e-08,1.764000000000001,1.325422659318213e-07,1.764000000000001,4.997777981924117e-08,1.764000000000001,1.019251097817059e-07,1.764000000000001,7.203932820706406e-08,1.764000000000001,1.239609824259379e-07,1.764000000000001,2.252967114840428e-07,1.764000000000001,7.452269318971757e-09,1.764000000000001,7.066594908779358e-09,1.764000000000001,8.11771972454965e-09,1.764000000000001,7.247970144814445e-09,1.764000000000001,8.484556375334998e-09,1.764000000000001,6.520752795414635e-09,1.764000000000001,7.855456413838819e-09,1.764000000000001,7.035879224914949e-09,1.764000000000001,8.357439790652404e-09,1.764000000000001,1.081814951160128e-08,1.764000000000001,4.100130213696805e-08,1.764000000000001,3.243305825991329e-08,1.764000000000001,5.195543156212737e-08,1.764000000000001,3.678282347186376e-08,1.764000000000001,5.916759320235866e-08,1.764000000000001,2.489637428278598e-08,1.764000000000001,4.663063983870813e-08,1.764000000000001,3.40477569886876e-08,1.764000000000001,5.574969327359167e-08,1.764000000000001,9.800839238203806e-08,1.764000000000001,7.368210720828946e-09,1.764000000000001,7.352645839406132e-09,1.764000000000001,7.647386501842576e-09,1.764000000000001,7.338958406943813e-09,1.764000000000001,7.726142242748644e-09,1.764000000000001,7.036623395742162e-09,1.764000000000001,7.602506516821773e-09,1.764000000000001,7.202534098319545e-09,1.764000000000001,7.758972396143728e-09,1.764000000000001,8.709324002115368e-09,1.764000000000001,1.764000000000001,1.764000000000001,1.764000000000001,1.764000000000001,1.764000000000001,1.764000000000001,1.764000000000001,1.764000000000001,1.764000000000001,1.764000000000001,1.764000000000001,1.764000000000001,1.764000000000001,1.764000000000001,1.764000000000001,1.764000000000001,1.764000000000001,1.764000000000001,1.764000000000001,1.764000000000001,1.764000000000001,1.764000000000001,1.764000000000001,1.764000000000001,1.764000000000001,1.764000000000001,1.764000000000001,1.764000000000001,1.764000000000001,1.764000000000001,1.764000000000001,1.764000000000001,1.764000000000001,1.764000000000001,1.764000000000001,1.764000000000001,1.764000000000001,1.764000000000001,1.764000000000001,1.764000000000001,1.764000000000001,1.764000000000001,1.764000000000001,1.764000000000001,1.764000000000001,1.764000000000001,1.764000000000001,1.764000000000001,1.764000000000001,1.764000000000001,1.764000000000001,1.764000000000001,1.764000000000001,1.764000000000001,1.764000000000001,1.764000000000001,1.764000000000001,1.764000000000001,1.764000000000001,1.764000000000001,1.764000000000001,1.764000000000001,1.764000000000001,1.764000000000001,1.764000000000001,1.764000000000001,1.764000000000001,1.764000000000001,1.764000000000001,1.764000000000001,1.764000000000001,1.764000000000001,1.764000000000001,1.764000000000001,1.764000000000001,1.764000000000001,1.764000000000001,1.764000000000001,1.764000000000001,1.764000000000001,8.872045755217122e-08
1.8,2.898809546217832e-08,1.8,4.707591582724485e-08,1.8,3.305028325034067e-08,1.8,5.382220431472414e-08,1.8,2.213729065516015e-08,1.8,4.210134045352652e-08,1.8,3.057293122637281e-08,1.8,5.056223350858349e-08,1.8,8.97176792138708e-08,1.8,6.079057172468624e-09,1.8,6.003214165921417e-09,1.8,6.35889146507914e-09,1.8,6.026463226216781e-09,1.8,6.469866888255549e-09,1.8,5.723923168234201e-09,1.8,6.286466616338087e-09,1.8,5.909638355072264e-09,1.8,6.466208261679216e-09,1.8,7.458459092754975e-09,1.8,1.929770736128284e-08,1.8,1.610608804465105e-08,1.8,2.352219347963469e-08,1.8,1.771420695730303e-08,1.8,2.625220777587521e-08,1.8,1.31429101668922e-08,1.8,2.151552918095746e-08,1.8,1.662584362972735e-08,1.8,2.49946197735696e-08,1.8,4.128247710675429e-08,1.8,6.754972442734624e-09,1.8,6.849115682817166e-09,1.8,6.89125261376259e-09,1.8,6.779892135574201e-09,1.8,6.878889086728714e-09,1.8,6.636188240789999e-09,1.8,6.913890080373088e-09,1.8,6.680776980041707e-09,1.8,6.953372715563428e-09,1.8,7.367137084228954e-09,1.8,1.8,1.8,1.8,1.8,1.8,1.8,1.8,1.8,1.8,1.8,1.8,1.8,1.8,1.8,1.8,1.8,1.8,1.8,1.8,1.8,1.8,1.8,1.8,1.8,1.8,1.8,1.8,1.8,1.8,1.8,1.8,1.8,1.8,1.8,1.8,1.8,1.8,1.8,1.8,1.8,1.8,1.8,1.8,1.8,1.8,1.8,1.8,1.8,1.8,1.8,1.8,1.8,1.8,1.8,1.8,1.8,1.8,1.8,1.8,1.8,1.8,1.8,1.8,1.8,1.8,1.8,1.8,1.8,1.8,1.8,1.8,1.8,1.8,1.8,1.8,1.8,1.8,1.8,1.8,1.8,3.698032986101256e-08
