"/Q (modelFiles=ts18sl_scl_mat.lib:ff_18,mcparamset=2) X","/Q (modelFiles=ts18sl_scl_mat.lib:ff_18,mcparamset=2) Y","/Q (modelFiles=ts18sl_scl_mat.lib:ff_18,mcparamset=3) X","/Q (modelFiles=ts18sl_scl_mat.lib:ff_18,mcparamset=3) Y","/Q (modelFiles=ts18sl_scl_mat.lib:ff_18,mcparamset=4) X","/Q (modelFiles=ts18sl_scl_mat.lib:ff_18,mcparamset=4) Y","/Q (modelFiles=ts18sl_scl_mat.lib:ff_18,mcparamset=5) X","/Q (modelFiles=ts18sl_scl_mat.lib:ff_18,mcparamset=5) Y","/Q (modelFiles=ts18sl_scl_mat.lib:ff_18,mcparamset=6) X","/Q (modelFiles=ts18sl_scl_mat.lib:ff_18,mcparamset=6) Y","/Q (modelFiles=ts18sl_scl_mat.lib:ff_18,mcparamset=7) X","/Q (modelFiles=ts18sl_scl_mat.lib:ff_18,mcparamset=7) Y","/Q (modelFiles=ts18sl_scl_mat.lib:ff_18,mcparamset=8) X","/Q (modelFiles=ts18sl_scl_mat.lib:ff_18,mcparamset=8) Y","/Q (modelFiles=ts18sl_scl_mat.lib:ff_18,mcparamset=9) X","/Q (modelFiles=ts18sl_scl_mat.lib:ff_18,mcparamset=9) Y","/Q (modelFiles=ts18sl_scl_mat.lib:ff_18,mcparamset=10) X","/Q (modelFiles=ts18sl_scl_mat.lib:ff_18,mcparamset=10) Y","/Q (modelFiles=ts18sl_scl_mat.lib:fs_18,mcparamset=1) X","/Q (modelFiles=ts18sl_scl_mat.lib:fs_18,mcparamset=1) Y","/Q (modelFiles=ts18sl_scl_mat.lib:fs_18,mcparamset=2) X","/Q (modelFiles=ts18sl_scl_mat.lib:fs_18,mcparamset=2) Y","/Q (modelFiles=ts18sl_scl_mat.lib:fs_18,mcparamset=3) X","/Q (modelFiles=ts18sl_scl_mat.lib:fs_18,mcparamset=3) Y","/Q (modelFiles=ts18sl_scl_mat.lib:fs_18,mcparamset=4) X","/Q (modelFiles=ts18sl_scl_mat.lib:fs_18,mcparamset=4) Y","/Q (modelFiles=ts18sl_scl_mat.lib:fs_18,mcparamset=5) X","/Q (modelFiles=ts18sl_scl_mat.lib:fs_18,mcparamset=5) Y","/Q (modelFiles=ts18sl_scl_mat.lib:fs_18,mcparamset=6) X","/Q (modelFiles=ts18sl_scl_mat.lib:fs_18,mcparamset=6) Y","/Q (modelFiles=ts18sl_scl_mat.lib:fs_18,mcparamset=7) X","/Q (modelFiles=ts18sl_scl_mat.lib:fs_18,mcparamset=7) Y","/Q (modelFiles=ts18sl_scl_mat.lib:fs_18,mcparamset=8) X","/Q (modelFiles=ts18sl_scl_mat.lib:fs_18,mcparamset=8) Y","/Q (modelFiles=ts18sl_scl_mat.lib:fs_18,mcparamset=9) X","/Q (modelFiles=ts18sl_scl_mat.lib:fs_18,mcparamset=9) Y","/Q (modelFiles=ts18sl_scl_mat.lib:fs_18,mcparamset=10) X","/Q (modelFiles=ts18sl_scl_mat.lib:fs_18,mcparamset=10) Y","/Q (modelFiles=ts18sl_scl_mat.lib:sf_18,mcparamset=1) X","/Q (modelFiles=ts18sl_scl_mat.lib:sf_18,mcparamset=1) Y","/Q (modelFiles=ts18sl_scl_mat.lib:sf_18,mcparamset=2) X","/Q (modelFiles=ts18sl_scl_mat.lib:sf_18,mcparamset=2) Y","/Q (modelFiles=ts18sl_scl_mat.lib:sf_18,mcparamset=3) X","/Q (modelFiles=ts18sl_scl_mat.lib:sf_18,mcparamset=3) Y","/Q (modelFiles=ts18sl_scl_mat.lib:sf_18,mcparamset=4) X","/Q (modelFiles=ts18sl_scl_mat.lib:sf_18,mcparamset=4) Y","/Q (modelFiles=ts18sl_scl_mat.lib:sf_18,mcparamset=5) X","/Q (modelFiles=ts18sl_scl_mat.lib:sf_18,mcparamset=5) Y","/Q (modelFiles=ts18sl_scl_mat.lib:sf_18,mcparamset=6) X","/Q (modelFiles=ts18sl_scl_mat.lib:sf_18,mcparamset=6) Y","/Q (modelFiles=ts18sl_scl_mat.lib:sf_18,mcparamset=7) X","/Q (modelFiles=ts18sl_scl_mat.lib:sf_18,mcparamset=7) Y","/Q (modelFiles=ts18sl_scl_mat.lib:sf_18,mcparamset=8) X","/Q (modelFiles=ts18sl_scl_mat.lib:sf_18,mcparamset=8) Y","/Q (modelFiles=ts18sl_scl_mat.lib:sf_18,mcparamset=9) X","/Q (modelFiles=ts18sl_scl_mat.lib:sf_18,mcparamset=9) Y","/Q (modelFiles=ts18sl_scl_mat.lib:sf_18,mcparamset=10) X","/Q (modelFiles=ts18sl_scl_mat.lib:sf_18,mcparamset=10) Y","/Q (modelFiles=ts18sl_scl_mat.lib:ss_18,mcparamset=1) X","/Q (modelFiles=ts18sl_scl_mat.lib:ss_18,mcparamset=1) Y","/Q (modelFiles=ts18sl_scl_mat.lib:ss_18,mcparamset=2) X","/Q (modelFiles=ts18sl_scl_mat.lib:ss_18,mcparamset=2) Y","/Q (modelFiles=ts18sl_scl_mat.lib:ss_18,mcparamset=3) X","/Q (modelFiles=ts18sl_scl_mat.lib:ss_18,mcparamset=3) Y","/Q (modelFiles=ts18sl_scl_mat.lib:ss_18,mcparamset=4) X","/Q (modelFiles=ts18sl_scl_mat.lib:ss_18,mcparamset=4) Y","/Q (modelFiles=ts18sl_scl_mat.lib:ss_18,mcparamset=5) X","/Q (modelFiles=ts18sl_scl_mat.lib:ss_18,mcparamset=5) Y","/Q (modelFiles=ts18sl_scl_mat.lib:ss_18,mcparamset=6) X","/Q (modelFiles=ts18sl_scl_mat.lib:ss_18,mcparamset=6) Y","/Q (modelFiles=ts18sl_scl_mat.lib:ss_18,mcparamset=7) X","/Q (modelFiles=ts18sl_scl_mat.lib:ss_18,mcparamset=7) Y","/Q (modelFiles=ts18sl_scl_mat.lib:ss_18,mcparamset=8) X","/Q (modelFiles=ts18sl_scl_mat.lib:ss_18,mcparamset=8) Y","/Q (modelFiles=ts18sl_scl_mat.lib:ss_18,mcparamset=9) X","/Q (modelFiles=ts18sl_scl_mat.lib:ss_18,mcparamset=9) Y","/Q (modelFiles=ts18sl_scl_mat.lib:ss_18,mcparamset=10) X","/Q (modelFiles=ts18sl_scl_mat.lib:ss_18,mcparamset=10) Y","/VIN (modelFiles=ts18sl_scl_mat.lib:ff_18,mcparamset=1) X","/VIN (modelFiles=ts18sl_scl_mat.lib:ff_18,mcparamset=1) Y","/VIN (modelFiles=ts18sl_scl_mat.lib:ff_18,mcparamset=2) X","/VIN (modelFiles=ts18sl_scl_mat.lib:ff_18,mcparamset=2) Y","/VIN (modelFiles=ts18sl_scl_mat.lib:ff_18,mcparamset=3) X","/VIN (modelFiles=ts18sl_scl_mat.lib:ff_18,mcparamset=3) Y","/VIN (modelFiles=ts18sl_scl_mat.lib:ff_18,mcparamset=4) X","/VIN (modelFiles=ts18sl_scl_mat.lib:ff_18,mcparamset=4) Y","/VIN (modelFiles=ts18sl_scl_mat.lib:ff_18,mcparamset=5) X","/VIN (modelFiles=ts18sl_scl_mat.lib:ff_18,mcparamset=5) Y","/VIN (modelFiles=ts18sl_scl_mat.lib:ff_18,mcparamset=6) X","/VIN (modelFiles=ts18sl_scl_mat.lib:ff_18,mcparamset=6) Y","/VIN (modelFiles=ts18sl_scl_mat.lib:ff_18,mcparamset=7) X","/VIN (modelFiles=ts18sl_scl_mat.lib:ff_18,mcparamset=7) Y","/VIN (modelFiles=ts18sl_scl_mat.lib:ff_18,mcparamset=8) X","/VIN (modelFiles=ts18sl_scl_mat.lib:ff_18,mcparamset=8) Y","/VIN (modelFiles=ts18sl_scl_mat.lib:ff_18,mcparamset=9) X","/VIN (modelFiles=ts18sl_scl_mat.lib:ff_18,mcparamset=9) Y","/VIN (modelFiles=ts18sl_scl_mat.lib:ff_18,mcparamset=10) X","/VIN (modelFiles=ts18sl_scl_mat.lib:ff_18,mcparamset=10) Y","/VIN (modelFiles=ts18sl_scl_mat.lib:fs_18,mcparamset=1) X","/VIN (modelFiles=ts18sl_scl_mat.lib:fs_18,mcparamset=1) Y","/VIN (modelFiles=ts18sl_scl_mat.lib:fs_18,mcparamset=2) X","/VIN (modelFiles=ts18sl_scl_mat.lib:fs_18,mcparamset=2) Y","/VIN (modelFiles=ts18sl_scl_mat.lib:fs_18,mcparamset=3) X","/VIN (modelFiles=ts18sl_scl_mat.lib:fs_18,mcparamset=3) Y","/VIN (modelFiles=ts18sl_scl_mat.lib:fs_18,mcparamset=4) X","/VIN (modelFiles=ts18sl_scl_mat.lib:fs_18,mcparamset=4) Y","/VIN (modelFiles=ts18sl_scl_mat.lib:fs_18,mcparamset=5) X","/VIN (modelFiles=ts18sl_scl_mat.lib:fs_18,mcparamset=5) Y","/VIN (modelFiles=ts18sl_scl_mat.lib:fs_18,mcparamset=6) X","/VIN (modelFiles=ts18sl_scl_mat.lib:fs_18,mcparamset=6) Y","/VIN (modelFiles=ts18sl_scl_mat.lib:fs_18,mcparamset=7) X","/VIN (modelFiles=ts18sl_scl_mat.lib:fs_18,mcparamset=7) Y","/VIN (modelFiles=ts18sl_scl_mat.lib:fs_18,mcparamset=8) X","/VIN (modelFiles=ts18sl_scl_mat.lib:fs_18,mcparamset=8) Y","/VIN (modelFiles=ts18sl_scl_mat.lib:fs_18,mcparamset=9) X","/VIN (modelFiles=ts18sl_scl_mat.lib:fs_18,mcparamset=9) Y","/VIN (modelFiles=ts18sl_scl_mat.lib:fs_18,mcparamset=10) X","/VIN (modelFiles=ts18sl_scl_mat.lib:fs_18,mcparamset=10) Y","/VIN (modelFiles=ts18sl_scl_mat.lib:sf_18,mcparamset=1) X","/VIN (modelFiles=ts18sl_scl_mat.lib:sf_18,mcparamset=1) Y","/VIN (modelFiles=ts18sl_scl_mat.lib:sf_18,mcparamset=2) X","/VIN (modelFiles=ts18sl_scl_mat.lib:sf_18,mcparamset=2) Y","/VIN (modelFiles=ts18sl_scl_mat.lib:sf_18,mcparamset=3) X","/VIN (modelFiles=ts18sl_scl_mat.lib:sf_18,mcparamset=3) Y","/VIN (modelFiles=ts18sl_scl_mat.lib:sf_18,mcparamset=4) X","/VIN (modelFiles=ts18sl_scl_mat.lib:sf_18,mcparamset=4) Y","/VIN (modelFiles=ts18sl_scl_mat.lib:sf_18,mcparamset=5) X","/VIN (modelFiles=ts18sl_scl_mat.lib:sf_18,mcparamset=5) Y","/VIN (modelFiles=ts18sl_scl_mat.lib:sf_18,mcparamset=6) X","/VIN (modelFiles=ts18sl_scl_mat.lib:sf_18,mcparamset=6) Y","/VIN (modelFiles=ts18sl_scl_mat.lib:sf_18,mcparamset=7) X","/VIN (modelFiles=ts18sl_scl_mat.lib:sf_18,mcparamset=7) Y","/VIN (modelFiles=ts18sl_scl_mat.lib:sf_18,mcparamset=8) X","/VIN (modelFiles=ts18sl_scl_mat.lib:sf_18,mcparamset=8) Y","/VIN (modelFiles=ts18sl_scl_mat.lib:sf_18,mcparamset=9) X","/VIN (modelFiles=ts18sl_scl_mat.lib:sf_18,mcparamset=9) Y","/VIN (modelFiles=ts18sl_scl_mat.lib:sf_18,mcparamset=10) X","/VIN (modelFiles=ts18sl_scl_mat.lib:sf_18,mcparamset=10) Y","/VIN (modelFiles=ts18sl_scl_mat.lib:ss_18,mcparamset=1) X","/VIN (modelFiles=ts18sl_scl_mat.lib:ss_18,mcparamset=1) Y","/VIN (modelFiles=ts18sl_scl_mat.lib:ss_18,mcparamset=2) X","/VIN (modelFiles=ts18sl_scl_mat.lib:ss_18,mcparamset=2) Y","/VIN (modelFiles=ts18sl_scl_mat.lib:ss_18,mcparamset=3) X","/VIN (modelFiles=ts18sl_scl_mat.lib:ss_18,mcparamset=3) Y","/VIN (modelFiles=ts18sl_scl_mat.lib:ss_18,mcparamset=4) X","/VIN (modelFiles=ts18sl_scl_mat.lib:ss_18,mcparamset=4) Y","/VIN (modelFiles=ts18sl_scl_mat.lib:ss_18,mcparamset=5) X","/VIN (modelFiles=ts18sl_scl_mat.lib:ss_18,mcparamset=5) Y","/VIN (modelFiles=ts18sl_scl_mat.lib:ss_18,mcparamset=6) X","/VIN (modelFiles=ts18sl_scl_mat.lib:ss_18,mcparamset=6) Y","/VIN (modelFiles=ts18sl_scl_mat.lib:ss_18,mcparamset=7) X","/VIN (modelFiles=ts18sl_scl_mat.lib:ss_18,mcparamset=7) Y","/VIN (modelFiles=ts18sl_scl_mat.lib:ss_18,mcparamset=8) X","/VIN (modelFiles=ts18sl_scl_mat.lib:ss_18,mcparamset=8) Y","/VIN (modelFiles=ts18sl_scl_mat.lib:ss_18,mcparamset=9) X","/VIN (modelFiles=ts18sl_scl_mat.lib:ss_18,mcparamset=9) Y","/VIN (modelFiles=ts18sl_scl_mat.lib:ss_18,mcparamset=10) X","/VIN (modelFiles=ts18sl_scl_mat.lib:ss_18,mcparamset=10) Y","/Q (modelFiles=ts18sl_scl_mat.lib:ff_18,mcparamset=1) X","/Q (modelFiles=ts18sl_scl_mat.lib:ff_18,mcparamset=1) Y"
0,1.799999793409817,0,1.799999609939106,0,1.799999645216924,0,1.799999406813762,0,1.799999552643603,0,1.799999728051715,0,1.799999455578124,0,1.799999669130026,0,1.799999760275388,0,1.799999809882265,0,1.799999892737357,0,1.799999841536586,0,1.799999850853268,0,1.79999978383329,0,1.799999823492385,0,1.799999874928953,0,1.799999796524566,0,1.799999858530911,0,1.799999885459216,0,1.799999947447696,0,1.799999950822823,0,1.799999949239914,0,1.799999949135936,0,1.799999946806017,0,1.799999947241167,0,1.799999950592275,0,1.799999946549317,0,1.799999950113745,0,1.799999952120114,0,1.799999928405048,0,1.799999929289849,0,1.799999929624605,0,1.799999928876472,0,1.799999928864319,0,1.799999927204811,0,1.79999992996691,0,1.799999927637372,0,1.799999930122712,0,1.799999931985046,0,0,0,0,0,0,0,0,0,0,0,0,0,0,0,0,0,0,0,0,0,0,0,0,0,0,0,0,0,0,0,0,0,0,0,0,0,0,0,0,0,0,0,0,0,0,0,0,0,0,0,0,0,0,0,0,0,0,0,0,0,0,0,0,0,0,0,0,0,0,0,0,0,0,0,0,0,0,0,0,0,1.799999500780432
0.036,1.799999414192517,0.036,1.799998808271624,0.036,1.799998925220476,0.036,1.799998142875547,0.036,1.799998622506541,0.036,1.799999197198654,0.036,1.799998303672869,0.036,1.799999002607976,0.036,1.799999301288663,0.036,1.79999950656578,0.036,1.799999783348057,0.036,1.799999610473415,0.036,1.799999643204523,0.036,1.799999418408941,0.036,1.799999554491821,0.036,1.799999722066493,0.036,1.799999463227758,0.036,1.799999666615353,0.036,1.799999753585198,0.036,1.799999932871954,0.036,1.799999945005375,0.036,1.799999937932948,0.036,1.799999938884,0.036,1.799999929416672,0.036,1.799999934215634,0.036,1.799999942819106,0.036,1.799999930618257,0.036,1.79999994057787,0.036,1.799999945309172,0.036,1.799999921016292,0.036,1.79999992557444,0.036,1.799999923633152,0.036,1.799999923298581,0.036,1.799999920328579,0.036,1.799999920415872,0.036,1.799999925455701,0.036,1.799999919659107,0.036,1.799999924882874,0.036,1.799999927934319,0.036,0.036,0.036,0.036,0.036,0.036,0.036,0.036,0.036,0.036,0.036,0.036,0.036,0.036,0.036,0.036,0.036,0.036,0.036,0.036,0.036,0.036,0.036,0.036,0.036,0.036,0.036,0.036,0.036,0.036,0.036,0.036,0.036,0.036,0.036,0.036,0.036,0.036,0.036,0.036,0.036,0.036,0.036,0.036,0.036,0.036,0.036,0.036,0.036,0.036,0.036,0.036,0.036,0.036,0.036,0.036,0.036,0.036,0.036,0.036,0.036,0.036,0.036,0.036,0.036,0.036,0.036,0.036,0.036,0.036,0.036,0.036,0.036,0.036,0.036,0.036,0.036,0.036,0.036,0.036,0.036,1.799998451055456
0.07200000000000001,1.799998168302108,0.07200000000000001,1.799996197224346,0.07200000000000001,1.799996576228035,0.07200000000000001,1.799994056434239,0.07200000000000001,1.799995597973744,0.07200000000000001,1.799997459172049,0.07200000000000001,1.7999945717882,0.07200000000000001,1.79999682646577,0.07200000000000001,1.799997796785196,0.07200000000000001,1.799998506427351,0.07200000000000001,1.799999422327096,0.07200000000000001,1.799998847857617,0.07200000000000001,1.799998957595146,0.07200000000000001,1.799998214924954,0.07200000000000001,1.799998666815896,0.07200000000000001,1.799999217259422,0.07200000000000001,1.799998364652266,0.07200000000000001,1.79999903295747,0.07200000000000001,1.799999318212429,0.07200000000000001,1.79999988690255,0.07200000000000001,1.79999992788553,0.07200000000000001,1.799999902697721,0.07200000000000001,1.799999907147352,0.07200000000000001,1.799999874173749,0.07200000000000001,1.799999893385625,0.07200000000000001,1.799999919224927,0.07200000000000001,1.799999880206973,0.07200000000000001,1.79999991116619,0.07200000000000001,1.799999924830745,0.07200000000000001,1.799999900310733,0.07200000000000001,1.799999916968412,0.07200000000000001,1.799999907468284,0.07200000000000001,1.799999908553021,0.07200000000000001,1.799999895800595,0.07200000000000001,1.799999901777507,0.07200000000000001,1.799999914166737,0.07200000000000001,1.799999897055344,0.07200000000000001,1.799999911171646,0.07200000000000001,1.7999999180352,0.07200000000000001,0.07200000000000001,0.07200000000000001,0.07200000000000001,0.07200000000000001,0.07200000000000001,0.07200000000000001,0.07200000000000001,0.07200000000000001,0.07200000000000001,0.07200000000000001,0.07200000000000001,0.07200000000000001,0.07200000000000001,0.07200000000000001,0.07200000000000001,0.07200000000000001,0.07200000000000001,0.07200000000000001,0.07200000000000001,0.07200000000000001,0.07200000000000001,0.07200000000000001,0.07200000000000001,0.07200000000000001,0.07200000000000001,0.07200000000000001,0.07200000000000001,0.07200000000000001,0.07200000000000001,0.07200000000000001,0.07200000000000001,0.07200000000000001,0.07200000000000001,0.07200000000000001,0.07200000000000001,0.07200000000000001,0.07200000000000001,0.07200000000000001,0.07200000000000001,0.07200000000000001,0.07200000000000001,0.07200000000000001,0.07200000000000001,0.07200000000000001,0.07200000000000001,0.07200000000000001,0.07200000000000001,0.07200000000000001,0.07200000000000001,0.07200000000000001,0.07200000000000001,0.07200000000000001,0.07200000000000001,0.07200000000000001,0.07200000000000001,0.07200000000000001,0.07200000000000001,0.07200000000000001,0.07200000000000001,0.07200000000000001,0.07200000000000001,0.07200000000000001,0.07200000000000001,0.07200000000000001,0.07200000000000001,0.07200000000000001,0.07200000000000001,0.07200000000000001,0.07200000000000001,0.07200000000000001,0.07200000000000001,0.07200000000000001,0.07200000000000001,0.07200000000000001,0.07200000000000001,0.07200000000000001,0.07200000000000001,0.07200000000000001,0.07200000000000001,0.07200000000000001,1.799995045449165
0.108,1.79999412952623,0.108,1.79998786606085,0.108,1.799989059220975,0.108,1.799981180921459,0.108,1.799985975472687,0.108,1.79999186178227,0.108,1.799982773059056,0.108,1.799989853195958,0.108,1.799992940613401,0.108,1.799995236781543,0.108,1.799998231071425,0.108,1.79999634733291,0.108,1.799996706508131,0.108,1.799994291496158,0.108,1.799995759272444,0.108,1.799997555629655,0.108,1.799994776937735,0.108,1.799996951515997,0.108,1.799997884193272,0.108,1.799999737945682,0.108,1.799999873639843,0.108,1.799999788917026,0.108,1.799999804864978,0.108,1.799999694842575,0.108,1.79999976129582,0.108,1.799999843665757,0.108,1.799999716707823,0.108,1.799999816490462,0.108,1.799999859462685,0.108,1.799999836182932,0.108,1.79999989255456,0.108,1.799999858172902,0.108,1.799999863972754,0.108,1.799999819100639,0.108,1.799999844519209,0.108,1.799999880875208,0.108,1.799999826745245,0.108,1.799999869905285,0.108,1.7999998891739,0.108,0.108,0.108,0.108,0.108,0.108,0.108,0.108,0.108,0.108,0.108,0.108,0.108,0.108,0.108,0.108,0.108,0.108,0.108,0.108,0.108,0.108,0.108,0.108,0.108,0.108,0.108,0.108,0.108,0.108,0.108,0.108,0.108,0.108,0.108,0.108,0.108,0.108,0.108,0.108,0.108,0.108,0.108,0.108,0.108,0.108,0.108,0.108,0.108,0.108,0.108,0.108,0.108,0.108,0.108,0.108,0.108,0.108,0.108,0.108,0.108,0.108,0.108,0.108,0.108,0.108,0.108,0.108,0.108,0.108,0.108,0.108,0.108,0.108,0.108,0.108,0.108,0.108,0.108,0.108,0.108,1.799984252477977
0.144,1.799981353193624,0.144,1.799962186940913,0.144,1.799965780896611,0.144,1.799942271785803,0.144,1.799956454788229,0.144,1.799974346677667,0.144,1.799946929515615,0.144,1.799968210793099,0.144,1.799977687666243,0.144,1.79998474033256,0.144,1.79999433632265,0.144,1.799988276064059,0.144,1.799989422380365,0.144,1.799981757514258,0.144,1.79998639414349,0.144,1.79999215168429,0.144,1.799983281291923,0.144,1.799990209815626,0.144,1.79999321306945,0.144,1.799999252672902,0.144,1.799999697530101,0.144,1.799999418232864,0.144,1.799999471665821,0.144,1.799999110914635,0.144,1.799999330862021,0.144,1.799999597777454,0.144,1.799999184109039,0.144,1.799999508142467,0.144,1.799999646909817,0.144,1.799999630187916,0.144,1.79999981651369,0.144,1.799999700609683,0.144,1.79999972187215,0.144,1.79999957205596,0.144,1.799999661018323,0.144,1.799999775681483,0.144,1.799999600582014,0.144,1.79999973858686,0.144,1.799999798373432,0.144,0.144,0.144,0.144,0.144,0.144,0.144,0.144,0.144,0.144,0.144,0.144,0.144,0.144,0.144,0.144,0.144,0.144,0.144,0.144,0.144,0.144,0.144,0.144,0.144,0.144,0.144,0.144,0.144,0.144,0.144,0.144,0.144,0.144,0.144,0.144,0.144,0.144,0.144,0.144,0.144,0.144,0.144,0.144,0.144,0.144,0.144,0.144,0.144,0.144,0.144,0.144,0.144,0.144,0.144,0.144,0.144,0.144,0.144,0.144,0.144,0.144,0.144,0.144,0.144,0.144,0.144,0.144,0.144,0.144,0.144,0.144,0.144,0.144,0.144,0.144,0.144,0.144,0.144,0.144,0.144,1.799951341060589
0.18,1.799942519314567,0.18,1.799887118882644,0.18,1.799897266444344,0.18,1.799831660424409,0.18,1.799870741680615,0.18,1.799921988861106,0.18,1.799844288990211,0.18,1.799904301371319,0.18,1.799931828940157,0.18,1.799952086648376,0.18,1.799981842508447,0.18,1.799962940624656,0.18,1.799966465355492,0.18,1.799943067150546,0.18,1.799957105003326,0.18,1.799974973658204,0.18,1.7999476302895,0.18,1.799968925973754,0.18,1.799978321636592,0.18,1.799997679625992,0.18,1.799999123329705,0.18,1.79999821416991,0.18,1.799998388346554,0.18,1.799997221933041,0.18,1.799997933640055,0.18,1.799998797089679,0.18,1.799997458918165,0.18,1.799998505364652,0.18,1.799998954571239,0.18,1.799998962092926,0.18,1.799999571570716,0.18,1.799999189929477,0.18,1.799999261448473,0.18,1.799998771008101,0.18,1.799999065814505,0.18,1.799999435543482,0.18,1.799998866968718,0.18,1.799999313322428,0.18,1.799999505189254,0.18,0.18,0.18,0.18,0.18,0.18,0.18,0.18,0.18,0.18,0.18,0.18,0.18,0.18,0.18,0.18,0.18,0.18,0.18,0.18,0.18,0.18,0.18,0.18,0.18,0.18,0.18,0.18,0.18,0.18,0.18,0.18,0.18,0.18,0.18,0.18,0.18,0.18,0.18,0.18,0.18,0.18,0.18,0.18,0.18,0.18,0.18,0.18,0.18,0.18,0.18,0.18,0.18,0.18,0.18,0.18,0.18,0.18,0.18,0.18,0.18,0.18,0.18,0.18,0.18,0.18,0.18,0.18,0.18,0.18,0.18,0.18,0.18,0.18,0.18,0.18,0.18,0.18,0.18,0.18,0.18,1.799856598922761
0.216,1.79983126759646,0.216,1.799682891222073,0.216,1.799709251072869,0.216,1.799540768700084,0.216,1.799639526296355,0.216,1.799775362889759,0.216,1.799572026584145,0.216,1.799728176894164,0.216,1.799802401637858,0.216,1.799855372120145,0.216,1.799943050679722,0.216,1.799886886664213,0.216,1.799897132019521,0.216,1.799829759565547,0.216,1.799869678630611,0.216,1.799922398444708,0.216,1.799842522693336,0.216,1.799904472179866,0.216,1.799932531122745,0.216,1.799992649262647,0.216,1.799997261679906,0.216,1.799994347690292,0.216,1.799994902973082,0.216,1.799991204095081,0.216,1.799993453949998,0.216,1.799996211274795,0.216,1.799991950041719,0.216,1.799995276840864,0.216,1.799996716133449,0.216,1.799996800981395,0.216,1.799998775833904,0.216,1.799997535346504,0.216,1.799997768337405,0.216,1.799996184859599,0.216,1.799997137721171,0.216,1.799998331402663,0.216,1.799996495217834,0.216,1.799997934225863,0.216,1.799998553624773,0.216,0.216,0.216,0.216,0.216,0.216,0.216,0.216,0.216,0.216,0.216,0.216,0.216,0.216,0.216,0.216,0.216,0.216,0.216,0.216,0.216,0.216,0.216,0.216,0.216,0.216,0.216,0.216,0.216,0.216,0.216,0.216,0.216,0.216,0.216,0.216,0.216,0.216,0.216,0.216,0.216,0.216,0.216,0.216,0.216,0.216,0.216,0.216,0.216,0.216,0.216,0.216,0.216,0.216,0.216,0.216,0.216,0.216,0.216,0.216,0.216,0.216,0.216,0.216,0.216,0.216,0.216,0.216,0.216,0.216,0.216,0.216,0.216,0.216,0.216,0.216,0.216,0.216,0.216,0.216,0.216,1.799603692320824
0.252,1.799536083932648,0.252,1.799171444932641,0.252,1.799234067952246,0.252,1.798836756228668,0.252,1.799065539696154,0.252,1.799396437418001,0.252,1.798907496625979,0.252,1.799281019125073,0.252,1.799464959495215,0.252,1.799587810355799,0.252,1.799828551224845,0.252,1.799672732515066,0.252,1.799700307277172,0.252,1.799520756582319,0.252,1.799625360735136,0.252,1.79977036971222,0.252,1.799553454586548,0.252,1.799720816336673,0.252,1.799799227850309,0.252,1.799976953842726,0.252,1.799991311476832,0.252,1.799982197856769,0.252,1.799983915629269,0.252,1.799972544036654,0.252,1.799979417318171,0.252,1.799988004894113,0.252,1.799974803941381,0.252,1.799985085767019,0.252,1.799989596518178,0.252,1.79998989043636,0.252,1.799996199056201,0.252,1.799992224833729,0.252,1.799992966868687,0.252,1.799987945630161,0.252,1.799990955760346,0.252,1.799994769023116,0.252,1.799988920536907,0.252,1.799993497493535,0.252,1.799995481452865,0.252,0.252,0.252,0.252,0.252,0.252,0.252,0.252,0.252,0.252,0.252,0.252,0.252,0.252,0.252,0.252,0.252,0.252,0.252,0.252,0.252,0.252,0.252,0.252,0.252,0.252,0.252,0.252,0.252,0.252,0.252,0.252,0.252,0.252,0.252,0.252,0.252,0.252,0.252,0.252,0.252,0.252,0.252,0.252,0.252,0.252,0.252,0.252,0.252,0.252,0.252,0.252,0.252,0.252,0.252,0.252,0.252,0.252,0.252,0.252,0.252,0.252,0.252,0.252,0.252,0.252,0.252,0.252,0.252,0.252,0.252,0.252,0.252,0.252,0.252,0.252,0.252,0.252,0.252,0.252,0.252,1.7989825213829
0.288,1.798815607377048,0.288,1.797988778772031,0.288,1.798126142568012,0.288,1.797256805507701,0.288,1.797748309234881,0.288,1.798494736837043,0.288,1.797404991236423,0.288,1.798234215002261,0.288,1.798655329234001,0.288,1.798905094420176,0.288,1.799513308209557,0.288,1.799115535925625,0.288,1.799183414711337,0.288,1.798744241745121,0.288,1.798995012527209,0.288,1.799362333218247,0.288,1.798820503297435,0.288,1.799236426662286,0.288,1.799438495680107,0.288,1.799929895663355,0.288,1.799972774059995,0.288,1.79994536502002,0.288,1.799950440915327,0.288,1.799917121532681,0.288,1.799937060368059,0.288,1.799962731824169,0.288,1.799923591880081,0.288,1.799953969361034,0.288,1.799967588492968,0.288,1.799968275367708,0.288,1.799987955324934,0.288,1.799975506333722,0.288,1.799977802656139,0.288,1.799962329511704,0.288,1.799971536353136,0.288,1.799983449369523,0.288,1.799965279951929,0.288,1.79997947143493,0.288,1.799985703311765,0.288,0.288,0.288,0.288,0.288,0.288,0.288,0.288,0.288,0.288,0.288,0.288,0.288,0.288,0.288,0.288,0.288,0.288,0.288,0.288,0.288,0.288,0.288,0.288,0.288,0.288,0.288,0.288,0.288,0.288,0.288,0.288,0.288,0.288,0.288,0.288,0.288,0.288,0.288,0.288,0.288,0.288,0.288,0.288,0.288,0.288,0.288,0.288,0.288,0.288,0.288,0.288,0.288,0.288,0.288,0.288,0.288,0.288,0.288,0.288,0.288,0.288,0.288,0.288,0.288,0.288,0.288,0.288,0.288,0.288,0.288,0.288,0.288,0.288,0.288,0.288,0.288,0.288,0.288,0.288,0.288,1.797570409859399
0.3240000000000001,1.797187234516949,0.3240000000000001,1.795440211551337,0.3240000000000001,1.795720582372209,0.3240000000000001,1.793947403845275,0.3240000000000001,1.794929041820303,0.3240000000000001,1.796501455168982,0.3240000000000001,1.794234389658186,0.3240000000000001,1.795953356504386,0.3240000000000001,1.796852934293464,0.3240000000000001,1.797296589215783,0.3240000000000001,1.798713207524914,0.3240000000000001,1.797779068927708,0.3240000000000001,1.797932543817872,0.3240000000000001,1.796939780073769,0.3240000000000001,1.797494537055836,0.3240000000000001,1.798353693557964,0.3240000000000001,1.797103319409601,0.3240000000000001,1.798059478185034,0.3240000000000001,1.798539441698662,0.3240000000000001,1.799796806654263,0.3240000000000001,1.799917353826265,0.3240000000000001,1.799839570642825,0.3240000000000001,1.79985361251339,0.3240000000000001,1.799762364244886,0.3240000000000001,1.799816199851361,0.3240000000000001,1.799888466959461,0.3240000000000001,1.799779511758103,0.3240000000000001,1.799863674162611,0.3240000000000001,1.799902551028768,0.3240000000000001,1.799903088506854,0.3240000000000001,1.799962179426872,0.3240000000000001,1.799924568413657,0.3240000000000001,1.799931373254251,0.3240000000000001,1.799885776053477,0.3240000000000001,1.799912592637893,0.3240000000000001,1.799948445052143,0.3240000000000001,1.799894229911912,0.3240000000000001,1.799936451302356,0.3240000000000001,1.799955374057111,0.3240000000000001,0.3240000000000001,0.3240000000000001,0.3240000000000001,0.3240000000000001,0.3240000000000001,0.3240000000000001,0.3240000000000001,0.3240000000000001,0.3240000000000001,0.3240000000000001,0.3240000000000001,0.3240000000000001,0.3240000000000001,0.3240000000000001,0.3240000000000001,0.3240000000000001,0.3240000000000001,0.3240000000000001,0.3240000000000001,0.3240000000000001,0.3240000000000001,0.3240000000000001,0.3240000000000001,0.3240000000000001,0.3240000000000001,0.3240000000000001,0.3240000000000001,0.3240000000000001,0.3240000000000001,0.3240000000000001,0.3240000000000001,0.3240000000000001,0.3240000000000001,0.3240000000000001,0.3240000000000001,0.3240000000000001,0.3240000000000001,0.3240000000000001,0.3240000000000001,0.3240000000000001,0.3240000000000001,0.3240000000000001,0.3240000000000001,0.3240000000000001,0.3240000000000001,0.3240000000000001,0.3240000000000001,0.3240000000000001,0.3240000000000001,0.3240000000000001,0.3240000000000001,0.3240000000000001,0.3240000000000001,0.3240000000000001,0.3240000000000001,0.3240000000000001,0.3240000000000001,0.3240000000000001,0.3240000000000001,0.3240000000000001,0.3240000000000001,0.3240000000000001,0.3240000000000001,0.3240000000000001,0.3240000000000001,0.3240000000000001,0.3240000000000001,0.3240000000000001,0.3240000000000001,0.3240000000000001,0.3240000000000001,0.3240000000000001,0.3240000000000001,0.3240000000000001,0.3240000000000001,0.3240000000000001,0.3240000000000001,0.3240000000000001,0.3240000000000001,0.3240000000000001,1.794575117737104
0.3600000000000001,1.793753760407745,0.3600000000000001,1.79032879467758,0.3600000000000001,1.790854866715744,0.3600000000000001,1.787526798234612,0.3600000000000001,1.789317771533566,0.3600000000000001,1.792391333451469,0.3600000000000001,1.788027882519625,0.3600000000000001,1.791322351397047,0.3600000000000001,1.793109946718647,0.3600000000000001,1.793763095781195,0.3600000000000001,1.796837229498963,0.3600000000000001,1.79479723428719,0.3600000000000001,1.795119642499606,0.3600000000000001,1.793024984113007,0.3600000000000001,1.794167591191143,0.3600000000000001,1.796043594472372,0.3600000000000001,1.793349491388871,0.3600000000000001,1.795404065823338,0.3600000000000001,1.796466065725653,0.3600000000000001,1.799447496879209,0.3600000000000001,1.799761293122024,0.3600000000000001,1.79955668356275,0.3600000000000001,1.799592435895266,0.3600000000000001,1.799362151712413,0.3600000000000001,1.799495616229674,0.3600000000000001,1.799684083613077,0.3600000000000001,1.799403664336322,0.3600000000000001,1.799619135054586,0.3600000000000001,1.799722217334638,0.3600000000000001,1.799716857026901,0.3600000000000001,1.79988456228084,0.3600000000000001,1.799776923436429,0.3600000000000001,1.79979585987511,0.3600000000000001,1.799669767215872,0.3600000000000001,1.799742698995754,0.3600000000000001,1.799844768468288,0.3600000000000001,1.799692222841376,0.3600000000000001,1.799810550076295,0.3600000000000001,1.799865111731801,0.3600000000000001,0.3600000000000001,0.3600000000000001,0.3600000000000001,0.3600000000000001,0.3600000000000001,0.3600000000000001,0.3600000000000001,0.3600000000000001,0.3600000000000001,0.3600000000000001,0.3600000000000001,0.3600000000000001,0.3600000000000001,0.3600000000000001,0.3600000000000001,0.3600000000000001,0.3600000000000001,0.3600000000000001,0.3600000000000001,0.3600000000000001,0.3600000000000001,0.3600000000000001,0.3600000000000001,0.3600000000000001,0.3600000000000001,0.3600000000000001,0.3600000000000001,0.3600000000000001,0.3600000000000001,0.3600000000000001,0.3600000000000001,0.3600000000000001,0.3600000000000001,0.3600000000000001,0.3600000000000001,0.3600000000000001,0.3600000000000001,0.3600000000000001,0.3600000000000001,0.3600000000000001,0.3600000000000001,0.3600000000000001,0.3600000000000001,0.3600000000000001,0.3600000000000001,0.3600000000000001,0.3600000000000001,0.3600000000000001,0.3600000000000001,0.3600000000000001,0.3600000000000001,0.3600000000000001,0.3600000000000001,0.3600000000000001,0.3600000000000001,0.3600000000000001,0.3600000000000001,0.3600000000000001,0.3600000000000001,0.3600000000000001,0.3600000000000001,0.3600000000000001,0.3600000000000001,0.3600000000000001,0.3600000000000001,0.3600000000000001,0.3600000000000001,0.3600000000000001,0.3600000000000001,0.3600000000000001,0.3600000000000001,0.3600000000000001,0.3600000000000001,0.3600000000000001,0.3600000000000001,0.3600000000000001,0.3600000000000001,0.3600000000000001,0.3600000000000001,0.3600000000000001,1.788676079914705
0.3960000000000001,1.787039191618749,0.3960000000000001,1.780916795682416,0.3960000000000001,1.78180273908264,0.3960000000000001,1.77615695507988,0.3960000000000001,1.779076720372414,0.3960000000000001,1.784565774463498,0.3960000000000001,1.776920817457499,0.3960000000000001,1.78266831489231,0.3960000000000001,1.785923202595252,0.3960000000000001,1.786508796306587,0.3960000000000001,1.792733751221151,0.3960000000000001,1.788575880965364,0.3960000000000001,1.789203052512066,0.3960000000000001,1.785098244898481,0.3960000000000001,1.787267948825256,0.3960000000000001,1.791098596981426,0.3960000000000001,1.785682834188744,0.3960000000000001,1.789801711243325,0.3960000000000001,1.792000842132395,0.3960000000000001,1.798601525438052,0.3960000000000001,1.799353863925278,0.3960000000000001,1.7988587099977,0.3960000000000001,1.798942171188865,0.3960000000000001,1.798406730122357,0.3960000000000001,1.798710959374143,0.3960000000000001,1.799164160251937,0.3960000000000001,1.798498806384383,0.3960000000000001,1.799007739309493,0.3960000000000001,1.799259669365158,0.3960000000000001,1.799220914851425,0.3960000000000001,1.799663438358085,0.3960000000000001,1.79937673366352,0.3960000000000001,1.799425356650862,0.3960000000000001,1.799102868742006,0.3960000000000001,1.799285404413711,0.3960000000000001,1.799555879837783,0.3960000000000001,1.799157336526911,0.3960000000000001,1.799465129322799,0.3960000000000001,1.799611957055033,0.3960000000000001,0.3960000000000001,0.3960000000000001,0.3960000000000001,0.3960000000000001,0.3960000000000001,0.3960000000000001,0.3960000000000001,0.3960000000000001,0.3960000000000001,0.3960000000000001,0.3960000000000001,0.3960000000000001,0.3960000000000001,0.3960000000000001,0.3960000000000001,0.3960000000000001,0.3960000000000001,0.3960000000000001,0.3960000000000001,0.3960000000000001,0.3960000000000001,0.3960000000000001,0.3960000000000001,0.3960000000000001,0.3960000000000001,0.3960000000000001,0.3960000000000001,0.3960000000000001,0.3960000000000001,0.3960000000000001,0.3960000000000001,0.3960000000000001,0.3960000000000001,0.3960000000000001,0.3960000000000001,0.3960000000000001,0.3960000000000001,0.3960000000000001,0.3960000000000001,0.3960000000000001,0.3960000000000001,0.3960000000000001,0.3960000000000001,0.3960000000000001,0.3960000000000001,0.3960000000000001,0.3960000000000001,0.3960000000000001,0.3960000000000001,0.3960000000000001,0.3960000000000001,0.3960000000000001,0.3960000000000001,0.3960000000000001,0.3960000000000001,0.3960000000000001,0.3960000000000001,0.3960000000000001,0.3960000000000001,0.3960000000000001,0.3960000000000001,0.3960000000000001,0.3960000000000001,0.3960000000000001,0.3960000000000001,0.3960000000000001,0.3960000000000001,0.3960000000000001,0.3960000000000001,0.3960000000000001,0.3960000000000001,0.3960000000000001,0.3960000000000001,0.3960000000000001,0.3960000000000001,0.3960000000000001,0.3960000000000001,0.3960000000000001,0.3960000000000001,0.3960000000000001,1.778044908261317
0.4320000000000002,1.775030163254671,0.4320000000000002,1.765166259925242,0.4320000000000002,1.766485994923899,0.4320000000000002,1.757864190850438,0.4320000000000002,1.762084174904895,0.4320000000000002,1.770989960499571,0.4320000000000002,1.75885636930602,0.4320000000000002,1.767959500139032,0.4320000000000002,1.773342438266299,0.4320000000000002,1.772726842282901,0.4320000000000002,1.784346370292588,0.4320000000000002,1.776531067935564,0.4320000000000002,1.777636251933502,0.4320000000000002,1.770285345732066,0.4320000000000002,1.773997519182341,0.4320000000000002,1.781234043154334,0.4320000000000002,1.771204065520084,0.4320000000000002,1.778812883429754,0.4320000000000002,1.783035189483794,0.4320000000000002,1.796698464467961,0.4320000000000002,1.79837235143088,0.4320000000000002,1.797262797451444,0.4320000000000002,1.797443158334873,0.4320000000000002,1.796284586860628,0.4320000000000002,1.796929030700358,0.4320000000000002,1.797942089983492,0.4320000000000002,1.796473671427246,0.4320000000000002,1.797593213655437,0.4320000000000002,1.798164272896458,0.4320000000000002,1.79799785530604,0.4320000000000002,1.799076704008931,0.4320000000000002,1.798371972409019,0.4320000000000002,1.798486530004801,0.4320000000000002,1.797724923051357,0.4320000000000002,1.798145211033089,0.4320000000000002,1.798808616055755,0.4320000000000002,1.797845581252755,0.4320000000000002,1.7985866914332,0.4320000000000002,1.798952350625677,0.4320000000000002,0.4320000000000002,0.4320000000000002,0.4320000000000002,0.4320000000000002,0.4320000000000002,0.4320000000000002,0.4320000000000002,0.4320000000000002,0.4320000000000002,0.4320000000000002,0.4320000000000002,0.4320000000000002,0.4320000000000002,0.4320000000000002,0.4320000000000002,0.4320000000000002,0.4320000000000002,0.4320000000000002,0.4320000000000002,0.4320000000000002,0.4320000000000002,0.4320000000000002,0.4320000000000002,0.4320000000000002,0.4320000000000002,0.4320000000000002,0.4320000000000002,0.4320000000000002,0.4320000000000002,0.4320000000000002,0.4320000000000002,0.4320000000000002,0.4320000000000002,0.4320000000000002,0.4320000000000002,0.4320000000000002,0.4320000000000002,0.4320000000000002,0.4320000000000002,0.4320000000000002,0.4320000000000002,0.4320000000000002,0.4320000000000002,0.4320000000000002,0.4320000000000002,0.4320000000000002,0.4320000000000002,0.4320000000000002,0.4320000000000002,0.4320000000000002,0.4320000000000002,0.4320000000000002,0.4320000000000002,0.4320000000000002,0.4320000000000002,0.4320000000000002,0.4320000000000002,0.4320000000000002,0.4320000000000002,0.4320000000000002,0.4320000000000002,0.4320000000000002,0.4320000000000002,0.4320000000000002,0.4320000000000002,0.4320000000000002,0.4320000000000002,0.4320000000000002,0.4320000000000002,0.4320000000000002,0.4320000000000002,0.4320000000000002,0.4320000000000002,0.4320000000000002,0.4320000000000002,0.4320000000000002,0.4320000000000002,0.4320000000000002,0.4320000000000002,0.4320000000000002,1.760636895715196
0.4680000000000002,1.755488368897815,0.4680000000000002,1.741072575003885,0.4680000000000002,1.742815130128585,0.4680000000000002,1.730793168527472,0.4680000000000002,1.736243007476109,0.4680000000000002,1.749539745827491,0.4680000000000002,1.731856827921945,0.4680000000000002,1.745152768903395,0.4680000000000002,1.75331345557813,0.4680000000000002,1.748676934718246,0.4680000000000002,1.768476498763596,0.4680000000000002,1.755100550931323,0.4680000000000002,1.756826559367097,0.4680000000000002,1.744884661782782,0.4680000000000002,1.750516467025365,0.4680000000000002,1.763090394546962,0.4680000000000002,1.74608071688235,0.4680000000000002,1.758983681425914,0.4680000000000002,1.766434978191201,0.4680000000000002,1.792695310125582,0.4680000000000002,1.796174809571663,0.4680000000000002,1.793853421730063,0.4680000000000002,1.794216055662909,0.4680000000000002,1.791877409465311,0.4680000000000002,1.793145436547791,0.4680000000000002,1.795264994063896,0.4680000000000002,1.792234879604648,0.4680000000000002,1.794538432810502,0.4680000000000002,1.795749372850356,0.4680000000000002,1.795188024030731,0.4680000000000002,1.797634654975979,0.4680000000000002,1.796027292467131,0.4680000000000002,1.79627702560243,0.4680000000000002,1.794599936035023,0.4680000000000002,1.795499217389594,0.4680000000000002,1.797016681398346,0.4680000000000002,1.794846171364598,0.4680000000000002,1.796513133332005,0.4680000000000002,1.797360351050076,0.4680000000000002,0.4680000000000002,0.4680000000000002,0.4680000000000002,0.4680000000000002,0.4680000000000002,0.4680000000000002,0.4680000000000002,0.4680000000000002,0.4680000000000002,0.4680000000000002,0.4680000000000002,0.4680000000000002,0.4680000000000002,0.4680000000000002,0.4680000000000002,0.4680000000000002,0.4680000000000002,0.4680000000000002,0.4680000000000002,0.4680000000000002,0.4680000000000002,0.4680000000000002,0.4680000000000002,0.4680000000000002,0.4680000000000002,0.4680000000000002,0.4680000000000002,0.4680000000000002,0.4680000000000002,0.4680000000000002,0.4680000000000002,0.4680000000000002,0.4680000000000002,0.4680000000000002,0.4680000000000002,0.4680000000000002,0.4680000000000002,0.4680000000000002,0.4680000000000002,0.4680000000000002,0.4680000000000002,0.4680000000000002,0.4680000000000002,0.4680000000000002,0.4680000000000002,0.4680000000000002,0.4680000000000002,0.4680000000000002,0.4680000000000002,0.4680000000000002,0.4680000000000002,0.4680000000000002,0.4680000000000002,0.4680000000000002,0.4680000000000002,0.4680000000000002,0.4680000000000002,0.4680000000000002,0.4680000000000002,0.4680000000000002,0.4680000000000002,0.4680000000000002,0.4680000000000002,0.4680000000000002,0.4680000000000002,0.4680000000000002,0.4680000000000002,0.4680000000000002,0.4680000000000002,0.4680000000000002,0.4680000000000002,0.4680000000000002,0.4680000000000002,0.4680000000000002,0.4680000000000002,0.4680000000000002,0.4680000000000002,0.4680000000000002,0.4680000000000002,0.4680000000000002,1.734483033553388
0.5040000000000002,1.72620245620095,0.5040000000000002,1.706674913869007,0.5040000000000002,1.708731532014611,0.5040000000000002,1.693042769001938,0.5040000000000002,1.699401920296087,0.5040000000000002,1.718160673124664,0.5040000000000002,1.693871190019706,0.5040000000000002,1.712276089338116,0.5040000000000002,1.723894035743244,0.5040000000000002,1.709715669146721,0.5040000000000002,1.740807685658119,0.5040000000000002,1.719860080722021,0.5040000000000002,1.722224716576875,0.5040000000000002,1.70437837974293,0.5040000000000002,1.711933604333868,0.5040000000000002,1.732343559680988,0.5040000000000002,1.705517566366002,0.5040000000000002,1.725981527727506,0.5040000000000002,1.738187186345093,0.5040000000000002,1.784866770830228,0.5040000000000002,1.791574155353887,0.5040000000000002,1.787066047120474,0.5040000000000002,1.787734633473377,0.5040000000000002,1.783389438170236,0.5040000000000002,1.78566368597359,0.5040000000000002,1.789785467664569,0.5040000000000002,1.783993422278033,0.5040000000000002,1.788382516199362,0.5040000000000002,1.790774641257744,0.5040000000000002,1.789125164226653,0.5040000000000002,1.794329588149274,0.5040000000000002,1.790895732099041,0.5040000000000002,1.791402402363426,0.5040000000000002,1.787942743367931,0.5040000000000002,1.789732590753483,0.5040000000000002,1.792998393548078,0.5040000000000002,1.788401871747088,0.5040000000000002,1.791928252818435,0.5040000000000002,1.793772567733809,0.5040000000000002,0.5040000000000002,0.5040000000000002,0.5040000000000002,0.5040000000000002,0.5040000000000002,0.5040000000000002,0.5040000000000002,0.5040000000000002,0.5040000000000002,0.5040000000000002,0.5040000000000002,0.5040000000000002,0.5040000000000002,0.5040000000000002,0.5040000000000002,0.5040000000000002,0.5040000000000002,0.5040000000000002,0.5040000000000002,0.5040000000000002,0.5040000000000002,0.5040000000000002,0.5040000000000002,0.5040000000000002,0.5040000000000002,0.5040000000000002,0.5040000000000002,0.5040000000000002,0.5040000000000002,0.5040000000000002,0.5040000000000002,0.5040000000000002,0.5040000000000002,0.5040000000000002,0.5040000000000002,0.5040000000000002,0.5040000000000002,0.5040000000000002,0.5040000000000002,0.5040000000000002,0.5040000000000002,0.5040000000000002,0.5040000000000002,0.5040000000000002,0.5040000000000002,0.5040000000000002,0.5040000000000002,0.5040000000000002,0.5040000000000002,0.5040000000000002,0.5040000000000002,0.5040000000000002,0.5040000000000002,0.5040000000000002,0.5040000000000002,0.5040000000000002,0.5040000000000002,0.5040000000000002,0.5040000000000002,0.5040000000000002,0.5040000000000002,0.5040000000000002,0.5040000000000002,0.5040000000000002,0.5040000000000002,0.5040000000000002,0.5040000000000002,0.5040000000000002,0.5040000000000002,0.5040000000000002,0.5040000000000002,0.5040000000000002,0.5040000000000002,0.5040000000000002,0.5040000000000002,0.5040000000000002,0.5040000000000002,0.5040000000000002,0.5040000000000002,0.5040000000000002,1.697584546500575
0.5400000000000003,1.684736955230816,0.5400000000000003,1.659518373184182,0.5400000000000003,1.661675575254806,0.5400000000000003,1.641980535838468,0.5400000000000003,1.648649397942406,0.5400000000000003,1.674492179107903,0.5400000000000003,1.642037149579641,0.5400000000000003,1.666972537667312,0.5400000000000003,1.682994235877743,0.5400000000000003,1.649058929177804,0.5400000000000003,1.695635625285299,0.5400000000000003,1.664738559248676,0.5400000000000003,1.667534811150781,0.5400000000000003,1.642101672366024,0.5400000000000003,1.650967056073138,0.5400000000000003,1.683291761253702,0.5400000000000003,1.642267750831296,0.5400000000000003,1.674028208197531,0.5400000000000003,1.693246341968216,0.5400000000000003,1.770808495794816,0.5400000000000003,1.782624844846838,0.5400000000000003,1.774626912117261,0.5400000000000003,1.775730457079703,0.5400000000000003,1.768410821754948,0.5400000000000003,1.772050759047415,0.5400000000000003,1.779408926741191,0.5400000000000003,1.769287620102628,0.5400000000000003,1.776939050947315,0.5400000000000003,1.781284887249924,0.5400000000000003,1.776858640551664,0.5400000000000003,1.787207963163507,0.5400000000000003,1.78035225158054,0.5400000000000003,1.781295746215398,0.5400000000000003,1.774673342762032,0.5400000000000003,1.777926878133034,0.5400000000000003,1.784527463572848,0.5400000000000003,1.77542273026488,0.5400000000000003,1.78240468133053,0.5400000000000003,1.786177285026226,0.5400000000000003,0.5400000000000003,0.5400000000000003,0.5400000000000003,0.5400000000000003,0.5400000000000003,0.5400000000000003,0.5400000000000003,0.5400000000000003,0.5400000000000003,0.5400000000000003,0.5400000000000003,0.5400000000000003,0.5400000000000003,0.5400000000000003,0.5400000000000003,0.5400000000000003,0.5400000000000003,0.5400000000000003,0.5400000000000003,0.5400000000000003,0.5400000000000003,0.5400000000000003,0.5400000000000003,0.5400000000000003,0.5400000000000003,0.5400000000000003,0.5400000000000003,0.5400000000000003,0.5400000000000003,0.5400000000000003,0.5400000000000003,0.5400000000000003,0.5400000000000003,0.5400000000000003,0.5400000000000003,0.5400000000000003,0.5400000000000003,0.5400000000000003,0.5400000000000003,0.5400000000000003,0.5400000000000003,0.5400000000000003,0.5400000000000003,0.5400000000000003,0.5400000000000003,0.5400000000000003,0.5400000000000003,0.5400000000000003,0.5400000000000003,0.5400000000000003,0.5400000000000003,0.5400000000000003,0.5400000000000003,0.5400000000000003,0.5400000000000003,0.5400000000000003,0.5400000000000003,0.5400000000000003,0.5400000000000003,0.5400000000000003,0.5400000000000003,0.5400000000000003,0.5400000000000003,0.5400000000000003,0.5400000000000003,0.5400000000000003,0.5400000000000003,0.5400000000000003,0.5400000000000003,0.5400000000000003,0.5400000000000003,0.5400000000000003,0.5400000000000003,0.5400000000000003,0.5400000000000003,0.5400000000000003,0.5400000000000003,0.5400000000000003,0.5400000000000003,0.5400000000000003,1.647242026354869
0.5760000000000003,1.627407191117577,0.5760000000000003,1.595365299148899,0.5760000000000003,1.597257092947043,0.5760000000000003,1.572763387481842,0.5760000000000003,1.578596205426481,0.5760000000000003,1.614764873546833,0.5760000000000003,1.57100013862752,0.5760000000000003,1.605337967305611,0.5760000000000003,1.627525430009623,0.5760000000000003,1.550936895633211,0.5760000000000003,1.623315475907894,0.5760000000000003,1.577694857613499,0.5760000000000003,1.580183551062113,0.5760000000000003,1.542356777741199,0.5760000000000003,1.550042709799321,0.5760000000000003,1.605789241568936,0.5760000000000003,1.538398698167865,0.5760000000000003,1.592357116097598,0.5760000000000003,1.623526697208087,0.5760000000000003,1.747680123045072,0.5760000000000003,1.766629597255907,0.5760000000000003,1.75376299148913,0.5760000000000003,1.755369279770557,0.5760000000000003,1.744187740691706,0.5760000000000003,1.749343940240023,0.5760000000000003,1.761405011336016,0.5760000000000003,1.745227980164302,0.5760000000000003,1.757469461111917,0.5760000000000003,1.764704428651761,0.5760000000000003,1.753720550305118,0.5760000000000003,1.772797571274249,0.5760000000000003,1.760142073909838,0.5760000000000003,1.761710507938584,0.5760000000000003,1.750065279501021,0.5760000000000003,1.755334186897109,0.5760000000000003,1.767813146555142,0.5760000000000003,1.751041750789378,0.5760000000000003,1.763929512563402,0.5760000000000003,1.77113808160084,0.5760000000000003,0.5760000000000003,0.5760000000000003,0.5760000000000003,0.5760000000000003,0.5760000000000003,0.5760000000000003,0.5760000000000003,0.5760000000000003,0.5760000000000003,0.5760000000000003,0.5760000000000003,0.5760000000000003,0.5760000000000003,0.5760000000000003,0.5760000000000003,0.5760000000000003,0.5760000000000003,0.5760000000000003,0.5760000000000003,0.5760000000000003,0.5760000000000003,0.5760000000000003,0.5760000000000003,0.5760000000000003,0.5760000000000003,0.5760000000000003,0.5760000000000003,0.5760000000000003,0.5760000000000003,0.5760000000000003,0.5760000000000003,0.5760000000000003,0.5760000000000003,0.5760000000000003,0.5760000000000003,0.5760000000000003,0.5760000000000003,0.5760000000000003,0.5760000000000003,0.5760000000000003,0.5760000000000003,0.5760000000000003,0.5760000000000003,0.5760000000000003,0.5760000000000003,0.5760000000000003,0.5760000000000003,0.5760000000000003,0.5760000000000003,0.5760000000000003,0.5760000000000003,0.5760000000000003,0.5760000000000003,0.5760000000000003,0.5760000000000003,0.5760000000000003,0.5760000000000003,0.5760000000000003,0.5760000000000003,0.5760000000000003,0.5760000000000003,0.5760000000000003,0.5760000000000003,0.5760000000000003,0.5760000000000003,0.5760000000000003,0.5760000000000003,0.5760000000000003,0.5760000000000003,0.5760000000000003,0.5760000000000003,0.5760000000000003,0.5760000000000003,0.5760000000000003,0.5760000000000003,0.5760000000000003,0.5760000000000003,0.5760000000000003,0.5760000000000003,0.5760000000000003,1.578540732934719
0.6120000000000003,1.54665200891648,0.6120000000000003,1.50480918845645,0.6120000000000003,1.506025649546655,0.6120000000000003,1.474618760301825,0.6120000000000003,1.476743439228118,0.6120000000000003,1.531034630191111,0.6120000000000003,1.468659700736492,0.6120000000000003,1.519039021747629,0.6120000000000003,1.551560143592922,0.6120000000000003,1.344266141802876,0.6120000000000003,1.493357221271746,0.6120000000000003,1.407675406518958,0.6120000000000003,1.406677179039256,0.6120000000000003,1.333474189748426,0.6120000000000003,1.321582630058821,0.6120000000000003,1.46502513955676,0.6120000000000003,1.311864996699052,0.6120000000000003,1.441242705450335,0.6120000000000003,1.506906144461333,0.6120000000000003,1.712255280164177,0.6120000000000003,1.740346665018232,0.6120000000000003,1.72135775694304,0.6120000000000003,1.723409845776834,0.6120000000000003,1.707626017265262,0.6120000000000003,1.714097914919843,0.6120000000000003,1.732629492707611,0.6120000000000003,1.708491257027237,0.6120000000000003,1.726884237730364,0.6120000000000003,1.738099780410038,0.6120000000000003,1.712607677203373,0.6120000000000003,1.745473177112862,0.6120000000000003,1.723830862431455,0.6120000000000003,1.726088689920837,0.6120000000000003,1.707067788172167,0.6120000000000003,1.714501340671711,0.6120000000000003,1.736958519749617,0.6120000000000003,1.707764907393267,0.6120000000000003,1.730397358448135,0.6120000000000003,1.74338085949317,0.6120000000000003,0.6120000000000003,0.6120000000000003,0.6120000000000003,0.6120000000000003,0.6120000000000003,0.6120000000000003,0.6120000000000003,0.6120000000000003,0.6120000000000003,0.6120000000000003,0.6120000000000003,0.6120000000000003,0.6120000000000003,0.6120000000000003,0.6120000000000003,0.6120000000000003,0.6120000000000003,0.6120000000000003,0.6120000000000003,0.6120000000000003,0.6120000000000003,0.6120000000000003,0.6120000000000003,0.6120000000000003,0.6120000000000003,0.6120000000000003,0.6120000000000003,0.6120000000000003,0.6120000000000003,0.6120000000000003,0.6120000000000003,0.6120000000000003,0.6120000000000003,0.6120000000000003,0.6120000000000003,0.6120000000000003,0.6120000000000003,0.6120000000000003,0.6120000000000003,0.6120000000000003,0.6120000000000003,0.6120000000000003,0.6120000000000003,0.6120000000000003,0.6120000000000003,0.6120000000000003,0.6120000000000003,0.6120000000000003,0.6120000000000003,0.6120000000000003,0.6120000000000003,0.6120000000000003,0.6120000000000003,0.6120000000000003,0.6120000000000003,0.6120000000000003,0.6120000000000003,0.6120000000000003,0.6120000000000003,0.6120000000000003,0.6120000000000003,0.6120000000000003,0.6120000000000003,0.6120000000000003,0.6120000000000003,0.6120000000000003,0.6120000000000003,0.6120000000000003,0.6120000000000003,0.6120000000000003,0.6120000000000003,0.6120000000000003,0.6120000000000003,0.6120000000000003,0.6120000000000003,0.6120000000000003,0.6120000000000003,0.6120000000000003,0.6120000000000003,0.6120000000000003,1.480633776389619
0.6480000000000004,1.423675567610611,0.6480000000000004,1.364052079881683,0.6480000000000004,1.373861938885132,0.6480000000000004,1.335192503555714,0.6480000000000004,1.331530573020591,0.6480000000000004,1.403274988131261,0.6480000000000004,1.328592978852874,0.6480000000000004,1.388462997605609,0.6480000000000004,1.443037767620942,0.6480000000000004,1.177085044830939,0.6480000000000004,1.23245778406534,0.6480000000000004,1.163871377227666,0.6480000000000004,1.203305052894854,0.6480000000000004,1.16239183169912,0.6480000000000004,1.166042802890667,0.6480000000000004,1.204378128776197,0.6480000000000004,1.164626310568351,0.6480000000000004,1.195716679916157,0.6480000000000004,1.281016967194708,0.6480000000000004,1.66003717409857,0.6480000000000004,1.699823600760799,0.6480000000000004,1.673359771336979,0.6480000000000004,1.675615737525699,0.6480000000000004,1.654353637086259,0.6480000000000004,1.661435625462625,0.6480000000000004,1.689212084335443,0.6480000000000004,1.654281324129416,0.6480000000000004,1.681305158830884,0.6480000000000004,1.698057000579088,0.6480000000000004,1.639645064387045,0.6480000000000004,1.695911149315286,0.6480000000000004,1.659913468284026,0.6480000000000004,1.662492814455651,0.6480000000000004,1.631878614846648,0.6480000000000004,1.640261849265084,0.6480000000000004,1.682218416657127,0.6480000000000004,1.630169980129847,0.6480000000000004,1.671300909542101,0.6480000000000004,1.694734651768133,0.6480000000000004,0.6480000000000004,0.6480000000000004,0.6480000000000004,0.6480000000000004,0.6480000000000004,0.6480000000000004,0.6480000000000004,0.6480000000000004,0.6480000000000004,0.6480000000000004,0.6480000000000004,0.6480000000000004,0.6480000000000004,0.6480000000000004,0.6480000000000004,0.6480000000000004,0.6480000000000004,0.6480000000000004,0.6480000000000004,0.6480000000000004,0.6480000000000004,0.6480000000000004,0.6480000000000004,0.6480000000000004,0.6480000000000004,0.6480000000000004,0.6480000000000004,0.6480000000000004,0.6480000000000004,0.6480000000000004,0.6480000000000004,0.6480000000000004,0.6480000000000004,0.6480000000000004,0.6480000000000004,0.6480000000000004,0.6480000000000004,0.6480000000000004,0.6480000000000004,0.6480000000000004,0.6480000000000004,0.6480000000000004,0.6480000000000004,0.6480000000000004,0.6480000000000004,0.6480000000000004,0.6480000000000004,0.6480000000000004,0.6480000000000004,0.6480000000000004,0.6480000000000004,0.6480000000000004,0.6480000000000004,0.6480000000000004,0.6480000000000004,0.6480000000000004,0.6480000000000004,0.6480000000000004,0.6480000000000004,0.6480000000000004,0.6480000000000004,0.6480000000000004,0.6480000000000004,0.6480000000000004,0.6480000000000004,0.6480000000000004,0.6480000000000004,0.6480000000000004,0.6480000000000004,0.6480000000000004,0.6480000000000004,0.6480000000000004,0.6480000000000004,0.6480000000000004,0.6480000000000004,0.6480000000000004,0.6480000000000004,0.6480000000000004,0.6480000000000004,0.6480000000000004,1.343919164949123
0.6840000000000004,1.276885072508774,0.6840000000000004,1.220511310686644,0.6840000000000004,1.253287202981505,0.6840000000000004,1.218392113839391,0.6840000000000004,1.217428275748393,0.6840000000000004,1.254864259423626,0.6840000000000004,1.216727189571317,0.6840000000000004,1.248043925287329,0.6840000000000004,1.314983912823736,0.6840000000000004,1.094349851612812,0.6840000000000004,1.127956163476956,0.6840000000000004,1.073394516844899,0.6840000000000004,1.116254183883228,0.6840000000000004,1.079180684816228,0.6840000000000004,1.085905115795986,0.6840000000000004,1.104322619078362,0.6840000000000004,1.084679146111668,0.6840000000000004,1.100190883387063,0.6840000000000004,1.162361434938735,0.6840000000000004,1.581868121257682,0.6840000000000004,1.63873672051603,0.6840000000000004,1.602261166588628,0.6840000000000004,1.604085734573856,0.6840000000000004,1.575385238407606,0.6840000000000004,1.581144439867603,0.6840000000000004,1.624641351016717,0.6840000000000004,1.5723720289367,0.6840000000000004,1.613925323055725,0.6840000000000004,1.639365342936105,0.6840000000000004,1.476501736751663,0.6840000000000004,1.6005322742979,0.6840000000000004,1.532516659559427,0.6840000000000004,1.532166222023236,0.6840000000000004,1.466273330170874,0.6840000000000004,1.457406466155512,0.6840000000000004,1.577151560905137,0.6840000000000004,1.438247155531816,0.6840000000000004,1.557731911855724,0.6840000000000004,1.607009920876059,0.6840000000000004,0.6840000000000004,0.6840000000000004,0.6840000000000004,0.6840000000000004,0.6840000000000004,0.6840000000000004,0.6840000000000004,0.6840000000000004,0.6840000000000004,0.6840000000000004,0.6840000000000004,0.6840000000000004,0.6840000000000004,0.6840000000000004,0.6840000000000004,0.6840000000000004,0.6840000000000004,0.6840000000000004,0.6840000000000004,0.6840000000000004,0.6840000000000004,0.6840000000000004,0.6840000000000004,0.6840000000000004,0.6840000000000004,0.6840000000000004,0.6840000000000004,0.6840000000000004,0.6840000000000004,0.6840000000000004,0.6840000000000004,0.6840000000000004,0.6840000000000004,0.6840000000000004,0.6840000000000004,0.6840000000000004,0.6840000000000004,0.6840000000000004,0.6840000000000004,0.6840000000000004,0.6840000000000004,0.6840000000000004,0.6840000000000004,0.6840000000000004,0.6840000000000004,0.6840000000000004,0.6840000000000004,0.6840000000000004,0.6840000000000004,0.6840000000000004,0.6840000000000004,0.6840000000000004,0.6840000000000004,0.6840000000000004,0.6840000000000004,0.6840000000000004,0.6840000000000004,0.6840000000000004,0.6840000000000004,0.6840000000000004,0.6840000000000004,0.6840000000000004,0.6840000000000004,0.6840000000000004,0.6840000000000004,0.6840000000000004,0.6840000000000004,0.6840000000000004,0.6840000000000004,0.6840000000000004,0.6840000000000004,0.6840000000000004,0.6840000000000004,0.6840000000000004,0.6840000000000004,0.6840000000000004,0.6840000000000004,0.6840000000000004,0.6840000000000004,0.6840000000000004,1.229347866258956
0.7200000000000004,1.17516484592219,0.7200000000000004,1.124446635758119,0.7200000000000004,1.16268929165767,0.7200000000000004,1.129237718600854,0.7200000000000004,1.130489506854967,0.7200000000000004,1.154331694410577,0.7200000000000004,1.130811807818131,0.7200000000000004,1.15083326668626,0.7200000000000004,1.213282110298779,0.7200000000000004,1.026856096845083,0.7200000000000004,1.055109991097732,0.7200000000000004,1.003483509794315,0.7200000000000004,1.046879939831871,0.7200000000000004,1.011408838241354,0.7200000000000004,1.019622015913386,0.7200000000000004,1.032182189349425,0.7200000000000004,1.018135181911,0.7200000000000004,1.028790745981856,0.7200000000000004,1.08532463984942,0.7200000000000004,1.443594097932349,0.7200000000000004,1.540424467240353,0.7200000000000004,1.484546642343741,0.7200000000000004,1.483130594412745,0.7200000000000004,1.437821354993973,0.7200000000000004,1.430566688260944,0.7200000000000004,1.52091561753098,0.7200000000000004,1.420092831437812,0.7200000000000004,1.505066703448719,0.7200000000000004,1.550145981016475,0.7200000000000004,1.077085606539772,0.7200000000000004,1.1854427579541,0.7200000000000004,1.072799022699002,0.7200000000000004,1.109866821184229,0.7200000000000004,1.062303637967415,0.7200000000000004,1.064182898097819,0.7200000000000004,1.137425242439549,0.7200000000000004,1.062462865796454,0.7200000000000004,1.115595041415257,0.7200000000000004,1.337988442025845,0.7200000000000004,0.7200000000000004,0.7200000000000004,0.7200000000000004,0.7200000000000004,0.7200000000000004,0.7200000000000004,0.7200000000000004,0.7200000000000004,0.7200000000000004,0.7200000000000004,0.7200000000000004,0.7200000000000004,0.7200000000000004,0.7200000000000004,0.7200000000000004,0.7200000000000004,0.7200000000000004,0.7200000000000004,0.7200000000000004,0.7200000000000004,0.7200000000000004,0.7200000000000004,0.7200000000000004,0.7200000000000004,0.7200000000000004,0.7200000000000004,0.7200000000000004,0.7200000000000004,0.7200000000000004,0.7200000000000004,0.7200000000000004,0.7200000000000004,0.7200000000000004,0.7200000000000004,0.7200000000000004,0.7200000000000004,0.7200000000000004,0.7200000000000004,0.7200000000000004,0.7200000000000004,0.7200000000000004,0.7200000000000004,0.7200000000000004,0.7200000000000004,0.7200000000000004,0.7200000000000004,0.7200000000000004,0.7200000000000004,0.7200000000000004,0.7200000000000004,0.7200000000000004,0.7200000000000004,0.7200000000000004,0.7200000000000004,0.7200000000000004,0.7200000000000004,0.7200000000000004,0.7200000000000004,0.7200000000000004,0.7200000000000004,0.7200000000000004,0.7200000000000004,0.7200000000000004,0.7200000000000004,0.7200000000000004,0.7200000000000004,0.7200000000000004,0.7200000000000004,0.7200000000000004,0.7200000000000004,0.7200000000000004,0.7200000000000004,0.7200000000000004,0.7200000000000004,0.7200000000000004,0.7200000000000004,0.7200000000000004,0.7200000000000004,0.7200000000000004,0.7200000000000004,1.141711310458954
0.7560000000000004,1.094298236868855,0.7560000000000004,1.045606773217115,0.7560000000000004,1.084878044747648,0.7560000000000004,1.052316314553648,0.7560000000000004,1.055095014076698,0.7560000000000004,1.07379771863927,0.7560000000000004,1.055249451320171,0.7560000000000004,1.070906952758159,0.7560000000000004,1.129605074642606,0.7560000000000004,0.9649981414798305,0.7560000000000004,0.9913990607624238,0.7560000000000004,0.9407630026332937,0.7560000000000004,0.984378176632397,0.7560000000000004,0.9492828622803597,0.7560000000000004,0.9586463514603949,0.7560000000000004,0.9685830200001737,0.7560000000000004,0.9568695085587685,0.7560000000000004,0.9653502668507929,0.7560000000000004,1.019162777579792,0.7560000000000004,1.126429292705305,0.7560000000000004,1.287804531889775,0.7560000000000004,1.151130832768817,0.7560000000000004,1.167935390118999,0.7560000000000004,1.117695093583838,0.7560000000000004,1.10709250762956,0.7560000000000004,1.244331299284081,0.7560000000000004,1.107473371997153,0.7560000000000004,1.208967551311779,0.7560000000000004,1.372519711829585,0.7560000000000004,0.9910734734317174,0.7560000000000004,1.02475852291184,0.7560000000000004,0.9686215419724099,0.7560000000000004,1.012675783223832,0.7560000000000004,0.9753925197923771,0.7560000000000004,0.9828832549214556,0.7560000000000004,1.000407460595645,0.7560000000000004,0.9814940289776329,0.7560000000000004,0.9961155736577906,0.7560000000000004,1.060721159536612,0.7560000000000004,0.7560000000000004,0.7560000000000004,0.7560000000000004,0.7560000000000004,0.7560000000000004,0.7560000000000004,0.7560000000000004,0.7560000000000004,0.7560000000000004,0.7560000000000004,0.7560000000000004,0.7560000000000004,0.7560000000000004,0.7560000000000004,0.7560000000000004,0.7560000000000004,0.7560000000000004,0.7560000000000004,0.7560000000000004,0.7560000000000004,0.7560000000000004,0.7560000000000004,0.7560000000000004,0.7560000000000004,0.7560000000000004,0.7560000000000004,0.7560000000000004,0.7560000000000004,0.7560000000000004,0.7560000000000004,0.7560000000000004,0.7560000000000004,0.7560000000000004,0.7560000000000004,0.7560000000000004,0.7560000000000004,0.7560000000000004,0.7560000000000004,0.7560000000000004,0.7560000000000004,0.7560000000000004,0.7560000000000004,0.7560000000000004,0.7560000000000004,0.7560000000000004,0.7560000000000004,0.7560000000000004,0.7560000000000004,0.7560000000000004,0.7560000000000004,0.7560000000000004,0.7560000000000004,0.7560000000000004,0.7560000000000004,0.7560000000000004,0.7560000000000004,0.7560000000000004,0.7560000000000004,0.7560000000000004,0.7560000000000004,0.7560000000000004,0.7560000000000004,0.7560000000000004,0.7560000000000004,0.7560000000000004,0.7560000000000004,0.7560000000000004,0.7560000000000004,0.7560000000000004,0.7560000000000004,0.7560000000000004,0.7560000000000004,0.7560000000000004,0.7560000000000004,0.7560000000000004,0.7560000000000004,0.7560000000000004,0.7560000000000004,0.7560000000000004,0.7560000000000004,1.065201320965725
0.7920000000000005,1.021640269277424,0.7920000000000005,0.973875395495164,0.7920000000000005,1.013734946191488,0.7920000000000005,0.981503391386379,0.7920000000000005,0.9855053963770941,0.7920000000000005,1.001183091310289,0.7920000000000005,0.9854100988631012,0.7920000000000005,0.998531003995487,0.7920000000000005,1.054789971577745,0.7920000000000005,0.906364685884381,0.7920000000000005,0.9318998962864797,0.7920000000000005,0.8816095663298266,0.7920000000000005,0.925430275305769,0.7920000000000005,0.8903782437583554,0.7920000000000005,0.9007029112075988,0.7920000000000005,0.9090031517180138,0.7920000000000005,0.898635280513076,0.7920000000000005,0.9057736823291432,0.7920000000000005,0.957882012048399,0.7920000000000005,1.016304063044943,0.7920000000000005,1.0545496181989,0.7920000000000005,0.9996551431146485,0.7920000000000005,1.038413176723449,0.7920000000000005,1.003429909215126,0.7920000000000005,1.004281547147789,0.7920000000000005,1.032402078779015,0.7920000000000005,1.004702391749823,0.7920000000000005,1.028076603967182,0.7920000000000005,1.100573815415644,0.7920000000000005,0.9280454303291128,0.7920000000000005,0.9546298223740598,0.7920000000000005,0.902907961152095,0.7920000000000005,0.9477735217110435,0.7920000000000005,0.9119203990945005,0.7920000000000005,0.9214968546578184,0.7920000000000005,0.9313565174199967,0.7920000000000005,0.9197915899886308,0.7920000000000005,0.9281393169873143,0.7920000000000005,0.9844793010559115,0.7920000000000005,0.7920000000000005,0.7920000000000005,0.7920000000000005,0.7920000000000005,0.7920000000000005,0.7920000000000005,0.7920000000000005,0.7920000000000005,0.7920000000000005,0.7920000000000005,0.7920000000000005,0.7920000000000005,0.7920000000000005,0.7920000000000005,0.7920000000000005,0.7920000000000005,0.7920000000000005,0.7920000000000005,0.7920000000000005,0.7920000000000005,0.7920000000000005,0.7920000000000005,0.7920000000000005,0.7920000000000005,0.7920000000000005,0.7920000000000005,0.7920000000000005,0.7920000000000005,0.7920000000000005,0.7920000000000005,0.7920000000000005,0.7920000000000005,0.7920000000000005,0.7920000000000005,0.7920000000000005,0.7920000000000005,0.7920000000000005,0.7920000000000005,0.7920000000000005,0.7920000000000005,0.7920000000000005,0.7920000000000005,0.7920000000000005,0.7920000000000005,0.7920000000000005,0.7920000000000005,0.7920000000000005,0.7920000000000005,0.7920000000000005,0.7920000000000005,0.7920000000000005,0.7920000000000005,0.7920000000000005,0.7920000000000005,0.7920000000000005,0.7920000000000005,0.7920000000000005,0.7920000000000005,0.7920000000000005,0.7920000000000005,0.7920000000000005,0.7920000000000005,0.7920000000000005,0.7920000000000005,0.7920000000000005,0.7920000000000005,0.7920000000000005,0.7920000000000005,0.7920000000000005,0.7920000000000005,0.7920000000000005,0.7920000000000005,0.7920000000000005,0.7920000000000005,0.7920000000000005,0.7920000000000005,0.7920000000000005,0.7920000000000005,0.7920000000000005,0.7920000000000005,0.9947428734723408
0.8280000000000005,0.9537482649114768,0.8280000000000005,0.9063277394105943,0.8280000000000005,0.9466615110289303,0.8280000000000005,0.914456742055304,0.8280000000000005,0.9195193456084663,0.8280000000000005,0.9331700625784438,0.8280000000000005,0.9191518370549495,0.8280000000000005,0.9305830508222431,0.8280000000000005,0.9851786226670208,0.8280000000000005,0.8497926680832933,0.8280000000000005,0.8749095643734082,0.8280000000000005,0.8246503879528189,0.8280000000000005,0.868706801456206,0.8280000000000005,0.833533227323745,0.8280000000000005,0.8447062722778904,0.8280000000000005,0.8518364660197887,0.8280000000000005,0.8423606951069939,0.8280000000000005,0.848548893820124,0.8280000000000005,0.8994970057037743,0.8280000000000005,0.9403150861140336,0.8280000000000005,0.9687632802665547,0.8280000000000005,0.9190255825914753,0.8280000000000005,0.9601984938121531,0.8280000000000005,0.9266949686765599,0.8280000000000005,0.93042867781817,0.8280000000000005,0.9476395533752557,0.8280000000000005,0.9304755098972279,0.8280000000000005,0.944855060209819,0.8280000000000005,1.005836502992828,0.8280000000000005,0.8721280343569976,0.8280000000000005,0.8969132533854651,0.8280000000000005,0.8460398054088694,0.8280000000000005,0.8912313887798606,0.8280000000000005,0.8556519386969634,0.8280000000000005,0.8665936122337495,0.8280000000000005,0.8736192421616407,0.8280000000000005,0.8645145504845382,0.8280000000000005,0.8705202004545168,0.8280000000000005,0.9234392421604476,0.8280000000000005,0.8280000000000005,0.8280000000000005,0.8280000000000005,0.8280000000000005,0.8280000000000005,0.8280000000000005,0.8280000000000005,0.8280000000000005,0.8280000000000005,0.8280000000000005,0.8280000000000005,0.8280000000000005,0.8280000000000005,0.8280000000000005,0.8280000000000005,0.8280000000000005,0.8280000000000005,0.8280000000000005,0.8280000000000005,0.8280000000000005,0.8280000000000005,0.8280000000000005,0.8280000000000005,0.8280000000000005,0.8280000000000005,0.8280000000000005,0.8280000000000005,0.8280000000000005,0.8280000000000005,0.8280000000000005,0.8280000000000005,0.8280000000000005,0.8280000000000005,0.8280000000000005,0.8280000000000005,0.8280000000000005,0.8280000000000005,0.8280000000000005,0.8280000000000005,0.8280000000000005,0.8280000000000005,0.8280000000000005,0.8280000000000005,0.8280000000000005,0.8280000000000005,0.8280000000000005,0.8280000000000005,0.8280000000000005,0.8280000000000005,0.8280000000000005,0.8280000000000005,0.8280000000000005,0.8280000000000005,0.8280000000000005,0.8280000000000005,0.8280000000000005,0.8280000000000005,0.8280000000000005,0.8280000000000005,0.8280000000000005,0.8280000000000005,0.8280000000000005,0.8280000000000005,0.8280000000000005,0.8280000000000005,0.8280000000000005,0.8280000000000005,0.8280000000000005,0.8280000000000005,0.8280000000000005,0.8280000000000005,0.8280000000000005,0.8280000000000005,0.8280000000000005,0.8280000000000005,0.8280000000000005,0.8280000000000005,0.8280000000000005,0.8280000000000005,0.8280000000000005,0.928041002781932
0.8640000000000005,0.8889468455698457,0.8640000000000005,0.8415615997993425,0.8640000000000005,0.8823535116289792,0.8640000000000005,0.8500114722869699,0.8640000000000005,0.8560317364915766,0.8640000000000005,0.8681551785206599,0.8640000000000005,0.8553926509245963,0.8640000000000005,0.8655580727940605,0.8640000000000005,0.918964648747523,0.8640000000000005,0.7947161151190241,0.8640000000000005,0.8196190003915685,0.8640000000000005,0.769249254622916,0.8640000000000005,0.8135567371742898,0.8640000000000005,0.7781935182029541,0.8640000000000005,0.7901316071683784,0.8640000000000005,0.7963280270762267,0.8640000000000005,0.7875264726491484,0.8640000000000005,0.792961040410743,0.8640000000000005,0.8430507098832601,0.8640000000000005,0.8741669935522464,0.8640000000000005,0.9000218061089562,0.8640000000000005,0.8513519656874218,0.8640000000000005,0.8931968958566407,0.8640000000000005,0.8600565113876013,0.8640000000000005,0.8655073277311169,0.8640000000000005,0.8788531661267101,0.8640000000000005,0.8651537596794159,0.8640000000000005,0.8762842519111821,0.8640000000000005,0.9328926918283008,0.8640000000000005,0.8195559175733967,0.8640000000000005,0.8436134363152572,0.8640000000000005,0.7929827806778772,0.8640000000000005,0.8383883471636254,0.8640000000000005,0.8027685613039157,0.8640000000000005,0.8147941561838415,0.8640000000000005,0.8201597662789066,0.8640000000000005,0.8123584994454845,0.8640000000000005,0.8170203715748173,0.8640000000000005,0.8681229511103398,0.8640000000000005,0.8640000000000005,0.8640000000000005,0.8640000000000005,0.8640000000000005,0.8640000000000005,0.8640000000000005,0.8640000000000005,0.8640000000000005,0.8640000000000005,0.8640000000000005,0.8640000000000005,0.8640000000000005,0.8640000000000005,0.8640000000000005,0.8640000000000005,0.8640000000000005,0.8640000000000005,0.8640000000000005,0.8640000000000005,0.8640000000000005,0.8640000000000005,0.8640000000000005,0.8640000000000005,0.8640000000000005,0.8640000000000005,0.8640000000000005,0.8640000000000005,0.8640000000000005,0.8640000000000005,0.8640000000000005,0.8640000000000005,0.8640000000000005,0.8640000000000005,0.8640000000000005,0.8640000000000005,0.8640000000000005,0.8640000000000005,0.8640000000000005,0.8640000000000005,0.8640000000000005,0.8640000000000005,0.8640000000000005,0.8640000000000005,0.8640000000000005,0.8640000000000005,0.8640000000000005,0.8640000000000005,0.8640000000000005,0.8640000000000005,0.8640000000000005,0.8640000000000005,0.8640000000000005,0.8640000000000005,0.8640000000000005,0.8640000000000005,0.8640000000000005,0.8640000000000005,0.8640000000000005,0.8640000000000005,0.8640000000000005,0.8640000000000005,0.8640000000000005,0.8640000000000005,0.8640000000000005,0.8640000000000005,0.8640000000000005,0.8640000000000005,0.8640000000000005,0.8640000000000005,0.8640000000000005,0.8640000000000005,0.8640000000000005,0.8640000000000005,0.8640000000000005,0.8640000000000005,0.8640000000000005,0.8640000000000005,0.8640000000000005,0.8640000000000005,0.8640000000000005,0.8639371032756675
0.9000000000000006,0.8263904819507583,0.9000000000000006,0.7789093963837764,0.9000000000000006,0.8201353354655263,0.9000000000000006,0.7875960992614622,0.9000000000000006,0.7944920394975205,0.9000000000000006,0.8053478722455607,0.9000000000000006,0.7935934145899781,0.9000000000000006,0.8027108212312686,0.9000000000000006,0.855197650989343,0.9000000000000006,0.7408925738604489,0.9000000000000006,0.7656478477252825,0.9000000000000006,0.7151510232092289,0.9000000000000006,0.7596795742149269,0.9000000000000006,0.7241374801398512,0.9000000000000006,0.7367617372877445,0.9000000000000006,0.7421405663647439,0.9000000000000006,0.7339205068793135,0.9000000000000006,0.7386946962697445,0.9000000000000006,0.7880716545554034,0.9000000000000006,0.8127328415640701,0.9000000000000006,0.8373310760430652,0.9000000000000006,0.7890456035899601,0.9000000000000006,0.8313541072423732,0.9000000000000006,0.7982120259541186,0.9000000000000006,0.8049868983129244,0.9000000000000006,0.8159831125198918,0.9000000000000006,0.8042560932346167,0.9000000000000006,0.8134450745350243,0.9000000000000006,0.8678352905994235,0.9000000000000006,0.7690360742588984,0.9000000000000006,0.792826331699182,0.9000000000000006,0.7421676637692406,0.9000000000000006,0.7877493983470568,0.9000000000000006,0.7519657419864458,0.9000000000000006,0.7649148438770338,0.9000000000000006,0.7691512235423885,0.9000000000000006,0.7621478199474905,0.9000000000000006,0.7659105579872373,0.9000000000000006,0.8157703942461187,0.9000000000000006,0.9000000000000006,0.9000000000000006,0.9000000000000006,0.9000000000000006,0.9000000000000006,0.9000000000000006,0.9000000000000006,0.9000000000000006,0.9000000000000006,0.9000000000000006,0.9000000000000006,0.9000000000000006,0.9000000000000006,0.9000000000000006,0.9000000000000006,0.9000000000000006,0.9000000000000006,0.9000000000000006,0.9000000000000006,0.9000000000000006,0.9000000000000006,0.9000000000000006,0.9000000000000006,0.9000000000000006,0.9000000000000006,0.9000000000000006,0.9000000000000006,0.9000000000000006,0.9000000000000006,0.9000000000000006,0.9000000000000006,0.9000000000000006,0.9000000000000006,0.9000000000000006,0.9000000000000006,0.9000000000000006,0.9000000000000006,0.9000000000000006,0.9000000000000006,0.9000000000000006,0.9000000000000006,0.9000000000000006,0.9000000000000006,0.9000000000000006,0.9000000000000006,0.9000000000000006,0.9000000000000006,0.9000000000000006,0.9000000000000006,0.9000000000000006,0.9000000000000006,0.9000000000000006,0.9000000000000006,0.9000000000000006,0.9000000000000006,0.9000000000000006,0.9000000000000006,0.9000000000000006,0.9000000000000006,0.9000000000000006,0.9000000000000006,0.9000000000000006,0.9000000000000006,0.9000000000000006,0.9000000000000006,0.9000000000000006,0.9000000000000006,0.9000000000000006,0.9000000000000006,0.9000000000000006,0.9000000000000006,0.9000000000000006,0.9000000000000006,0.9000000000000006,0.9000000000000006,0.9000000000000006,0.9000000000000006,0.9000000000000006,0.9000000000000006,0.9000000000000006,0.8018449658453219
0.9360000000000006,0.765687120708532,0.9360000000000006,0.7181397036435037,0.9360000000000006,0.7597112761966673,0.9360000000000006,0.7270195260346272,0.9360000000000006,0.7347041149064937,0.9360000000000006,0.744412863338099,0.9360000000000006,0.7335681255276887,0.9360000000000006,0.741734110042041,0.9360000000000006,0.7933986871723271,0.9360000000000006,0.6883060911335117,0.9360000000000006,0.7128747937390648,0.9360000000000006,0.6623601061017587,0.9360000000000006,0.7070057769523108,0.9360000000000006,0.6713818372325663,0.9360000000000006,0.6845979362065053,0.9360000000000006,0.6892000878539396,0.9360000000000006,0.6815519747698826,0.9360000000000006,0.6856929589245873,0.9360000000000006,0.7343705514708214,0.9360000000000006,0.7543114137766348,0.9360000000000006,0.7782671390273996,0.9360000000000006,0.7300486562344589,0.9360000000000006,0.7727146109604783,0.9360000000000006,0.7394338077447119,0.9360000000000006,0.7473153078493084,0.9360000000000006,0.7566771607427726,0.9360000000000006,0.7462358099747251,0.9360000000000006,0.7540864935711861,0.9360000000000006,0.8069624229170796,0.9360000000000006,0.7200039086306461,0.9360000000000006,0.743706297332408,0.9360000000000006,0.6929322355133749,0.9360000000000006,0.7386572441691566,0.9360000000000006,0.7026816336981636,0.9360000000000006,0.71644517893437,0.9360000000000006,0.7197987644416731,0.9360000000000006,0.7133728087131013,0.9360000000000006,0.7164411938977299,0.9360000000000006,0.7653371290541359,0.9360000000000006,0.9360000000000006,0.9360000000000006,0.9360000000000006,0.9360000000000006,0.9360000000000006,0.9360000000000006,0.9360000000000006,0.9360000000000006,0.9360000000000006,0.9360000000000006,0.9360000000000006,0.9360000000000006,0.9360000000000006,0.9360000000000006,0.9360000000000006,0.9360000000000006,0.9360000000000006,0.9360000000000006,0.9360000000000006,0.9360000000000006,0.9360000000000006,0.9360000000000006,0.9360000000000006,0.9360000000000006,0.9360000000000006,0.9360000000000006,0.9360000000000006,0.9360000000000006,0.9360000000000006,0.9360000000000006,0.9360000000000006,0.9360000000000006,0.9360000000000006,0.9360000000000006,0.9360000000000006,0.9360000000000006,0.9360000000000006,0.9360000000000006,0.9360000000000006,0.9360000000000006,0.9360000000000006,0.9360000000000006,0.9360000000000006,0.9360000000000006,0.9360000000000006,0.9360000000000006,0.9360000000000006,0.9360000000000006,0.9360000000000006,0.9360000000000006,0.9360000000000006,0.9360000000000006,0.9360000000000006,0.9360000000000006,0.9360000000000006,0.9360000000000006,0.9360000000000006,0.9360000000000006,0.9360000000000006,0.9360000000000006,0.9360000000000006,0.9360000000000006,0.9360000000000006,0.9360000000000006,0.9360000000000006,0.9360000000000006,0.9360000000000006,0.9360000000000006,0.9360000000000006,0.9360000000000006,0.9360000000000006,0.9360000000000006,0.9360000000000006,0.9360000000000006,0.9360000000000006,0.9360000000000006,0.9360000000000006,0.9360000000000006,0.9360000000000006,0.9360000000000006,0.7415421669789118
0.9720000000000006,0.7067642234967456,0.9720000000000006,0.6593676373934217,0.9720000000000006,0.7010791732838805,0.9720000000000006,0.6684098430792815,0.9720000000000006,0.6767655903866,0.9720000000000006,0.6853498660035517,0.9720000000000006,0.675428301734163,0.9720000000000006,0.6826523303526786,0.9720000000000006,0.7334137817760593,0.9720000000000006,0.6371457802705817,0.9720000000000006,0.6613819444353509,0.9720000000000006,0.6111154231562284,0.9720000000000006,0.6556620492002505,0.9720000000000006,0.6201659555943017,0.9720000000000006,0.6338415731256893,0.9720000000000006,0.6376512416436234,0.9720000000000006,0.6306357746448894,0.9720000000000006,0.6341191479077309,0.9720000000000006,0.6819690817332561,0.9720000000000006,0.6981734477850635,0.9720000000000006,0.721724136494777,0.9720000000000006,0.6735042246293684,0.9720000000000006,0.7164217987835098,0.9720000000000006,0.6829996249843545,0.9720000000000006,0.691834627185118,0.9720000000000006,0.6998975104359232,0.9720000000000006,0.6904384300733788,0.9720000000000006,0.6972306812037425,0.9720000000000006,0.7489032373039179,0.9720000000000006,0.6722484857961559,0.9720000000000006,0.695902657368115,0.9720000000000006,0.6450408824400522,0.9720000000000006,0.6908453938861011,0.9720000000000006,0.6547189972087196,0.9720000000000006,0.6692042344352966,0.9720000000000006,0.6717871319041794,0.9720000000000006,0.6658543152133215,0.9720000000000006,0.6683181782867816,0.9720000000000006,0.7163631148541688,0.9720000000000006,0.9720000000000006,0.9720000000000006,0.9720000000000006,0.9720000000000006,0.9720000000000006,0.9720000000000006,0.9720000000000006,0.9720000000000006,0.9720000000000006,0.9720000000000006,0.9720000000000006,0.9720000000000006,0.9720000000000006,0.9720000000000006,0.9720000000000006,0.9720000000000006,0.9720000000000006,0.9720000000000006,0.9720000000000006,0.9720000000000006,0.9720000000000006,0.9720000000000006,0.9720000000000006,0.9720000000000006,0.9720000000000006,0.9720000000000006,0.9720000000000006,0.9720000000000006,0.9720000000000006,0.9720000000000006,0.9720000000000006,0.9720000000000006,0.9720000000000006,0.9720000000000006,0.9720000000000006,0.9720000000000006,0.9720000000000006,0.9720000000000006,0.9720000000000006,0.9720000000000006,0.9720000000000006,0.9720000000000006,0.9720000000000006,0.9720000000000006,0.9720000000000006,0.9720000000000006,0.9720000000000006,0.9720000000000006,0.9720000000000006,0.9720000000000006,0.9720000000000006,0.9720000000000006,0.9720000000000006,0.9720000000000006,0.9720000000000006,0.9720000000000006,0.9720000000000006,0.9720000000000006,0.9720000000000006,0.9720000000000006,0.9720000000000006,0.9720000000000006,0.9720000000000006,0.9720000000000006,0.9720000000000006,0.9720000000000006,0.9720000000000006,0.9720000000000006,0.9720000000000006,0.9720000000000006,0.9720000000000006,0.9720000000000006,0.9720000000000006,0.9720000000000006,0.9720000000000006,0.9720000000000006,0.9720000000000006,0.9720000000000006,0.9720000000000006,0.9720000000000006,0.6831048056749676
1.008000000000001,0.6498414348227389,1.008000000000001,0.603065780689395,1.008000000000001,0.6445257998650235,1.008000000000001,0.6122343818718431,1.008000000000001,0.6210820791104803,1.008000000000001,0.6284808785132323,1.008000000000001,0.6196010905280508,1.008000000000001,0.6258161763636996,1.008000000000001,0.6753746678867599,1.008000000000001,0.587828433907811,1.008000000000001,0.6114543873227383,1.008000000000001,0.5619185195365365,1.008000000000001,0.6059826595535927,1.008000000000001,0.5709824504496689,1.008000000000001,0.5849172464473886,1.008000000000001,0.5878688855106478,1.008000000000001,0.5816190110254859,1.008000000000001,0.5843728118790158,1.008000000000001,0.631090412459709,1.008000000000001,0.6440877368196437,1.008000000000001,0.6672637559965615,1.008000000000001,0.6191576993722044,1.008000000000001,0.6621581227910232,1.008000000000001,0.6287072964283552,1.008000000000001,0.6383536425472187,1.008000000000001,0.6452657495460996,1.008000000000001,0.6366793994109875,1.008000000000001,0.6425314591623538,1.008000000000001,0.6930726236742909,1.008000000000001,0.625778750790586,1.008000000000001,0.6493271438377002,1.008000000000001,0.5985146133493725,1.008000000000001,0.6442751226109869,1.008000000000001,0.608113129297024,1.008000000000001,0.6232170494666052,1.008000000000001,0.6250675180035172,1.008000000000001,0.619624401072693,1.008000000000001,0.6215079964154853,1.008000000000001,0.6686893954336639,1.008000000000001,1.008000000000001,1.008000000000001,1.008000000000001,1.008000000000001,1.008000000000001,1.008000000000001,1.008000000000001,1.008000000000001,1.008000000000001,1.008000000000001,1.008000000000001,1.008000000000001,1.008000000000001,1.008000000000001,1.008000000000001,1.008000000000001,1.008000000000001,1.008000000000001,1.008000000000001,1.008000000000001,1.008000000000001,1.008000000000001,1.008000000000001,1.008000000000001,1.008000000000001,1.008000000000001,1.008000000000001,1.008000000000001,1.008000000000001,1.008000000000001,1.008000000000001,1.008000000000001,1.008000000000001,1.008000000000001,1.008000000000001,1.008000000000001,1.008000000000001,1.008000000000001,1.008000000000001,1.008000000000001,1.008000000000001,1.008000000000001,1.008000000000001,1.008000000000001,1.008000000000001,1.008000000000001,1.008000000000001,1.008000000000001,1.008000000000001,1.008000000000001,1.008000000000001,1.008000000000001,1.008000000000001,1.008000000000001,1.008000000000001,1.008000000000001,1.008000000000001,1.008000000000001,1.008000000000001,1.008000000000001,1.008000000000001,1.008000000000001,1.008000000000001,1.008000000000001,1.008000000000001,1.008000000000001,1.008000000000001,1.008000000000001,1.008000000000001,1.008000000000001,1.008000000000001,1.008000000000001,1.008000000000001,1.008000000000001,1.008000000000001,1.008000000000001,1.008000000000001,1.008000000000001,1.008000000000001,1.008000000000001,0.6269190757104677
1.044000000000001,0.5954663521794292,1.044000000000001,0.5501270616829054,1.044000000000001,0.5906749179516795,1.044000000000001,0.5593638527366179,1.044000000000001,0.5684266333122695,1.044000000000001,0.5745001321181283,1.044000000000001,0.566890915424978,1.044000000000001,0.5719567140415601,1.044000000000001,0.6197239668677543,1.044000000000001,0.5410473799219389,1.044000000000001,0.5636144166070964,1.044000000000001,0.5155870956110913,1.044000000000001,0.5585508944511437,1.044000000000001,0.5246299954444262,1.044000000000001,0.5385200139497461,1.044000000000001,0.5405039032397373,1.044000000000001,0.5352307168349106,1.044000000000001,0.5371383023241767,1.044000000000001,0.5821885267256139,1.044000000000001,0.5921670293760685,1.044000000000001,0.6148362108300477,1.044000000000001,0.5671559615764898,1.044000000000001,0.6099528744128521,1.044000000000001,0.5767217859400715,1.044000000000001,0.5870111825920207,1.044000000000001,0.592805250061133,1.044000000000001,0.5851106321040742,1.044000000000001,0.5900386555311646,1.044000000000001,0.6393162957516351,1.044000000000001,0.5807798189060918,1.044000000000001,0.6040700320851452,1.044000000000001,0.5535793696818802,1.044000000000001,0.5990776779732954,1.044000000000001,0.5630932437330883,1.044000000000001,0.5786725868409012,1.044000000000001,0.5797853622244251,1.044000000000001,0.5748882503657633,1.044000000000001,0.5761732956176592,1.044000000000001,0.6223571593818734,1.044000000000001,1.044000000000001,1.044000000000001,1.044000000000001,1.044000000000001,1.044000000000001,1.044000000000001,1.044000000000001,1.044000000000001,1.044000000000001,1.044000000000001,1.044000000000001,1.044000000000001,1.044000000000001,1.044000000000001,1.044000000000001,1.044000000000001,1.044000000000001,1.044000000000001,1.044000000000001,1.044000000000001,1.044000000000001,1.044000000000001,1.044000000000001,1.044000000000001,1.044000000000001,1.044000000000001,1.044000000000001,1.044000000000001,1.044000000000001,1.044000000000001,1.044000000000001,1.044000000000001,1.044000000000001,1.044000000000001,1.044000000000001,1.044000000000001,1.044000000000001,1.044000000000001,1.044000000000001,1.044000000000001,1.044000000000001,1.044000000000001,1.044000000000001,1.044000000000001,1.044000000000001,1.044000000000001,1.044000000000001,1.044000000000001,1.044000000000001,1.044000000000001,1.044000000000001,1.044000000000001,1.044000000000001,1.044000000000001,1.044000000000001,1.044000000000001,1.044000000000001,1.044000000000001,1.044000000000001,1.044000000000001,1.044000000000001,1.044000000000001,1.044000000000001,1.044000000000001,1.044000000000001,1.044000000000001,1.044000000000001,1.044000000000001,1.044000000000001,1.044000000000001,1.044000000000001,1.044000000000001,1.044000000000001,1.044000000000001,1.044000000000001,1.044000000000001,1.044000000000001,1.044000000000001,1.044000000000001,1.044000000000001,0.5737402021849677
1.080000000000001,0.5445778371237799,1.080000000000001,0.5018718079751123,1.080000000000001,0.5405461078846924,1.080000000000001,0.5110813450732634,1.080000000000001,0.5199743892400394,1.080000000000001,0.524528068988941,1.080000000000001,0.5185060899723735,1.080000000000001,0.5222334021129169,1.080000000000001,0.5672785305267384,1.080000000000001,0.4977981651280861,1.080000000000001,0.5186675141223465,1.080000000000001,0.4732529251511031,1.080000000000001,0.5142409567463427,1.080000000000001,0.4822114950307763,1.080000000000001,0.4956379878908137,1.080000000000001,0.4965220051111988,1.080000000000001,0.4924975416979861,1.080000000000001,0.493417980830631,1.080000000000001,0.535998109847748,1.080000000000001,0.5428412620533334,1.080000000000001,0.5647009038026196,1.080000000000001,0.5180118298025166,1.080000000000001,0.5601358415094915,1.080000000000001,0.5275542734329932,1.080000000000001,0.5382553870707398,1.080000000000001,0.5428772955626127,1.080000000000001,0.5362027326595674,1.080000000000001,0.5401434350998645,1.080000000000001,0.5878001551908985,1.080000000000001,0.5376090484263932,1.080000000000001,0.5603736943219437,1.080000000000001,0.5106648777600896,1.080000000000001,0.5555404899501927,1.080000000000001,0.5200858812848579,1.080000000000001,0.5359181425291956,1.080000000000001,0.5362648946816537,1.080000000000001,0.5320227157290013,1.080000000000001,0.5326623965055954,1.080000000000001,0.5775771154888417,1.080000000000001,1.080000000000001,1.080000000000001,1.080000000000001,1.080000000000001,1.080000000000001,1.080000000000001,1.080000000000001,1.080000000000001,1.080000000000001,1.080000000000001,1.080000000000001,1.080000000000001,1.080000000000001,1.080000000000001,1.080000000000001,1.080000000000001,1.080000000000001,1.080000000000001,1.080000000000001,1.080000000000001,1.080000000000001,1.080000000000001,1.080000000000001,1.080000000000001,1.080000000000001,1.080000000000001,1.080000000000001,1.080000000000001,1.080000000000001,1.080000000000001,1.080000000000001,1.080000000000001,1.080000000000001,1.080000000000001,1.080000000000001,1.080000000000001,1.080000000000001,1.080000000000001,1.080000000000001,1.080000000000001,1.080000000000001,1.080000000000001,1.080000000000001,1.080000000000001,1.080000000000001,1.080000000000001,1.080000000000001,1.080000000000001,1.080000000000001,1.080000000000001,1.080000000000001,1.080000000000001,1.080000000000001,1.080000000000001,1.080000000000001,1.080000000000001,1.080000000000001,1.080000000000001,1.080000000000001,1.080000000000001,1.080000000000001,1.080000000000001,1.080000000000001,1.080000000000001,1.080000000000001,1.080000000000001,1.080000000000001,1.080000000000001,1.080000000000001,1.080000000000001,1.080000000000001,1.080000000000001,1.080000000000001,1.080000000000001,1.080000000000001,1.080000000000001,1.080000000000001,1.080000000000001,1.080000000000001,1.080000000000001,0.5247317714244402
1.116000000000001,0.4984786855348599,1.116000000000001,0.459695622596265,1.116000000000001,0.4954732249057127,1.116000000000001,0.4687519516212664,1.116000000000001,0.477088191129748,1.116000000000001,0.4799742380298265,1.116000000000001,0.4758074143120634,1.116000000000001,0.4780606853323874,1.116000000000001,0.5192489904047156,1.116000000000001,0.4592261598062293,1.116000000000001,0.477682354734553,1.116000000000001,0.4360839514554232,1.116000000000001,0.4741570157344352,1.116000000000001,0.4448695929575834,1.116000000000001,0.457399522008547,1.116000000000001,0.4570981436659095,1.116000000000001,0.4545555682719748,1.116000000000001,0.4543949641472982,1.116000000000001,0.493544485606673,1.116000000000001,0.4968787468540591,1.116000000000001,0.5174290599074307,1.116000000000001,0.4726186610726453,1.116000000000001,0.5133527451595293,1.116000000000001,0.4820801879780241,1.116000000000001,0.4928651675436307,1.116000000000001,0.4961929679566439,1.116000000000001,0.4907666552821617,1.116000000000001,0.4935930098978248,1.116000000000001,0.538999809102178,1.116000000000001,0.4968109152268533,1.116000000000001,0.5186350089032044,1.116000000000001,0.4704231195407317,1.116000000000001,0.5141161223241029,1.116000000000001,0.4797337169526453,1.116000000000001,0.4954736377446032,1.116000000000001,0.4950205857913717,1.116000000000001,0.4915919260028852,1.116000000000001,0.491523657690043,1.116000000000001,0.5347315339369058,1.116000000000001,1.116000000000001,1.116000000000001,1.116000000000001,1.116000000000001,1.116000000000001,1.116000000000001,1.116000000000001,1.116000000000001,1.116000000000001,1.116000000000001,1.116000000000001,1.116000000000001,1.116000000000001,1.116000000000001,1.116000000000001,1.116000000000001,1.116000000000001,1.116000000000001,1.116000000000001,1.116000000000001,1.116000000000001,1.116000000000001,1.116000000000001,1.116000000000001,1.116000000000001,1.116000000000001,1.116000000000001,1.116000000000001,1.116000000000001,1.116000000000001,1.116000000000001,1.116000000000001,1.116000000000001,1.116000000000001,1.116000000000001,1.116000000000001,1.116000000000001,1.116000000000001,1.116000000000001,1.116000000000001,1.116000000000001,1.116000000000001,1.116000000000001,1.116000000000001,1.116000000000001,1.116000000000001,1.116000000000001,1.116000000000001,1.116000000000001,1.116000000000001,1.116000000000001,1.116000000000001,1.116000000000001,1.116000000000001,1.116000000000001,1.116000000000001,1.116000000000001,1.116000000000001,1.116000000000001,1.116000000000001,1.116000000000001,1.116000000000001,1.116000000000001,1.116000000000001,1.116000000000001,1.116000000000001,1.116000000000001,1.116000000000001,1.116000000000001,1.116000000000001,1.116000000000001,1.116000000000001,1.116000000000001,1.116000000000001,1.116000000000001,1.116000000000001,1.116000000000001,1.116000000000001,1.116000000000001,1.116000000000001,0.4812659298621801
1.152000000000001,0.4584264454764095,1.152000000000001,0.4241843802037775,1.152000000000001,0.4565819019654823,1.152000000000001,0.4329800103701705,1.152000000000001,0.4405994268319995,1.152000000000001,0.4418846030613005,1.152000000000001,0.4395479219104729,1.152000000000001,0.4404020282098453,1.152000000000001,0.4769689933173564,1.152000000000001,0.4261010521777396,1.152000000000001,0.4417129971225442,1.152000000000001,0.404609755534557,1.152000000000001,0.4392627352863219,1.152000000000001,0.4131423023257247,1.152000000000001,0.4245568110776629,1.152000000000001,0.4231375305909791,1.152000000000001,0.4220875359833537,1.152000000000001,0.420904669592301,1.152000000000001,0.455941117531538,1.152000000000001,0.4553480587940973,1.152000000000001,0.4739173983573527,1.152000000000001,0.4321508744994348,1.152000000000001,0.4705665626971054,1.152000000000001,0.441444968809534,1.152000000000001,0.4519071638799094,1.152000000000001,0.453798579555526,1.152000000000001,0.4498952034553368,1.152000000000001,0.4514634261940726,1.152000000000001,0.4937220663264397,1.152000000000001,0.4591210465515361,1.152000000000001,0.4794242880911109,1.152000000000001,0.4337116901752171,1.152000000000001,0.475437587645218,1.152000000000001,0.4428769937431229,1.152000000000001,0.4580425372941202,1.152000000000001,0.4567689061541847,1.152000000000001,0.454347288888347,1.152000000000001,0.4535122944214139,1.152000000000001,0.4943898084366925,1.152000000000001,1.152000000000001,1.152000000000001,1.152000000000001,1.152000000000001,1.152000000000001,1.152000000000001,1.152000000000001,1.152000000000001,1.152000000000001,1.152000000000001,1.152000000000001,1.152000000000001,1.152000000000001,1.152000000000001,1.152000000000001,1.152000000000001,1.152000000000001,1.152000000000001,1.152000000000001,1.152000000000001,1.152000000000001,1.152000000000001,1.152000000000001,1.152000000000001,1.152000000000001,1.152000000000001,1.152000000000001,1.152000000000001,1.152000000000001,1.152000000000001,1.152000000000001,1.152000000000001,1.152000000000001,1.152000000000001,1.152000000000001,1.152000000000001,1.152000000000001,1.152000000000001,1.152000000000001,1.152000000000001,1.152000000000001,1.152000000000001,1.152000000000001,1.152000000000001,1.152000000000001,1.152000000000001,1.152000000000001,1.152000000000001,1.152000000000001,1.152000000000001,1.152000000000001,1.152000000000001,1.152000000000001,1.152000000000001,1.152000000000001,1.152000000000001,1.152000000000001,1.152000000000001,1.152000000000001,1.152000000000001,1.152000000000001,1.152000000000001,1.152000000000001,1.152000000000001,1.152000000000001,1.152000000000001,1.152000000000001,1.152000000000001,1.152000000000001,1.152000000000001,1.152000000000001,1.152000000000001,1.152000000000001,1.152000000000001,1.152000000000001,1.152000000000001,1.152000000000001,1.152000000000001,1.152000000000001,1.152000000000001,0.4442131209410478
1.188000000000001,0.4248080430137944,1.188000000000001,0.3946915898539481,1.188000000000001,0.4239950873377351,1.188000000000001,0.403173604963614,1.188000000000001,0.4101883568030185,1.188000000000001,0.4101527325853322,1.188000000000001,0.4093136917744861,1.188000000000001,0.4090338565936011,1.188000000000001,0.4411309508850487,1.188000000000001,0.3982800865657929,1.188000000000001,0.4111933683656878,1.188000000000001,0.3783585636417975,1.188000000000001,0.4097697991870648,1.188000000000001,0.3865980304876959,1.188000000000001,0.396959389293702,1.188000000000001,0.3946511445029046,1.188000000000001,0.3948435448831111,1.188000000000001,0.392847060568467,1.188000000000001,0.4238237300692422,1.188000000000001,0.4192821191552011,1.188000000000001,0.4352645039699835,1.188000000000001,0.3975499805295422,1.188000000000001,0.4328646944902486,1.188000000000001,0.4065779541451037,1.188000000000001,0.4163934819188927,1.188000000000001,0.4168054924511054,1.188000000000001,0.414574365401348,1.188000000000001,0.4148431652493141,1.188000000000001,0.4530403135218402,1.188000000000001,0.4253636494541748,1.188000000000001,0.4434847183923287,1.188000000000001,0.4013858249430194,1.188000000000001,0.4402850862238995,1.188000000000001,0.4103515584183653,1.188000000000001,0.4244294384417412,1.188000000000001,0.4223579576443533,1.188000000000001,0.421104868574009,1.188000000000001,0.4194908306035682,1.188000000000001,0.4573019573753818,1.188000000000001,1.188000000000001,1.188000000000001,1.188000000000001,1.188000000000001,1.188000000000001,1.188000000000001,1.188000000000001,1.188000000000001,1.188000000000001,1.188000000000001,1.188000000000001,1.188000000000001,1.188000000000001,1.188000000000001,1.188000000000001,1.188000000000001,1.188000000000001,1.188000000000001,1.188000000000001,1.188000000000001,1.188000000000001,1.188000000000001,1.188000000000001,1.188000000000001,1.188000000000001,1.188000000000001,1.188000000000001,1.188000000000001,1.188000000000001,1.188000000000001,1.188000000000001,1.188000000000001,1.188000000000001,1.188000000000001,1.188000000000001,1.188000000000001,1.188000000000001,1.188000000000001,1.188000000000001,1.188000000000001,1.188000000000001,1.188000000000001,1.188000000000001,1.188000000000001,1.188000000000001,1.188000000000001,1.188000000000001,1.188000000000001,1.188000000000001,1.188000000000001,1.188000000000001,1.188000000000001,1.188000000000001,1.188000000000001,1.188000000000001,1.188000000000001,1.188000000000001,1.188000000000001,1.188000000000001,1.188000000000001,1.188000000000001,1.188000000000001,1.188000000000001,1.188000000000001,1.188000000000001,1.188000000000001,1.188000000000001,1.188000000000001,1.188000000000001,1.188000000000001,1.188000000000001,1.188000000000001,1.188000000000001,1.188000000000001,1.188000000000001,1.188000000000001,1.188000000000001,1.188000000000001,1.188000000000001,1.188000000000001,0.4132886075543584
1.224000000000001,0.3969045279188769,1.224000000000001,0.370053771011257,1.224000000000001,0.3968526535489669,1.224000000000001,0.3782073253138294,1.224000000000001,0.3848169034517741,1.224000000000001,0.3837660764361726,1.224000000000001,0.3840387290152492,1.224000000000001,0.3829024327340883,1.224000000000001,0.4112707544997358,1.224000000000001,0.374926308757405,1.224000000000001,0.3856388059414207,1.224000000000001,0.356356522004977,1.224000000000001,0.3850362436977735,1.224000000000001,0.3642976866240551,1.224000000000001,0.3737692699212932,1.224000000000001,0.3708430210426616,1.224000000000001,0.371946836172362,1.224000000000001,0.3693775761529131,1.224000000000001,0.3969043269821224,1.224000000000001,0.3889945396306186,1.224000000000001,0.4022729984844611,1.224000000000001,0.3687970581876514,1.224000000000001,0.4008765725999988,1.224000000000001,0.3774933399242683,1.224000000000001,0.3866073520296043,1.224000000000001,0.3857029907203547,1.224000000000001,0.3849969496174694,1.224000000000001,0.3841202629550645,1.224000000000001,0.4179051235217826,1.224000000000001,0.3960905131141098,1.224000000000001,0.4115846822322592,1.224000000000001,0.3737942888880696,1.224000000000001,0.4093591536827142,1.224000000000001,0.38250916766576,1.224000000000001,0.3952028097787583,1.224000000000001,0.3924431457343174,1.224000000000001,0.3923571585133671,1.224000000000001,0.3900549616217102,1.224000000000001,0.4242642737107007,1.224000000000001,1.224000000000001,1.224000000000001,1.224000000000001,1.224000000000001,1.224000000000001,1.224000000000001,1.224000000000001,1.224000000000001,1.224000000000001,1.224000000000001,1.224000000000001,1.224000000000001,1.224000000000001,1.224000000000001,1.224000000000001,1.224000000000001,1.224000000000001,1.224000000000001,1.224000000000001,1.224000000000001,1.224000000000001,1.224000000000001,1.224000000000001,1.224000000000001,1.224000000000001,1.224000000000001,1.224000000000001,1.224000000000001,1.224000000000001,1.224000000000001,1.224000000000001,1.224000000000001,1.224000000000001,1.224000000000001,1.224000000000001,1.224000000000001,1.224000000000001,1.224000000000001,1.224000000000001,1.224000000000001,1.224000000000001,1.224000000000001,1.224000000000001,1.224000000000001,1.224000000000001,1.224000000000001,1.224000000000001,1.224000000000001,1.224000000000001,1.224000000000001,1.224000000000001,1.224000000000001,1.224000000000001,1.224000000000001,1.224000000000001,1.224000000000001,1.224000000000001,1.224000000000001,1.224000000000001,1.224000000000001,1.224000000000001,1.224000000000001,1.224000000000001,1.224000000000001,1.224000000000001,1.224000000000001,1.224000000000001,1.224000000000001,1.224000000000001,1.224000000000001,1.224000000000001,1.224000000000001,1.224000000000001,1.224000000000001,1.224000000000001,1.224000000000001,1.224000000000001,1.224000000000001,1.224000000000001,1.224000000000001,0.3874572267802702
1.260000000000001,0.3736029034134341,1.260000000000001,0.3492443609272137,1.260000000000001,0.3740673955841629,1.260000000000001,0.3570709827259743,1.260000000000001,0.3634440912399661,1.260000000000001,0.3616145569051439,1.260000000000001,0.3626980483812701,1.260000000000001,0.3609150247548852,1.260000000000001,0.3863091269807281,1.260000000000001,0.355095735236345,1.260000000000001,0.3641079333732757,1.260000000000001,0.3376716472840287,1.260000000000001,0.3641129285641254,1.260000000000001,0.3453271668804454,1.260000000000001,0.3540461991069202,1.260000000000001,0.3507301894244862,1.260000000000001,0.3524654988849504,1.260000000000001,0.3495246740474933,1.260000000000001,0.3742989679728668,1.260000000000001,0.3638634248997885,1.260000000000001,0.3748393677924377,1.260000000000001,0.3450211580402253,1.260000000000001,0.3742851557668229,1.260000000000001,0.353366022875745,1.260000000000001,0.3619077026034849,1.260000000000001,0.3599749893647982,1.260000000000001,0.3604587990069996,1.260000000000001,0.3586938941443458,1.260000000000001,0.3884825643793073,1.260000000000001,0.3711838707663779,1.260000000000001,0.3841051949771646,1.260000000000001,0.3505173974627399,1.260000000000001,0.3828470168734149,1.260000000000001,0.3589578486397461,1.260000000000001,0.3702891347165153,1.260000000000001,0.3670261186444154,1.260000000000001,0.3679119107858919,1.260000000000001,0.3650984763855817,1.260000000000001,0.3957345427966383,1.260000000000001,1.260000000000001,1.260000000000001,1.260000000000001,1.260000000000001,1.260000000000001,1.260000000000001,1.260000000000001,1.260000000000001,1.260000000000001,1.260000000000001,1.260000000000001,1.260000000000001,1.260000000000001,1.260000000000001,1.260000000000001,1.260000000000001,1.260000000000001,1.260000000000001,1.260000000000001,1.260000000000001,1.260000000000001,1.260000000000001,1.260000000000001,1.260000000000001,1.260000000000001,1.260000000000001,1.260000000000001,1.260000000000001,1.260000000000001,1.260000000000001,1.260000000000001,1.260000000000001,1.260000000000001,1.260000000000001,1.260000000000001,1.260000000000001,1.260000000000001,1.260000000000001,1.260000000000001,1.260000000000001,1.260000000000001,1.260000000000001,1.260000000000001,1.260000000000001,1.260000000000001,1.260000000000001,1.260000000000001,1.260000000000001,1.260000000000001,1.260000000000001,1.260000000000001,1.260000000000001,1.260000000000001,1.260000000000001,1.260000000000001,1.260000000000001,1.260000000000001,1.260000000000001,1.260000000000001,1.260000000000001,1.260000000000001,1.260000000000001,1.260000000000001,1.260000000000001,1.260000000000001,1.260000000000001,1.260000000000001,1.260000000000001,1.260000000000001,1.260000000000001,1.260000000000001,1.260000000000001,1.260000000000001,1.260000000000001,1.260000000000001,1.260000000000001,1.260000000000001,1.260000000000001,1.260000000000001,1.260000000000001,0.3656698204769135
1.296000000000001,0.3539344513890988,1.296000000000001,0.3314949251681297,1.296000000000001,0.3547396475716151,1.296000000000001,0.3390039247762321,1.296000000000001,0.345251849845942,1.296000000000001,0.3428211429402586,1.296000000000001,0.3444992557204499,1.296000000000001,0.3422217766922656,1.296000000000001,0.3652277397529064,1.296000000000001,0.3380113226482256,1.296000000000001,0.3457108704841209,1.296000000000001,0.321570255554127,1.296000000000001,0.3461589603115763,1.296000000000001,0.328959545859292,1.296000000000001,0.3370244137441643,1.296000000000001,0.3334860291667252,1.296000000000001,0.3356470676194016,1.296000000000001,0.3324844403799579,1.296000000000001,0.3550835705628807,1.296000000000001,0.3428990342430588,1.296000000000001,0.3521016326033755,1.296000000000001,0.3251932422862653,1.296000000000001,0.3521669246704899,1.296000000000001,0.3331944750920769,1.296000000000001,0.3412948022579419,1.296000000000001,0.3386161930316191,1.296000000000001,0.3399628227463176,1.296000000000001,0.3375512692157345,1.296000000000001,0.3640684354091133,1.296000000000001,0.3500008964789897,1.296000000000001,0.3607562412566921,1.296000000000001,0.3307639787072774,1.296000000000001,0.3603001758391204,1.296000000000001,0.3389294428177506,1.296000000000001,0.3490823503588658,1.296000000000001,0.3454971941403404,1.296000000000001,0.3471000613057479,1.296000000000001,0.3439516349050207,1.296000000000001,0.3714965641878841,1.296000000000001,1.296000000000001,1.296000000000001,1.296000000000001,1.296000000000001,1.296000000000001,1.296000000000001,1.296000000000001,1.296000000000001,1.296000000000001,1.296000000000001,1.296000000000001,1.296000000000001,1.296000000000001,1.296000000000001,1.296000000000001,1.296000000000001,1.296000000000001,1.296000000000001,1.296000000000001,1.296000000000001,1.296000000000001,1.296000000000001,1.296000000000001,1.296000000000001,1.296000000000001,1.296000000000001,1.296000000000001,1.296000000000001,1.296000000000001,1.296000000000001,1.296000000000001,1.296000000000001,1.296000000000001,1.296000000000001,1.296000000000001,1.296000000000001,1.296000000000001,1.296000000000001,1.296000000000001,1.296000000000001,1.296000000000001,1.296000000000001,1.296000000000001,1.296000000000001,1.296000000000001,1.296000000000001,1.296000000000001,1.296000000000001,1.296000000000001,1.296000000000001,1.296000000000001,1.296000000000001,1.296000000000001,1.296000000000001,1.296000000000001,1.296000000000001,1.296000000000001,1.296000000000001,1.296000000000001,1.296000000000001,1.296000000000001,1.296000000000001,1.296000000000001,1.296000000000001,1.296000000000001,1.296000000000001,1.296000000000001,1.296000000000001,1.296000000000001,1.296000000000001,1.296000000000001,1.296000000000001,1.296000000000001,1.296000000000001,1.296000000000001,1.296000000000001,1.296000000000001,1.296000000000001,1.296000000000001,1.296000000000001,0.3471078430141695
1.332000000000001,0.3371541742577365,1.332000000000001,0.3162316754607062,1.332000000000001,0.3381832203973681,1.332000000000001,0.3234380971533934,1.332000000000001,0.3296120109225196,1.332000000000001,0.3267279793478556,1.332000000000001,0.3288397943506931,1.332000000000001,0.3261885317086873,1.332000000000001,0.3472467235680129,1.332000000000001,0.3230907763199012,1.332000000000001,0.3297633974710722,1.332000000000001,0.3075049850095166,1.332000000000001,0.330535467876433,1.332000000000001,0.3146478625681109,1.332000000000001,0.322137641657757,1.332000000000001,0.3184892076608957,1.332000000000001,0.3209321231427839,1.332000000000001,0.3176513391507613,1.332000000000001,0.338512703092485,1.332000000000001,0.3251984324947593,1.332000000000001,0.3330547534202825,1.332000000000001,0.3084540671782785,1.332000000000001,0.3335611382148347,1.332000000000001,0.3161334648832639,1.332000000000001,0.3238584884847764,1.332000000000001,0.3206729179943473,1.332000000000001,0.3226244288552277,1.332000000000001,0.3197650052859095,1.332000000000001,0.3436789704637929,1.332000000000001,0.3318117367015018,1.332000000000001,0.3408580886465609,1.332000000000001,0.3137931631678117,1.332000000000001,0.3410097222201754,1.332000000000001,0.3216927950012752,1.332000000000001,0.3308704055566172,1.332000000000001,0.3270962999079147,1.332000000000001,0.3292034414221784,1.332000000000001,0.3258507381404334,1.332000000000001,0.3508748662997039,1.332000000000001,1.332000000000001,1.332000000000001,1.332000000000001,1.332000000000001,1.332000000000001,1.332000000000001,1.332000000000001,1.332000000000001,1.332000000000001,1.332000000000001,1.332000000000001,1.332000000000001,1.332000000000001,1.332000000000001,1.332000000000001,1.332000000000001,1.332000000000001,1.332000000000001,1.332000000000001,1.332000000000001,1.332000000000001,1.332000000000001,1.332000000000001,1.332000000000001,1.332000000000001,1.332000000000001,1.332000000000001,1.332000000000001,1.332000000000001,1.332000000000001,1.332000000000001,1.332000000000001,1.332000000000001,1.332000000000001,1.332000000000001,1.332000000000001,1.332000000000001,1.332000000000001,1.332000000000001,1.332000000000001,1.332000000000001,1.332000000000001,1.332000000000001,1.332000000000001,1.332000000000001,1.332000000000001,1.332000000000001,1.332000000000001,1.332000000000001,1.332000000000001,1.332000000000001,1.332000000000001,1.332000000000001,1.332000000000001,1.332000000000001,1.332000000000001,1.332000000000001,1.332000000000001,1.332000000000001,1.332000000000001,1.332000000000001,1.332000000000001,1.332000000000001,1.332000000000001,1.332000000000001,1.332000000000001,1.332000000000001,1.332000000000001,1.332000000000001,1.332000000000001,1.332000000000001,1.332000000000001,1.332000000000001,1.332000000000001,1.332000000000001,1.332000000000001,1.332000000000001,1.332000000000001,1.332000000000001,1.332000000000001,0.3311525491703168
1.368000000000001,0.3226824621861757,1.368000000000001,0.3030037856592553,1.368000000000001,0.323861334740849,1.368000000000001,0.3099281564406556,1.368000000000001,0.3160247082336019,1.368000000000001,0.3128234542918317,1.368000000000001,0.3152410368681415,1.368000000000001,0.3123231709009284,1.368000000000001,0.3317780718690304,1.368000000000001,0.3099096457453244,1.368000000000001,0.315768394052078,1.368000000000001,0.2950752861613452,1.368000000000001,0.3167774682450127,1.368000000000001,0.3019891000017026,1.368000000000001,0.3089757158692299,1.368000000000001,0.3052876919536521,1.368000000000001,0.3079139889849231,1.368000000000001,0.3045823898306586,1.368000000000001,0.3240295521901729,1.368000000000001,0.3100419063128231,1.368000000000001,0.316854210067829,1.368000000000001,0.2941322664145016,1.368000000000001,0.317679483858003,1.368000000000001,0.3015187291814488,1.368000000000001,0.3088806878625961,1.368000000000001,0.3053823340049389,1.368000000000001,0.3077438167066039,1.368000000000001,0.3045978955162771,1.368000000000001,0.3264439283707379,1.368000000000001,0.3160126949745313,1.368000000000001,0.323727893931462,1.368000000000001,0.2990328012350389,1.368000000000001,0.3243266853647197,1.368000000000001,0.3066787729845412,1.368000000000001,0.3150555437050446,1.368000000000001,0.311180726159609,1.368000000000001,0.3136373480858398,1.368000000000001,0.3101680493311913,1.368000000000001,0.3331515345625851,1.368000000000001,1.368000000000001,1.368000000000001,1.368000000000001,1.368000000000001,1.368000000000001,1.368000000000001,1.368000000000001,1.368000000000001,1.368000000000001,1.368000000000001,1.368000000000001,1.368000000000001,1.368000000000001,1.368000000000001,1.368000000000001,1.368000000000001,1.368000000000001,1.368000000000001,1.368000000000001,1.368000000000001,1.368000000000001,1.368000000000001,1.368000000000001,1.368000000000001,1.368000000000001,1.368000000000001,1.368000000000001,1.368000000000001,1.368000000000001,1.368000000000001,1.368000000000001,1.368000000000001,1.368000000000001,1.368000000000001,1.368000000000001,1.368000000000001,1.368000000000001,1.368000000000001,1.368000000000001,1.368000000000001,1.368000000000001,1.368000000000001,1.368000000000001,1.368000000000001,1.368000000000001,1.368000000000001,1.368000000000001,1.368000000000001,1.368000000000001,1.368000000000001,1.368000000000001,1.368000000000001,1.368000000000001,1.368000000000001,1.368000000000001,1.368000000000001,1.368000000000001,1.368000000000001,1.368000000000001,1.368000000000001,1.368000000000001,1.368000000000001,1.368000000000001,1.368000000000001,1.368000000000001,1.368000000000001,1.368000000000001,1.368000000000001,1.368000000000001,1.368000000000001,1.368000000000001,1.368000000000001,1.368000000000001,1.368000000000001,1.368000000000001,1.368000000000001,1.368000000000001,1.368000000000001,1.368000000000001,1.368000000000001,0.3173166457332383
1.404000000000001,0.3100552102832835,1.404000000000001,0.2914372196816933,1.404000000000001,0.3113384796471523,1.404000000000001,0.2981044077128364,1.404000000000001,0.3040838452569334,1.404000000000001,0.3006903221154079,1.404000000000001,0.3033084852322628,1.404000000000001,0.3002228789542092,1.404000000000001,0.3183576360673355,1.404000000000001,0.298158096221691,1.404000000000001,0.3033650133092178,1.404000000000001,0.2839886229603893,1.404000000000001,0.3045464840921739,1.404000000000001,0.2906879471025147,1.404000000000001,0.2972378409775974,1.404000000000001,0.2935530772159053,1.404000000000001,0.2962951655450363,1.404000000000001,0.2929549960561362,1.404000000000001,0.3112277021634934,1.404000000000001,0.2968745475588738,1.404000000000001,0.302855631916813,1.404000000000001,0.2817061190346345,1.404000000000001,0.3039169478931236,1.404000000000001,0.2888300366665835,1.404000000000001,0.2958218119238255,1.404000000000001,0.2921572612972009,1.404000000000001,0.2947853695987163,1.404000000000001,0.2914782404221787,1.404000000000001,0.3116733151466096,1.404000000000001,0.3021455305597724,1.404000000000001,0.3088173429273192,1.404000000000001,0.2860591084902839,1.404000000000001,0.309743239418831,1.404000000000001,0.2934643755504212,1.404000000000001,0.3011802882925965,1.404000000000001,0.2972622486785308,1.404000000000001,0.2999589691470014,1.404000000000001,0.2964310121786109,1.404000000000001,0.3177435402680662,1.404000000000001,1.404000000000001,1.404000000000001,1.404000000000001,1.404000000000001,1.404000000000001,1.404000000000001,1.404000000000001,1.404000000000001,1.404000000000001,1.404000000000001,1.404000000000001,1.404000000000001,1.404000000000001,1.404000000000001,1.404000000000001,1.404000000000001,1.404000000000001,1.404000000000001,1.404000000000001,1.404000000000001,1.404000000000001,1.404000000000001,1.404000000000001,1.404000000000001,1.404000000000001,1.404000000000001,1.404000000000001,1.404000000000001,1.404000000000001,1.404000000000001,1.404000000000001,1.404000000000001,1.404000000000001,1.404000000000001,1.404000000000001,1.404000000000001,1.404000000000001,1.404000000000001,1.404000000000001,1.404000000000001,1.404000000000001,1.404000000000001,1.404000000000001,1.404000000000001,1.404000000000001,1.404000000000001,1.404000000000001,1.404000000000001,1.404000000000001,1.404000000000001,1.404000000000001,1.404000000000001,1.404000000000001,1.404000000000001,1.404000000000001,1.404000000000001,1.404000000000001,1.404000000000001,1.404000000000001,1.404000000000001,1.404000000000001,1.404000000000001,1.404000000000001,1.404000000000001,1.404000000000001,1.404000000000001,1.404000000000001,1.404000000000001,1.404000000000001,1.404000000000001,1.404000000000001,1.404000000000001,1.404000000000001,1.404000000000001,1.404000000000001,1.404000000000001,1.404000000000001,1.404000000000001,1.404000000000001,1.404000000000001,0.3051991214641331
1.440000000000001,0.2989026584534143,1.440000000000001,0.2812164812609561,1.440000000000001,0.3002612419062382,1.440000000000001,0.2876525793072921,1.440000000000001,0.2934667417960712,1.440000000000001,0.2899840164124188,1.440000000000001,0.2927191912763768,1.440000000000001,0.289550674243952,1.440000000000001,0.3066018302071205,1.440000000000001,0.287605131074643,1.440000000000001,0.2922854053594585,1.440000000000001,0.2740276616164797,1.440000000000001,0.2935906951984207,1.440000000000001,0.2805250526058563,1.440000000000001,0.2866974394135047,1.440000000000001,0.2830421253092583,1.440000000000001,0.2858527269467289,1.440000000000001,0.2825305091105446,1.440000000000001,0.2998098941494084,1.440000000000001,0.2852803512590678,1.440000000000001,0.2905874967073275,1.440000000000001,0.2707777503629679,1.440000000000001,0.2918253455307331,1.440000000000001,0.2776662576333521,1.440000000000001,0.2842891926569394,1.440000000000001,0.2805572140715595,1.440000000000001,0.2833513682344647,1.440000000000001,0.2799713280261153,1.440000000000001,0.2988339673108212,1.440000000000001,0.2898656433086846,1.440000000000001,0.2957103164326668,1.440000000000001,0.2745559173058059,1.440000000000001,0.2968753542763459,1.440000000000001,0.281733465645406,1.440000000000001,0.2888990320081724,1.440000000000001,0.2849756187384321,1.440000000000001,0.2878347300525158,1.440000000000001,0.2842868590414477,1.440000000000001,0.3042100442539228,1.440000000000001,1.440000000000001,1.440000000000001,1.440000000000001,1.440000000000001,1.440000000000001,1.440000000000001,1.440000000000001,1.440000000000001,1.440000000000001,1.440000000000001,1.440000000000001,1.440000000000001,1.440000000000001,1.440000000000001,1.440000000000001,1.440000000000001,1.440000000000001,1.440000000000001,1.440000000000001,1.440000000000001,1.440000000000001,1.440000000000001,1.440000000000001,1.440000000000001,1.440000000000001,1.440000000000001,1.440000000000001,1.440000000000001,1.440000000000001,1.440000000000001,1.440000000000001,1.440000000000001,1.440000000000001,1.440000000000001,1.440000000000001,1.440000000000001,1.440000000000001,1.440000000000001,1.440000000000001,1.440000000000001,1.440000000000001,1.440000000000001,1.440000000000001,1.440000000000001,1.440000000000001,1.440000000000001,1.440000000000001,1.440000000000001,1.440000000000001,1.440000000000001,1.440000000000001,1.440000000000001,1.440000000000001,1.440000000000001,1.440000000000001,1.440000000000001,1.440000000000001,1.440000000000001,1.440000000000001,1.440000000000001,1.440000000000001,1.440000000000001,1.440000000000001,1.440000000000001,1.440000000000001,1.440000000000001,1.440000000000001,1.440000000000001,1.440000000000001,1.440000000000001,1.440000000000001,1.440000000000001,1.440000000000001,1.440000000000001,1.440000000000001,1.440000000000001,1.440000000000001,1.440000000000001,1.440000000000001,1.440000000000001,0.2944685429651835
1.476000000000001,0.2889417081283081,1.476000000000001,0.2720848396517491,1.476000000000001,0.2903541700497227,1.476000000000001,0.2783133608501824,1.476000000000001,0.2839291270170997,1.476000000000001,0.2804298180416061,1.476000000000001,0.2832210079390778,1.476000000000001,0.2800327207951335,1.476000000000001,0.2961919842364608,1.476000000000001,0.2780734359442497,1.476000000000001,0.2823250304916268,1.476000000000001,0.2650262312835813,1.476000000000001,0.2837172856157851,1.476000000000001,0.2713329555166827,1.476000000000001,0.2771789433907966,1.476000000000001,0.2735693827548937,1.476000000000001,0.2764146589834455,1.476000000000001,0.2731273627864144,1.476000000000001,0.2895541099894367,1.476000000000001,0.2749564594480339,1.476000000000001,0.2797120481917824,1.476000000000001,0.2610538787803043,1.476000000000001,0.2810810165479369,1.476000000000001,0.2677286983676309,1.476000000000001,0.2740010421868751,1.476000000000001,0.2702613417485702,1.476000000000001,0.2731539751257434,1.476000000000001,0.2697569114074452,1.476000000000001,0.2875246255041822,1.476000000000001,0.2789103751344734,1.476000000000001,0.2840916809975495,1.476000000000001,0.264282563804325,1.476000000000001,0.2854311542281097,1.476000000000001,0.2712450779394691,1.476000000000001,0.2779477211232826,1.476000000000001,0.2740441873691845,1.476000000000001,0.2770097242670165,1.476000000000001,0.2734682453371172,1.476000000000001,0.2922193389501759,1.476000000000001,1.476000000000001,1.476000000000001,1.476000000000001,1.476000000000001,1.476000000000001,1.476000000000001,1.476000000000001,1.476000000000001,1.476000000000001,1.476000000000001,1.476000000000001,1.476000000000001,1.476000000000001,1.476000000000001,1.476000000000001,1.476000000000001,1.476000000000001,1.476000000000001,1.476000000000001,1.476000000000001,1.476000000000001,1.476000000000001,1.476000000000001,1.476000000000001,1.476000000000001,1.476000000000001,1.476000000000001,1.476000000000001,1.476000000000001,1.476000000000001,1.476000000000001,1.476000000000001,1.476000000000001,1.476000000000001,1.476000000000001,1.476000000000001,1.476000000000001,1.476000000000001,1.476000000000001,1.476000000000001,1.476000000000001,1.476000000000001,1.476000000000001,1.476000000000001,1.476000000000001,1.476000000000001,1.476000000000001,1.476000000000001,1.476000000000001,1.476000000000001,1.476000000000001,1.476000000000001,1.476000000000001,1.476000000000001,1.476000000000001,1.476000000000001,1.476000000000001,1.476000000000001,1.476000000000001,1.476000000000001,1.476000000000001,1.476000000000001,1.476000000000001,1.476000000000001,1.476000000000001,1.476000000000001,1.476000000000001,1.476000000000001,1.476000000000001,1.476000000000001,1.476000000000001,1.476000000000001,1.476000000000001,1.476000000000001,1.476000000000001,1.476000000000001,1.476000000000001,1.476000000000001,1.476000000000001,1.476000000000001,0.2848620983626375
1.512000000000001,0.2799642483616388,1.512000000000001,0.2638460282949524,1.512000000000001,0.2814126699374235,1.512000000000001,0.2698858042848633,1.512000000000001,0.2752924243275546,1.512000000000001,0.2718205208143059,1.512000000000001,0.274626849688893,1.512000000000001,0.271459127561506,1.512000000000001,0.2868741541085109,1.512000000000001,0.2694231358729312,1.512000000000001,0.273323600652232,1.512000000000001,0.2568535495981651,1.512000000000001,0.2747746494568903,1.512000000000001,0.262980002955996,1.512000000000001,0.268542966133002,1.512000000000001,0.2649894263736766,1.512000000000001,0.267844703714977,1.512000000000001,0.2646033631370608,1.512000000000001,0.2802896425834315,1.512000000000001,0.2656840901989355,1.512000000000001,0.2699859333202068,1.512000000000001,0.2523226187887002,1.512000000000001,0.2714504333842794,1.512000000000001,0.2588006092127643,1.512000000000001,0.264752187861254,1.512000000000001,0.2610386082427646,1.512000000000001,0.2639848580365478,1.512000000000001,0.2606037047059821,1.512000000000001,0.2774522065169592,1.512000000000001,0.2690757523604759,1.512000000000001,0.2737194147361878,1.512000000000001,0.2550519113327258,1.512000000000001,0.2751852213738058,1.512000000000001,0.2618116009015869,1.512000000000001,0.2681210711446879,1.512000000000001,0.2642544079796473,1.512000000000001,0.2672855041395477,1.512000000000001,0.2637684734362692,1.512000000000001,0.2815181244263473,1.512000000000001,1.512000000000001,1.512000000000001,1.512000000000001,1.512000000000001,1.512000000000001,1.512000000000001,1.512000000000001,1.512000000000001,1.512000000000001,1.512000000000001,1.512000000000001,1.512000000000001,1.512000000000001,1.512000000000001,1.512000000000001,1.512000000000001,1.512000000000001,1.512000000000001,1.512000000000001,1.512000000000001,1.512000000000001,1.512000000000001,1.512000000000001,1.512000000000001,1.512000000000001,1.512000000000001,1.512000000000001,1.512000000000001,1.512000000000001,1.512000000000001,1.512000000000001,1.512000000000001,1.512000000000001,1.512000000000001,1.512000000000001,1.512000000000001,1.512000000000001,1.512000000000001,1.512000000000001,1.512000000000001,1.512000000000001,1.512000000000001,1.512000000000001,1.512000000000001,1.512000000000001,1.512000000000001,1.512000000000001,1.512000000000001,1.512000000000001,1.512000000000001,1.512000000000001,1.512000000000001,1.512000000000001,1.512000000000001,1.512000000000001,1.512000000000001,1.512000000000001,1.512000000000001,1.512000000000001,1.512000000000001,1.512000000000001,1.512000000000001,1.512000000000001,1.512000000000001,1.512000000000001,1.512000000000001,1.512000000000001,1.512000000000001,1.512000000000001,1.512000000000001,1.512000000000001,1.512000000000001,1.512000000000001,1.512000000000001,1.512000000000001,1.512000000000001,1.512000000000001,1.512000000000001,1.512000000000001,1.512000000000001,0.2761826036997216
1.548000000000001,0.2718184951720573,1.548000000000001,0.2563564736967037,1.548000000000001,0.2732874690650841,1.548000000000001,0.262221955432742,1.548000000000001,0.267425496342683,1.548000000000001,0.2640049601353634,1.548000000000001,0.2668001893266743,1.548000000000001,0.2636759886670962,1.548000000000001,0.2784571564870804,1.548000000000001,0.2615413950594286,1.548000000000001,0.2651527702335225,1.548000000000001,0.2494041926395086,1.548000000000001,0.2666409442165631,1.548000000000001,0.2553601075813393,1.548000000000001,0.2606766269147747,1.548000000000001,0.2571855404837722,1.548000000000001,0.2600326017249417,1.548000000000001,0.2568444143017993,1.548000000000001,0.2718816112348795,1.548000000000001,0.2573017073858597,1.548000000000001,0.2612286804289937,1.548000000000001,0.2444289658330797,1.548000000000001,0.2627607374038493,1.548000000000001,0.2507236913070292,1.548000000000001,0.2563881983957046,1.548000000000001,0.252719571343821,1.548000000000001,0.2556890798775154,1.548000000000001,0.2523428327479929,1.548000000000001,0.2684045924948974,1.548000000000001,0.2602004254306097,1.548000000000001,0.264404347185986,1.548000000000001,0.2467155897924713,1.548000000000001,0.265960322838014,1.548000000000001,0.2532840996238934,1.548000000000001,0.2592566397890078,1.548000000000001,0.255438273879081,1.548000000000001,0.2585047469760886,1.548000000000001,0.2550246041861813,1.548000000000001,0.2719092863098034,1.548000000000001,1.548000000000001,1.548000000000001,1.548000000000001,1.548000000000001,1.548000000000001,1.548000000000001,1.548000000000001,1.548000000000001,1.548000000000001,1.548000000000001,1.548000000000001,1.548000000000001,1.548000000000001,1.548000000000001,1.548000000000001,1.548000000000001,1.548000000000001,1.548000000000001,1.548000000000001,1.548000000000001,1.548000000000001,1.548000000000001,1.548000000000001,1.548000000000001,1.548000000000001,1.548000000000001,1.548000000000001,1.548000000000001,1.548000000000001,1.548000000000001,1.548000000000001,1.548000000000001,1.548000000000001,1.548000000000001,1.548000000000001,1.548000000000001,1.548000000000001,1.548000000000001,1.548000000000001,1.548000000000001,1.548000000000001,1.548000000000001,1.548000000000001,1.548000000000001,1.548000000000001,1.548000000000001,1.548000000000001,1.548000000000001,1.548000000000001,1.548000000000001,1.548000000000001,1.548000000000001,1.548000000000001,1.548000000000001,1.548000000000001,1.548000000000001,1.548000000000001,1.548000000000001,1.548000000000001,1.548000000000001,1.548000000000001,1.548000000000001,1.548000000000001,1.548000000000001,1.548000000000001,1.548000000000001,1.548000000000001,1.548000000000001,1.548000000000001,1.548000000000001,1.548000000000001,1.548000000000001,1.548000000000001,1.548000000000001,1.548000000000001,1.548000000000001,1.548000000000001,1.548000000000001,1.548000000000001,1.548000000000001,0.2682861427873265
1.584000000000001,0.2643907006933772,1.584000000000001,0.2495109776206424,1.584000000000001,0.2658672818579476,1.584000000000001,0.2552136138823171,1.584000000000001,0.2602286691998081,1.584000000000001,0.2568717590226367,1.584000000000001,0.2596389815401245,1.584000000000001,0.2565705515177907,1.584000000000001,0.2708012857613444,1.584000000000001,0.254335543834621,1.584000000000001,0.2577079347060739,1.584000000000001,0.2425915530465066,1.584000000000001,0.2592164901822424,1.584000000000001,0.2483861014636078,1.584000000000001,0.2534870177805862,1.584000000000001,0.2500622848190077,1.584000000000001,0.2528875889603224,1.584000000000001,0.2497571768238653,1.584000000000001,0.2642210432123777,1.584000000000001,0.2496856646242691,1.584000000000001,0.2533016558495857,1.584000000000001,0.2372555218408601,1.584000000000001,0.254879330118789,1.584000000000001,0.2433785229796486,1.584000000000001,0.2487887140834437,1.584000000000001,0.2451754965578356,1.584000000000001,0.2481471307746342,1.584000000000001,0.2448467998507161,1.584000000000001,0.2602250304180175,1.584000000000001,0.2521546172855984,1.584000000000001,0.2559960642038877,1.584000000000001,0.2391539534759853,1.584000000000001,0.2576147435014691,1.584000000000001,0.2455423226811263,1.584000000000001,0.2512237876038715,1.584000000000001,0.2474613015877602,1.584000000000001,0.2505406784756045,1.584000000000001,0.2471059438427225,1.584000000000001,0.2632365956740851,1.584000000000001,1.584000000000001,1.584000000000001,1.584000000000001,1.584000000000001,1.584000000000001,1.584000000000001,1.584000000000001,1.584000000000001,1.584000000000001,1.584000000000001,1.584000000000001,1.584000000000001,1.584000000000001,1.584000000000001,1.584000000000001,1.584000000000001,1.584000000000001,1.584000000000001,1.584000000000001,1.584000000000001,1.584000000000001,1.584000000000001,1.584000000000001,1.584000000000001,1.584000000000001,1.584000000000001,1.584000000000001,1.584000000000001,1.584000000000001,1.584000000000001,1.584000000000001,1.584000000000001,1.584000000000001,1.584000000000001,1.584000000000001,1.584000000000001,1.584000000000001,1.584000000000001,1.584000000000001,1.584000000000001,1.584000000000001,1.584000000000001,1.584000000000001,1.584000000000001,1.584000000000001,1.584000000000001,1.584000000000001,1.584000000000001,1.584000000000001,1.584000000000001,1.584000000000001,1.584000000000001,1.584000000000001,1.584000000000001,1.584000000000001,1.584000000000001,1.584000000000001,1.584000000000001,1.584000000000001,1.584000000000001,1.584000000000001,1.584000000000001,1.584000000000001,1.584000000000001,1.584000000000001,1.584000000000001,1.584000000000001,1.584000000000001,1.584000000000001,1.584000000000001,1.584000000000001,1.584000000000001,1.584000000000001,1.584000000000001,1.584000000000001,1.584000000000001,1.584000000000001,1.584000000000001,1.584000000000001,1.584000000000001,0.261066027650559
1.620000000000001,0.2575921685313557,1.620000000000001,0.24322962587915,1.620000000000001,0.2590657710032349,1.620000000000001,0.2487790491239238,1.620000000000001,0.2536230906392446,1.620000000000001,0.2503356919073301,1.620000000000001,0.253063754233382,1.620000000000001,0.2500573416947251,1.620000000000001,0.2638030074249013,1.620000000000001,0.2477283661611639,1.620000000000001,0.2509025855694302,1.620000000000001,0.2363434023650004,1.620000000000001,0.2524185462762212,1.620000000000001,0.2419852505005134,1.620000000000001,0.2468966452246951,1.620000000000001,0.2435404320479623,1.620000000000001,0.2463339048698698,1.620000000000001,0.2432641005973958,1.620000000000001,0.2572183169054582,1.620000000000001,0.2427380424942705,1.620000000000001,0.2460950444733782,1.620000000000001,0.230710025577214,1.620000000000001,0.2477011620803823,1.620000000000001,0.2366715559313019,1.620000000000001,0.2418571881016729,1.620000000000001,0.2383050992960391,1.620000000000001,0.2412637948231653,1.620000000000001,0.2380157705896679,1.620000000000001,0.2527934571882326,1.620000000000001,0.2448324092298366,1.620000000000001,0.2483730999560854,1.620000000000001,0.2322691021903679,1.620000000000001,0.2500334502189263,1.620000000000001,0.2384877535810113,1.620000000000001,0.2439159343062015,1.620000000000001,0.2402141963769792,1.620000000000001,0.2432896673378751,1.620000000000001,0.2399060663341512,1.620000000000001,0.255374173970539,1.620000000000001,1.620000000000001,1.620000000000001,1.620000000000001,1.620000000000001,1.620000000000001,1.620000000000001,1.620000000000001,1.620000000000001,1.620000000000001,1.620000000000001,1.620000000000001,1.620000000000001,1.620000000000001,1.620000000000001,1.620000000000001,1.620000000000001,1.620000000000001,1.620000000000001,1.620000000000001,1.620000000000001,1.620000000000001,1.620000000000001,1.620000000000001,1.620000000000001,1.620000000000001,1.620000000000001,1.620000000000001,1.620000000000001,1.620000000000001,1.620000000000001,1.620000000000001,1.620000000000001,1.620000000000001,1.620000000000001,1.620000000000001,1.620000000000001,1.620000000000001,1.620000000000001,1.620000000000001,1.620000000000001,1.620000000000001,1.620000000000001,1.620000000000001,1.620000000000001,1.620000000000001,1.620000000000001,1.620000000000001,1.620000000000001,1.620000000000001,1.620000000000001,1.620000000000001,1.620000000000001,1.620000000000001,1.620000000000001,1.620000000000001,1.620000000000001,1.620000000000001,1.620000000000001,1.620000000000001,1.620000000000001,1.620000000000001,1.620000000000001,1.620000000000001,1.620000000000001,1.620000000000001,1.620000000000001,1.620000000000001,1.620000000000001,1.620000000000001,1.620000000000001,1.620000000000001,1.620000000000001,1.620000000000001,1.620000000000001,1.620000000000001,1.620000000000001,1.620000000000001,1.620000000000001,1.620000000000001,1.620000000000001,0.2544399734662077
1.656000000000001,0.2513512539386339,1.656000000000001,0.2374490475575946,1.656000000000001,0.2528133974889441,1.656000000000001,0.2428537783999938,1.656000000000001,0.2475442843735649,1.656000000000001,0.2443288393914346,1.656000000000001,0.2470102320603448,1.656000000000001,0.244068763970495,1.656000000000001,0.2573825134916227,1.656000000000001,0.2416547588394301,1.656000000000001,0.2446643054716939,1.656000000000001,0.2305987702489999,1.656000000000001,0.2461776039517903,1.656000000000001,0.2360961123746083,1.656000000000001,0.2408401523390848,1.656000000000001,0.237553400952011,1.656000000000001,0.240307587528071,1.656000000000001,0.2372999430343998,1.656000000000001,0.2507986622458414,1.656000000000001,0.23637917321994,1.656000000000001,0.2395197209483431,1.656000000000001,0.2247177518300233,1.656000000000001,0.2411408580635566,1.656000000000001,0.2305271688462866,1.656000000000001,0.2355144230149244,1.656000000000001,0.2320264166582961,1.656000000000001,0.2349612663260272,1.656000000000001,0.2317691760967993,1.656000000000001,0.2460147212711864,1.656000000000001,0.2381462475111053,1.656000000000001,0.2414360117840791,1.656000000000001,0.2259799163273655,1.656000000000001,0.2431218245352378,1.656000000000001,0.2320386651875257,1.656000000000001,0.2372450257648808,1.656000000000001,0.2336069540861313,1.656000000000001,0.2366659351658847,1.656000000000001,0.2333371656939809,1.656000000000001,0.2482191263065717,1.656000000000001,1.656000000000001,1.656000000000001,1.656000000000001,1.656000000000001,1.656000000000001,1.656000000000001,1.656000000000001,1.656000000000001,1.656000000000001,1.656000000000001,1.656000000000001,1.656000000000001,1.656000000000001,1.656000000000001,1.656000000000001,1.656000000000001,1.656000000000001,1.656000000000001,1.656000000000001,1.656000000000001,1.656000000000001,1.656000000000001,1.656000000000001,1.656000000000001,1.656000000000001,1.656000000000001,1.656000000000001,1.656000000000001,1.656000000000001,1.656000000000001,1.656000000000001,1.656000000000001,1.656000000000001,1.656000000000001,1.656000000000001,1.656000000000001,1.656000000000001,1.656000000000001,1.656000000000001,1.656000000000001,1.656000000000001,1.656000000000001,1.656000000000001,1.656000000000001,1.656000000000001,1.656000000000001,1.656000000000001,1.656000000000001,1.656000000000001,1.656000000000001,1.656000000000001,1.656000000000001,1.656000000000001,1.656000000000001,1.656000000000001,1.656000000000001,1.656000000000001,1.656000000000001,1.656000000000001,1.656000000000001,1.656000000000001,1.656000000000001,1.656000000000001,1.656000000000001,1.656000000000001,1.656000000000001,1.656000000000001,1.656000000000001,1.656000000000001,1.656000000000001,1.656000000000001,1.656000000000001,1.656000000000001,1.656000000000001,1.656000000000001,1.656000000000001,1.656000000000001,1.656000000000001,1.656000000000001,1.656000000000001,0.2483419432311473
1.692000000000001,0.2456085040638232,1.692000000000001,0.2321171798164962,1.692000000000001,0.2470525062128651,1.692000000000001,0.2373850024643018,1.692000000000001,0.2419382145424672,1.692000000000001,0.2387952798101416,1.692000000000001,0.241424905867329,1.692000000000001,0.2385494399178358,1.692000000000001,0.2514757688789775,1.692000000000001,0.2360592897034155,1.692000000000001,0.2389318464845814,1.692000000000001,0.2253056765350395,1.692000000000001,0.2404346804636982,1.692000000000001,0.2306662603235794,1.692000000000001,0.2352618963431957,1.692000000000001,0.2320446645947022,1.692000000000001,0.2347541182117492,1.692000000000001,0.2318092484460468,1.692000000000001,0.2448989672762211,1.692000000000001,0.2305428940728711,1.692000000000001,0.2335019797963349,1.692000000000001,0.2192167782332073,1.692000000000001,0.2351276606140552,1.692000000000001,0.2248827520930596,1.692000000000001,0.2296943322691196,1.692000000000001,0.2262716786574697,1.692000000000001,0.2291747328248259,1.692000000000001,0.2260404799279182,1.692000000000001,0.2398113450247129,1.692000000000001,0.2320229488625366,1.692000000000001,0.2351023982357382,1.692000000000001,0.2202184433100355,1.692000000000001,0.2368011298027841,1.692000000000001,0.2261265183000116,1.692000000000001,0.2311375026424789,1.692000000000001,0.2275645971293761,1.692000000000001,0.2305976989873681,1.692000000000001,0.2273259688764703,1.692000000000001,0.2416862843199704,1.692000000000001,1.692000000000001,1.692000000000001,1.692000000000001,1.692000000000001,1.692000000000001,1.692000000000001,1.692000000000001,1.692000000000001,1.692000000000001,1.692000000000001,1.692000000000001,1.692000000000001,1.692000000000001,1.692000000000001,1.692000000000001,1.692000000000001,1.692000000000001,1.692000000000001,1.692000000000001,1.692000000000001,1.692000000000001,1.692000000000001,1.692000000000001,1.692000000000001,1.692000000000001,1.692000000000001,1.692000000000001,1.692000000000001,1.692000000000001,1.692000000000001,1.692000000000001,1.692000000000001,1.692000000000001,1.692000000000001,1.692000000000001,1.692000000000001,1.692000000000001,1.692000000000001,1.692000000000001,1.692000000000001,1.692000000000001,1.692000000000001,1.692000000000001,1.692000000000001,1.692000000000001,1.692000000000001,1.692000000000001,1.692000000000001,1.692000000000001,1.692000000000001,1.692000000000001,1.692000000000001,1.692000000000001,1.692000000000001,1.692000000000001,1.692000000000001,1.692000000000001,1.692000000000001,1.692000000000001,1.692000000000001,1.692000000000001,1.692000000000001,1.692000000000001,1.692000000000001,1.692000000000001,1.692000000000001,1.692000000000001,1.692000000000001,1.692000000000001,1.692000000000001,1.692000000000001,1.692000000000001,1.692000000000001,1.692000000000001,1.692000000000001,1.692000000000001,1.692000000000001,1.692000000000001,1.692000000000001,1.692000000000001,0.2427172602494941
1.728000000000001,0.240313603777629,1.728000000000001,0.2271901221514221,1.728000000000001,0.2417342771043105,1.728000000000001,0.2323282814063562,1.728000000000001,0.2367587881702151,1.728000000000001,0.2336878551137029,1.728000000000001,0.2362622918738451,1.728000000000001,0.2334527971813182,1.728000000000001,0.2460297482765055,1.728000000000001,0.2308943641445951,1.728000000000001,0.2336529456220215,1.728000000000001,0.2204194340299359,1.728000000000001,0.2351392907471274,1.728000000000001,0.2256505833925288,1.728000000000001,0.2301141158282963,1.728000000000001,0.2269658144605819,1.728000000000001,0.2296266450309975,1.728000000000001,0.226744469670249,1.728000000000001,0.2394654411806388,1.728000000000001,0.2251734041063188,1.728000000000001,0.2279799788357585,1.728000000000001,0.2141549127825742,1.728000000000001,0.229602046774616,1.728000000000001,0.2196855414955401,1.728000000000001,0.2243410429963263,1.728000000000001,0.2209839347887997,1.728000000000001,0.2238494187034102,1.728000000000001,0.2207737775641222,1.728000000000001,0.234118932378845,1.728000000000001,0.2264007386651626,1.728000000000001,0.2293032466544242,1.728000000000001,0.2149272126683851,1.728000000000001,0.2310051696408038,1.728000000000001,0.2206932838213831,1.728000000000001,0.2255313083593708,1.728000000000001,0.2220240292975655,1.728000000000001,0.2250243040954453,1.728000000000001,0.2218107162984561,1.728000000000001,0.2357043753445179,1.728000000000001,1.728000000000001,1.728000000000001,1.728000000000001,1.728000000000001,1.728000000000001,1.728000000000001,1.728000000000001,1.728000000000001,1.728000000000001,1.728000000000001,1.728000000000001,1.728000000000001,1.728000000000001,1.728000000000001,1.728000000000001,1.728000000000001,1.728000000000001,1.728000000000001,1.728000000000001,1.728000000000001,1.728000000000001,1.728000000000001,1.728000000000001,1.728000000000001,1.728000000000001,1.728000000000001,1.728000000000001,1.728000000000001,1.728000000000001,1.728000000000001,1.728000000000001,1.728000000000001,1.728000000000001,1.728000000000001,1.728000000000001,1.728000000000001,1.728000000000001,1.728000000000001,1.728000000000001,1.728000000000001,1.728000000000001,1.728000000000001,1.728000000000001,1.728000000000001,1.728000000000001,1.728000000000001,1.728000000000001,1.728000000000001,1.728000000000001,1.728000000000001,1.728000000000001,1.728000000000001,1.728000000000001,1.728000000000001,1.728000000000001,1.728000000000001,1.728000000000001,1.728000000000001,1.728000000000001,1.728000000000001,1.728000000000001,1.728000000000001,1.728000000000001,1.728000000000001,1.728000000000001,1.728000000000001,1.728000000000001,1.728000000000001,1.728000000000001,1.728000000000001,1.728000000000001,1.728000000000001,1.728000000000001,1.728000000000001,1.728000000000001,1.728000000000001,1.728000000000001,1.728000000000001,1.728000000000001,1.728000000000001,0.2375196158997889
1.764000000000001,0.2354233683998768,1.764000000000001,0.2226301751847381,1.764000000000001,0.2368167495117257,1.764000000000001,0.227645480197386,1.764000000000001,0.2319661923281443,1.764000000000001,0.228966120018003,1.764000000000001,0.2314831596017418,1.764000000000001,0.2287389385773348,1.764000000000001,0.240999526166854,1.764000000000001,0.2261188172953883,1.764000000000001,0.2287826576263027,1.764000000000001,0.2159013468907721,1.764000000000001,0.2302478949658254,1.764000000000001,0.2210099843439123,1.764000000000001,0.225355517185113,1.764000000000001,0.222275080855077,1.764000000000001,0.2248846145399286,1.764000000000001,0.2220645336857445,1.764000000000001,0.2344518572055825,1.764000000000001,0.2202230889473628,1.764000000000001,0.2229012388108572,1.764000000000001,0.2094876076398712,1.764000000000001,0.2245133663581086,1.764000000000001,0.2148904852766368,1.764000000000001,0.2194068304000102,1.764000000000001,0.2161147365572958,1.764000000000001,0.2189385171447473,1.764000000000001,0.2159214880234312,1.764000000000001,0.2288831291689881,1.764000000000001,0.2212270159046691,1.764000000000001,0.2239802077606709,1.764000000000001,0.2100572046041944,1.764000000000001,0.2256777810530092,1.764000000000001,0.2156894149293594,1.764000000000001,0.2203736307540441,1.764000000000001,0.2169316734363441,1.764000000000001,0.2198940560625172,1.764000000000001,0.2167388898391013,1.764000000000001,0.2302131760701583,1.764000000000001,1.764000000000001,1.764000000000001,1.764000000000001,1.764000000000001,1.764000000000001,1.764000000000001,1.764000000000001,1.764000000000001,1.764000000000001,1.764000000000001,1.764000000000001,1.764000000000001,1.764000000000001,1.764000000000001,1.764000000000001,1.764000000000001,1.764000000000001,1.764000000000001,1.764000000000001,1.764000000000001,1.764000000000001,1.764000000000001,1.764000000000001,1.764000000000001,1.764000000000001,1.764000000000001,1.764000000000001,1.764000000000001,1.764000000000001,1.764000000000001,1.764000000000001,1.764000000000001,1.764000000000001,1.764000000000001,1.764000000000001,1.764000000000001,1.764000000000001,1.764000000000001,1.764000000000001,1.764000000000001,1.764000000000001,1.764000000000001,1.764000000000001,1.764000000000001,1.764000000000001,1.764000000000001,1.764000000000001,1.764000000000001,1.764000000000001,1.764000000000001,1.764000000000001,1.764000000000001,1.764000000000001,1.764000000000001,1.764000000000001,1.764000000000001,1.764000000000001,1.764000000000001,1.764000000000001,1.764000000000001,1.764000000000001,1.764000000000001,1.764000000000001,1.764000000000001,1.764000000000001,1.764000000000001,1.764000000000001,1.764000000000001,1.764000000000001,1.764000000000001,1.764000000000001,1.764000000000001,1.764000000000001,1.764000000000001,1.764000000000001,1.764000000000001,1.764000000000001,1.764000000000001,1.764000000000001,1.764000000000001,0.232709159686969
1.8,0.2309003538228316,1.8,0.2184045562038663,1.8,0.2322634731924555,1.8,0.2233034374512625,1.8,0.2275257241320923,1.8,0.2245949742403423,1.8,0.2270533221591582,1.8,0.2243732449653203,1.8,0.2363464235207137,1.8,0.2216968135017195,1.8,0.2242820607803993,1.8,0.2117176927898853,1.8,0.2257226893359446,1.8,0.2167103617597257,1.8,0.2209501670443353,1.8,0.2179361808439904,1.8,0.2204926995214052,1.8,0.2177337245814638,1.8,0.2298182016349591,1.8,0.215650947364085,1.8,0.2182208159784193,1.8,0.2051764738310541,1.8,0.2198181236640905,1.8,0.210458736482377,1.8,0.2148505872015517,1.8,0.2116224733255038,1.8,0.2144016798428005,1.8,0.2114427132207645,1.8,0.2240575204181905,1.8,0.2164566401181987,1.8,0.219083528977533,1.8,0.2055662885468535,1.8,0.2207709237729233,1.8,0.2110722869176035,1.8,0.2156191715293066,1.8,0.2122416684265248,1.8,0.2151625562181534,1.8,0.2120654754414165,1.8,0.2251613605549669,1.8,1.8,1.8,1.8,1.8,1.8,1.8,1.8,1.8,1.8,1.8,1.8,1.8,1.8,1.8,1.8,1.8,1.8,1.8,1.8,1.8,1.8,1.8,1.8,1.8,1.8,1.8,1.8,1.8,1.8,1.8,1.8,1.8,1.8,1.8,1.8,1.8,1.8,1.8,1.8,1.8,1.8,1.8,1.8,1.8,1.8,1.8,1.8,1.8,1.8,1.8,1.8,1.8,1.8,1.8,1.8,1.8,1.8,1.8,1.8,1.8,1.8,1.8,1.8,1.8,1.8,1.8,1.8,1.8,1.8,1.8,1.8,1.8,1.8,1.8,1.8,1.8,1.8,1.8,1.8,1.8,0.228251214743703
