"/Q (modelFiles=ts18sl_scl_mat.lib:ff_18,mcparamset=1) X","/Q (modelFiles=ts18sl_scl_mat.lib:ff_18,mcparamset=1) Y","/Q (modelFiles=ts18sl_scl_mat.lib:ff_18,mcparamset=2) X","/Q (modelFiles=ts18sl_scl_mat.lib:ff_18,mcparamset=2) Y","/Q (modelFiles=ts18sl_scl_mat.lib:ff_18,mcparamset=3) X","/Q (modelFiles=ts18sl_scl_mat.lib:ff_18,mcparamset=3) Y","/Q (modelFiles=ts18sl_scl_mat.lib:ff_18,mcparamset=4) X","/Q (modelFiles=ts18sl_scl_mat.lib:ff_18,mcparamset=4) Y","/Q (modelFiles=ts18sl_scl_mat.lib:ff_18,mcparamset=5) X","/Q (modelFiles=ts18sl_scl_mat.lib:ff_18,mcparamset=5) Y","/Q (modelFiles=ts18sl_scl_mat.lib:ff_18,mcparamset=6) X","/Q (modelFiles=ts18sl_scl_mat.lib:ff_18,mcparamset=6) Y","/Q (modelFiles=ts18sl_scl_mat.lib:ff_18,mcparamset=7) X","/Q (modelFiles=ts18sl_scl_mat.lib:ff_18,mcparamset=7) Y","/Q (modelFiles=ts18sl_scl_mat.lib:ff_18,mcparamset=8) X","/Q (modelFiles=ts18sl_scl_mat.lib:ff_18,mcparamset=8) Y","/Q (modelFiles=ts18sl_scl_mat.lib:ff_18,mcparamset=9) X","/Q (modelFiles=ts18sl_scl_mat.lib:ff_18,mcparamset=9) Y","/Q (modelFiles=ts18sl_scl_mat.lib:ff_18,mcparamset=10) X","/Q (modelFiles=ts18sl_scl_mat.lib:ff_18,mcparamset=10) Y","/Q (modelFiles=ts18sl_scl_mat.lib:fs_18,mcparamset=1) X","/Q (modelFiles=ts18sl_scl_mat.lib:fs_18,mcparamset=1) Y","/Q (modelFiles=ts18sl_scl_mat.lib:fs_18,mcparamset=2) X","/Q (modelFiles=ts18sl_scl_mat.lib:fs_18,mcparamset=2) Y","/Q (modelFiles=ts18sl_scl_mat.lib:fs_18,mcparamset=3) X","/Q (modelFiles=ts18sl_scl_mat.lib:fs_18,mcparamset=3) Y","/Q (modelFiles=ts18sl_scl_mat.lib:fs_18,mcparamset=4) X","/Q (modelFiles=ts18sl_scl_mat.lib:fs_18,mcparamset=4) Y","/Q (modelFiles=ts18sl_scl_mat.lib:fs_18,mcparamset=5) X","/Q (modelFiles=ts18sl_scl_mat.lib:fs_18,mcparamset=5) Y","/Q (modelFiles=ts18sl_scl_mat.lib:fs_18,mcparamset=6) X","/Q (modelFiles=ts18sl_scl_mat.lib:fs_18,mcparamset=6) Y","/Q (modelFiles=ts18sl_scl_mat.lib:fs_18,mcparamset=7) X","/Q (modelFiles=ts18sl_scl_mat.lib:fs_18,mcparamset=7) Y","/Q (modelFiles=ts18sl_scl_mat.lib:fs_18,mcparamset=8) X","/Q (modelFiles=ts18sl_scl_mat.lib:fs_18,mcparamset=8) Y","/Q (modelFiles=ts18sl_scl_mat.lib:fs_18,mcparamset=9) X","/Q (modelFiles=ts18sl_scl_mat.lib:fs_18,mcparamset=9) Y","/Q (modelFiles=ts18sl_scl_mat.lib:fs_18,mcparamset=10) X","/Q (modelFiles=ts18sl_scl_mat.lib:fs_18,mcparamset=10) Y","/Q (modelFiles=ts18sl_scl_mat.lib:sf_18,mcparamset=1) X","/Q (modelFiles=ts18sl_scl_mat.lib:sf_18,mcparamset=1) Y","/Q (modelFiles=ts18sl_scl_mat.lib:sf_18,mcparamset=2) X","/Q (modelFiles=ts18sl_scl_mat.lib:sf_18,mcparamset=2) Y","/Q (modelFiles=ts18sl_scl_mat.lib:sf_18,mcparamset=3) X","/Q (modelFiles=ts18sl_scl_mat.lib:sf_18,mcparamset=3) Y","/Q (modelFiles=ts18sl_scl_mat.lib:sf_18,mcparamset=4) X","/Q (modelFiles=ts18sl_scl_mat.lib:sf_18,mcparamset=4) Y","/Q (modelFiles=ts18sl_scl_mat.lib:sf_18,mcparamset=5) X","/Q (modelFiles=ts18sl_scl_mat.lib:sf_18,mcparamset=5) Y","/Q (modelFiles=ts18sl_scl_mat.lib:sf_18,mcparamset=6) X","/Q (modelFiles=ts18sl_scl_mat.lib:sf_18,mcparamset=6) Y","/Q (modelFiles=ts18sl_scl_mat.lib:sf_18,mcparamset=7) X","/Q (modelFiles=ts18sl_scl_mat.lib:sf_18,mcparamset=7) Y","/Q (modelFiles=ts18sl_scl_mat.lib:sf_18,mcparamset=8) X","/Q (modelFiles=ts18sl_scl_mat.lib:sf_18,mcparamset=8) Y","/Q (modelFiles=ts18sl_scl_mat.lib:sf_18,mcparamset=9) X","/Q (modelFiles=ts18sl_scl_mat.lib:sf_18,mcparamset=9) Y","/Q (modelFiles=ts18sl_scl_mat.lib:sf_18,mcparamset=10) X","/Q (modelFiles=ts18sl_scl_mat.lib:sf_18,mcparamset=10) Y","/Q (modelFiles=ts18sl_scl_mat.lib:ss_18,mcparamset=1) X","/Q (modelFiles=ts18sl_scl_mat.lib:ss_18,mcparamset=1) Y","/Q (modelFiles=ts18sl_scl_mat.lib:ss_18,mcparamset=2) X","/Q (modelFiles=ts18sl_scl_mat.lib:ss_18,mcparamset=2) Y","/Q (modelFiles=ts18sl_scl_mat.lib:ss_18,mcparamset=3) X","/Q (modelFiles=ts18sl_scl_mat.lib:ss_18,mcparamset=3) Y","/Q (modelFiles=ts18sl_scl_mat.lib:ss_18,mcparamset=4) X","/Q (modelFiles=ts18sl_scl_mat.lib:ss_18,mcparamset=4) Y","/Q (modelFiles=ts18sl_scl_mat.lib:ss_18,mcparamset=5) X","/Q (modelFiles=ts18sl_scl_mat.lib:ss_18,mcparamset=5) Y","/Q (modelFiles=ts18sl_scl_mat.lib:ss_18,mcparamset=6) X","/Q (modelFiles=ts18sl_scl_mat.lib:ss_18,mcparamset=6) Y","/Q (modelFiles=ts18sl_scl_mat.lib:ss_18,mcparamset=7) X","/Q (modelFiles=ts18sl_scl_mat.lib:ss_18,mcparamset=7) Y","/Q (modelFiles=ts18sl_scl_mat.lib:ss_18,mcparamset=8) X","/Q (modelFiles=ts18sl_scl_mat.lib:ss_18,mcparamset=8) Y","/Q (modelFiles=ts18sl_scl_mat.lib:ss_18,mcparamset=9) X","/Q (modelFiles=ts18sl_scl_mat.lib:ss_18,mcparamset=9) Y","/Q (modelFiles=ts18sl_scl_mat.lib:ss_18,mcparamset=10) X","/Q (modelFiles=ts18sl_scl_mat.lib:ss_18,mcparamset=10) Y","/QB (modelFiles=ts18sl_scl_mat.lib:ff_18,mcparamset=1) X","/QB (modelFiles=ts18sl_scl_mat.lib:ff_18,mcparamset=1) Y","/QB (modelFiles=ts18sl_scl_mat.lib:ff_18,mcparamset=2) X","/QB (modelFiles=ts18sl_scl_mat.lib:ff_18,mcparamset=2) Y","/QB (modelFiles=ts18sl_scl_mat.lib:ff_18,mcparamset=3) X","/QB (modelFiles=ts18sl_scl_mat.lib:ff_18,mcparamset=3) Y","/QB (modelFiles=ts18sl_scl_mat.lib:ff_18,mcparamset=4) X","/QB (modelFiles=ts18sl_scl_mat.lib:ff_18,mcparamset=4) Y","/QB (modelFiles=ts18sl_scl_mat.lib:ff_18,mcparamset=5) X","/QB (modelFiles=ts18sl_scl_mat.lib:ff_18,mcparamset=5) Y","/QB (modelFiles=ts18sl_scl_mat.lib:ff_18,mcparamset=6) X","/QB (modelFiles=ts18sl_scl_mat.lib:ff_18,mcparamset=6) Y","/QB (modelFiles=ts18sl_scl_mat.lib:ff_18,mcparamset=7) X","/QB (modelFiles=ts18sl_scl_mat.lib:ff_18,mcparamset=7) Y","/QB (modelFiles=ts18sl_scl_mat.lib:ff_18,mcparamset=8) X","/QB (modelFiles=ts18sl_scl_mat.lib:ff_18,mcparamset=8) Y","/QB (modelFiles=ts18sl_scl_mat.lib:ff_18,mcparamset=9) X","/QB (modelFiles=ts18sl_scl_mat.lib:ff_18,mcparamset=9) Y","/QB (modelFiles=ts18sl_scl_mat.lib:ff_18,mcparamset=10) X","/QB (modelFiles=ts18sl_scl_mat.lib:ff_18,mcparamset=10) Y","/QB (modelFiles=ts18sl_scl_mat.lib:fs_18,mcparamset=1) X","/QB (modelFiles=ts18sl_scl_mat.lib:fs_18,mcparamset=1) Y","/QB (modelFiles=ts18sl_scl_mat.lib:fs_18,mcparamset=2) X","/QB (modelFiles=ts18sl_scl_mat.lib:fs_18,mcparamset=2) Y","/QB (modelFiles=ts18sl_scl_mat.lib:fs_18,mcparamset=3) X","/QB (modelFiles=ts18sl_scl_mat.lib:fs_18,mcparamset=3) Y","/QB (modelFiles=ts18sl_scl_mat.lib:fs_18,mcparamset=4) X","/QB (modelFiles=ts18sl_scl_mat.lib:fs_18,mcparamset=4) Y","/QB (modelFiles=ts18sl_scl_mat.lib:fs_18,mcparamset=5) X","/QB (modelFiles=ts18sl_scl_mat.lib:fs_18,mcparamset=5) Y","/QB (modelFiles=ts18sl_scl_mat.lib:fs_18,mcparamset=6) X","/QB (modelFiles=ts18sl_scl_mat.lib:fs_18,mcparamset=6) Y","/QB (modelFiles=ts18sl_scl_mat.lib:fs_18,mcparamset=7) X","/QB (modelFiles=ts18sl_scl_mat.lib:fs_18,mcparamset=7) Y","/QB (modelFiles=ts18sl_scl_mat.lib:fs_18,mcparamset=8) X","/QB (modelFiles=ts18sl_scl_mat.lib:fs_18,mcparamset=8) Y","/QB (modelFiles=ts18sl_scl_mat.lib:fs_18,mcparamset=9) X","/QB (modelFiles=ts18sl_scl_mat.lib:fs_18,mcparamset=9) Y","/QB (modelFiles=ts18sl_scl_mat.lib:fs_18,mcparamset=10) X","/QB (modelFiles=ts18sl_scl_mat.lib:fs_18,mcparamset=10) Y","/QB (modelFiles=ts18sl_scl_mat.lib:sf_18,mcparamset=1) X","/QB (modelFiles=ts18sl_scl_mat.lib:sf_18,mcparamset=1) Y","/QB (modelFiles=ts18sl_scl_mat.lib:sf_18,mcparamset=2) X","/QB (modelFiles=ts18sl_scl_mat.lib:sf_18,mcparamset=2) Y","/QB (modelFiles=ts18sl_scl_mat.lib:sf_18,mcparamset=3) X","/QB (modelFiles=ts18sl_scl_mat.lib:sf_18,mcparamset=3) Y","/QB (modelFiles=ts18sl_scl_mat.lib:sf_18,mcparamset=4) X","/QB (modelFiles=ts18sl_scl_mat.lib:sf_18,mcparamset=4) Y","/QB (modelFiles=ts18sl_scl_mat.lib:sf_18,mcparamset=5) X","/QB (modelFiles=ts18sl_scl_mat.lib:sf_18,mcparamset=5) Y","/QB (modelFiles=ts18sl_scl_mat.lib:sf_18,mcparamset=6) X","/QB (modelFiles=ts18sl_scl_mat.lib:sf_18,mcparamset=6) Y","/QB (modelFiles=ts18sl_scl_mat.lib:sf_18,mcparamset=7) X","/QB (modelFiles=ts18sl_scl_mat.lib:sf_18,mcparamset=7) Y","/QB (modelFiles=ts18sl_scl_mat.lib:sf_18,mcparamset=8) X","/QB (modelFiles=ts18sl_scl_mat.lib:sf_18,mcparamset=8) Y","/QB (modelFiles=ts18sl_scl_mat.lib:sf_18,mcparamset=9) X","/QB (modelFiles=ts18sl_scl_mat.lib:sf_18,mcparamset=9) Y","/QB (modelFiles=ts18sl_scl_mat.lib:sf_18,mcparamset=10) X","/QB (modelFiles=ts18sl_scl_mat.lib:sf_18,mcparamset=10) Y","/QB (modelFiles=ts18sl_scl_mat.lib:ss_18,mcparamset=1) X","/QB (modelFiles=ts18sl_scl_mat.lib:ss_18,mcparamset=1) Y","/QB (modelFiles=ts18sl_scl_mat.lib:ss_18,mcparamset=2) X","/QB (modelFiles=ts18sl_scl_mat.lib:ss_18,mcparamset=2) Y","/QB (modelFiles=ts18sl_scl_mat.lib:ss_18,mcparamset=3) X","/QB (modelFiles=ts18sl_scl_mat.lib:ss_18,mcparamset=3) Y","/QB (modelFiles=ts18sl_scl_mat.lib:ss_18,mcparamset=4) X","/QB (modelFiles=ts18sl_scl_mat.lib:ss_18,mcparamset=4) Y","/QB (modelFiles=ts18sl_scl_mat.lib:ss_18,mcparamset=5) X","/QB (modelFiles=ts18sl_scl_mat.lib:ss_18,mcparamset=5) Y","/QB (modelFiles=ts18sl_scl_mat.lib:ss_18,mcparamset=6) X","/QB (modelFiles=ts18sl_scl_mat.lib:ss_18,mcparamset=6) Y","/QB (modelFiles=ts18sl_scl_mat.lib:ss_18,mcparamset=7) X","/QB (modelFiles=ts18sl_scl_mat.lib:ss_18,mcparamset=7) Y","/QB (modelFiles=ts18sl_scl_mat.lib:ss_18,mcparamset=8) X","/QB (modelFiles=ts18sl_scl_mat.lib:ss_18,mcparamset=8) Y","/QB (modelFiles=ts18sl_scl_mat.lib:ss_18,mcparamset=9) X","/QB (modelFiles=ts18sl_scl_mat.lib:ss_18,mcparamset=9) Y","/QB (modelFiles=ts18sl_scl_mat.lib:ss_18,mcparamset=10) X","/QB (modelFiles=ts18sl_scl_mat.lib:ss_18,mcparamset=10) Y","/VIN (modelFiles=ts18sl_scl_mat.lib:ff_18,mcparamset=1) X","/VIN (modelFiles=ts18sl_scl_mat.lib:ff_18,mcparamset=1) Y","/VIN (modelFiles=ts18sl_scl_mat.lib:ff_18,mcparamset=2) X","/VIN (modelFiles=ts18sl_scl_mat.lib:ff_18,mcparamset=2) Y","/VIN (modelFiles=ts18sl_scl_mat.lib:ff_18,mcparamset=3) X","/VIN (modelFiles=ts18sl_scl_mat.lib:ff_18,mcparamset=3) Y","/VIN (modelFiles=ts18sl_scl_mat.lib:ff_18,mcparamset=4) X","/VIN (modelFiles=ts18sl_scl_mat.lib:ff_18,mcparamset=4) Y","/VIN (modelFiles=ts18sl_scl_mat.lib:ff_18,mcparamset=5) X","/VIN (modelFiles=ts18sl_scl_mat.lib:ff_18,mcparamset=5) Y","/VIN (modelFiles=ts18sl_scl_mat.lib:ff_18,mcparamset=6) X","/VIN (modelFiles=ts18sl_scl_mat.lib:ff_18,mcparamset=6) Y","/VIN (modelFiles=ts18sl_scl_mat.lib:ff_18,mcparamset=7) X","/VIN (modelFiles=ts18sl_scl_mat.lib:ff_18,mcparamset=7) Y","/VIN (modelFiles=ts18sl_scl_mat.lib:ff_18,mcparamset=8) X","/VIN (modelFiles=ts18sl_scl_mat.lib:ff_18,mcparamset=8) Y","/VIN (modelFiles=ts18sl_scl_mat.lib:ff_18,mcparamset=9) X","/VIN (modelFiles=ts18sl_scl_mat.lib:ff_18,mcparamset=9) Y","/VIN (modelFiles=ts18sl_scl_mat.lib:ff_18,mcparamset=10) X","/VIN (modelFiles=ts18sl_scl_mat.lib:ff_18,mcparamset=10) Y","/VIN (modelFiles=ts18sl_scl_mat.lib:fs_18,mcparamset=1) X","/VIN (modelFiles=ts18sl_scl_mat.lib:fs_18,mcparamset=1) Y","/VIN (modelFiles=ts18sl_scl_mat.lib:fs_18,mcparamset=2) X","/VIN (modelFiles=ts18sl_scl_mat.lib:fs_18,mcparamset=2) Y","/VIN (modelFiles=ts18sl_scl_mat.lib:fs_18,mcparamset=3) X","/VIN (modelFiles=ts18sl_scl_mat.lib:fs_18,mcparamset=3) Y","/VIN (modelFiles=ts18sl_scl_mat.lib:fs_18,mcparamset=4) X","/VIN (modelFiles=ts18sl_scl_mat.lib:fs_18,mcparamset=4) Y","/VIN (modelFiles=ts18sl_scl_mat.lib:fs_18,mcparamset=5) X","/VIN (modelFiles=ts18sl_scl_mat.lib:fs_18,mcparamset=5) Y","/VIN (modelFiles=ts18sl_scl_mat.lib:fs_18,mcparamset=6) X","/VIN (modelFiles=ts18sl_scl_mat.lib:fs_18,mcparamset=6) Y","/VIN (modelFiles=ts18sl_scl_mat.lib:fs_18,mcparamset=7) X","/VIN (modelFiles=ts18sl_scl_mat.lib:fs_18,mcparamset=7) Y","/VIN (modelFiles=ts18sl_scl_mat.lib:fs_18,mcparamset=8) X","/VIN (modelFiles=ts18sl_scl_mat.lib:fs_18,mcparamset=8) Y","/VIN (modelFiles=ts18sl_scl_mat.lib:fs_18,mcparamset=9) X","/VIN (modelFiles=ts18sl_scl_mat.lib:fs_18,mcparamset=9) Y","/VIN (modelFiles=ts18sl_scl_mat.lib:fs_18,mcparamset=10) X","/VIN (modelFiles=ts18sl_scl_mat.lib:fs_18,mcparamset=10) Y","/VIN (modelFiles=ts18sl_scl_mat.lib:sf_18,mcparamset=1) X","/VIN (modelFiles=ts18sl_scl_mat.lib:sf_18,mcparamset=1) Y","/VIN (modelFiles=ts18sl_scl_mat.lib:sf_18,mcparamset=2) X","/VIN (modelFiles=ts18sl_scl_mat.lib:sf_18,mcparamset=2) Y","/VIN (modelFiles=ts18sl_scl_mat.lib:sf_18,mcparamset=3) X","/VIN (modelFiles=ts18sl_scl_mat.lib:sf_18,mcparamset=3) Y","/VIN (modelFiles=ts18sl_scl_mat.lib:sf_18,mcparamset=4) X","/VIN (modelFiles=ts18sl_scl_mat.lib:sf_18,mcparamset=4) Y","/VIN (modelFiles=ts18sl_scl_mat.lib:sf_18,mcparamset=5) X","/VIN (modelFiles=ts18sl_scl_mat.lib:sf_18,mcparamset=5) Y","/VIN (modelFiles=ts18sl_scl_mat.lib:sf_18,mcparamset=6) X","/VIN (modelFiles=ts18sl_scl_mat.lib:sf_18,mcparamset=6) Y","/VIN (modelFiles=ts18sl_scl_mat.lib:sf_18,mcparamset=7) X","/VIN (modelFiles=ts18sl_scl_mat.lib:sf_18,mcparamset=7) Y","/VIN (modelFiles=ts18sl_scl_mat.lib:sf_18,mcparamset=8) X","/VIN (modelFiles=ts18sl_scl_mat.lib:sf_18,mcparamset=8) Y","/VIN (modelFiles=ts18sl_scl_mat.lib:sf_18,mcparamset=9) X","/VIN (modelFiles=ts18sl_scl_mat.lib:sf_18,mcparamset=9) Y","/VIN (modelFiles=ts18sl_scl_mat.lib:sf_18,mcparamset=10) X","/VIN (modelFiles=ts18sl_scl_mat.lib:sf_18,mcparamset=10) Y","/VIN (modelFiles=ts18sl_scl_mat.lib:ss_18,mcparamset=1) X","/VIN (modelFiles=ts18sl_scl_mat.lib:ss_18,mcparamset=1) Y","/VIN (modelFiles=ts18sl_scl_mat.lib:ss_18,mcparamset=2) X","/VIN (modelFiles=ts18sl_scl_mat.lib:ss_18,mcparamset=2) Y","/VIN (modelFiles=ts18sl_scl_mat.lib:ss_18,mcparamset=3) X","/VIN (modelFiles=ts18sl_scl_mat.lib:ss_18,mcparamset=3) Y","/VIN (modelFiles=ts18sl_scl_mat.lib:ss_18,mcparamset=4) X","/VIN (modelFiles=ts18sl_scl_mat.lib:ss_18,mcparamset=4) Y","/VIN (modelFiles=ts18sl_scl_mat.lib:ss_18,mcparamset=5) X","/VIN (modelFiles=ts18sl_scl_mat.lib:ss_18,mcparamset=5) Y","/VIN (modelFiles=ts18sl_scl_mat.lib:ss_18,mcparamset=6) X","/VIN (modelFiles=ts18sl_scl_mat.lib:ss_18,mcparamset=6) Y","/VIN (modelFiles=ts18sl_scl_mat.lib:ss_18,mcparamset=7) X","/VIN (modelFiles=ts18sl_scl_mat.lib:ss_18,mcparamset=7) Y","/VIN (modelFiles=ts18sl_scl_mat.lib:ss_18,mcparamset=8) X","/VIN (modelFiles=ts18sl_scl_mat.lib:ss_18,mcparamset=8) Y","/VIN (modelFiles=ts18sl_scl_mat.lib:ss_18,mcparamset=9) X","/VIN (modelFiles=ts18sl_scl_mat.lib:ss_18,mcparamset=9) Y","/VIN (modelFiles=ts18sl_scl_mat.lib:ss_18,mcparamset=10) X","/VIN (modelFiles=ts18sl_scl_mat.lib:ss_18,mcparamset=10) Y"
0,0.2503457525534327,0,0.248190691625533,0,0.2665885372645549,0,0.2462154051627406,0,0.2611888901172318,0,0.2421793001949569,0,0.2598064715518787,0,0.2476928403049693,0,0.2621771025984954,0,0.2614106796348519,0,0.1557718333173825,0,0.1541418252835628,0,0.165353817004906,0,0.1532285984358987,0,0.1625062528454037,0,0.1503091311801347,0,0.161333709290708,0,0.1539753580272709,0,0.1629572830177828,0,0.1633055455580494,0,0.270426403529713,0,0.2682123286850607,0,0.2906304743650596,0,0.265466289363549,0,0.2834284379995041,0,0.26115049863602,0,0.2821840107979723,0,0.2674403074251019,0,0.2848359710044909,0,0.2828125342256929,0,0.1541434488536066,0,0.1525041800161691,0,0.1645449424401286,0,0.1514308819216962,0,0.1613215782883057,0,0.1484590702913777,0,0.1601797231139947,0,0.1522803947752983,0,0.1618603111660911,0,0.1619436210409885,0,1.799999586967375,0,1.799999672787099,0,1.799999455531695,0,1.79999926652659,0,1.799999620341685,0,1.799999707584983,0,1.799999529650771,0,1.799999497274587,0,1.799999689182446,0,1.79999960105988,0,1.799999835108146,0,1.799999860528945,0,1.79999979705965,0,1.799999743195786,0,1.799999843181085,0,1.799999869771993,0,1.799999817988811,0,1.799999808867185,0,1.799999864765995,0,1.799999837910669,0,1.799999949031921,0,1.79999995091286,0,1.799999946938909,0,1.799999944649065,0,1.799999948377362,0,1.799999950851461,0,1.799999947719932,0,1.799999947392503,0,1.799999950790896,0,1.799999948301405,0,1.799999929650207,0,1.799999931389426,0,1.799999928292187,0,1.799999927550851,0,1.799999928007971,0,1.799999930729308,0,1.799999928389448,0,1.799999928369849,0,1.799999930924775,0,1.799999928196681,0,0,0,0,0,0,0,0,0,0,0,0,0,0,0,0,0,0,0,0,0,0,0,0,0,0,0,0,0,0,0,0,0,0,0,0,0,0,0,0,0,0,0,0,0,0,0,0,0,0,0,0,0,0,0,0,0,0,0,0,0,0,0,0,0,0,0,0,0,0,0,0,0,0,0,0,0,0,0,0
0.036,0.2390351135983362,0.036,0.2369043577730512,0.036,0.2543980049491408,0.036,0.2351013372588894,0.036,0.2493785806409523,0.036,0.2311454395379152,0.036,0.2479782302261379,0.036,0.2364662668979365,0.036,0.2502791399398359,0.036,0.2497619617753472,0.036,0.1481144859558278,0.036,0.1465151360560544,0.036,0.1571870418347339,0.036,0.1456911418973557,0.036,0.1545423624865231,0.036,0.1428430918595788,0.036,0.1533764872299399,0.036,0.1463777990154254,0.036,0.1549489741138908,0.036,0.1554033124716542,0.036,0.2572471577110192,0.036,0.255052712906034,0.036,0.2761740495503912,0.036,0.2525613402969469,0.036,0.2695459359599521,0.036,0.2483379190440134,0.036,0.2682584850841498,0.036,0.2543711495289717,0.036,0.2708195002032575,0.036,0.269193784414474,0.036,0.146052801141191,0.036,0.1444451544898243,0.036,0.1558494490253212,0.036,0.1434800067139359,0.036,0.1528727392518389,0.036,0.1405856963719265,0.036,0.1517337975070666,0.036,0.1442573139023957,0.036,0.153356802427681,0.036,0.1535769449637261,0.036,1.799998732705827,0.036,1.799999013202362,0.036,1.799998302878507,0.036,1.799997686023269,0.036,1.799998844266296,0.036,1.799999128731957,0.036,1.799998545785498,0.036,1.799998439595045,0.036,1.799999067793695,0.036,1.799998780616413,0.036,1.799999588839546,0.036,1.799999670884968,0.036,1.799999463792469,0.036,1.799999284868983,0.036,1.799999619083913,0.036,1.799999703240986,0.036,1.799999533785239,0.036,1.799999503228315,0.036,1.799999686027997,0.036,1.799999601021007,0.036,1.799999937037552,0.036,1.79999994148581,0.036,1.799999931007927,0.036,1.799999923051652,0.036,1.799999937379909,0.036,1.799999942465776,0.036,1.799999934008544,0.036,1.799999932711722,0.036,1.79999994185463,0.036,1.799999936727187,0.036,1.799999923374439,0.036,1.799999926234015,0.036,1.799999920338239,0.036,1.799999917228292,0.036,1.799999922090642,0.036,1.799999925986467,0.036,1.799999921358349,0.036,1.799999920936315,0.036,1.799999925959019,0.036,1.799999922046015,0.036,0.036,0.036,0.036,0.036,0.036,0.036,0.036,0.036,0.036,0.036,0.036,0.036,0.036,0.036,0.036,0.036,0.036,0.036,0.036,0.036,0.036,0.036,0.036,0.036,0.036,0.036,0.036,0.036,0.036,0.036,0.036,0.036,0.036,0.036,0.036,0.036,0.036,0.036,0.036,0.036,0.036,0.036,0.036,0.036,0.036,0.036,0.036,0.036,0.036,0.036,0.036,0.036,0.036,0.036,0.036,0.036,0.036,0.036,0.036,0.036,0.036,0.036,0.036,0.036,0.036,0.036,0.036,0.036,0.036,0.036,0.036,0.036,0.036,0.036,0.036,0.036,0.036,0.036,0.036
0.07200000000000001,0.2279732283178639,0.07200000000000001,0.2258682443797148,0.07200000000000001,0.2424966543734879,0.07200000000000001,0.2242282052222361,0.07200000000000001,0.2378371932067969,0.07200000000000001,0.2203521476845914,0.07200000000000001,0.2364224983541871,0.07200000000000001,0.2254861150455561,0.07200000000000001,0.2386553111513449,0.07200000000000001,0.2383709039973607,0.07200000000000001,0.1405986580616963,0.07200000000000001,0.1390300340956368,0.07200000000000001,0.1491801285793294,0.07200000000000001,0.1382913823062071,0.07200000000000001,0.1467298488078854,0.07200000000000001,0.1355138971345669,0.07200000000000001,0.1455715527460316,0.07200000000000001,0.138920359176144,0.07200000000000001,0.1470941003888245,0.07200000000000001,0.1476483677007402,0.07200000000000001,0.2444258817358512,0.07200000000000001,0.2422534026469118,0.07200000000000001,0.2621540494884374,0.07200000000000001,0.2399995922592079,0.07200000000000001,0.2560599419865187,0.07200000000000001,0.2358682683398615,0.07200000000000001,0.2547359711277042,0.07200000000000001,0.2416557954032333,0.07200000000000001,0.2572092309312881,0.07200000000000001,0.2559487377372232,0.07200000000000001,0.1381367335671438,0.07200000000000001,0.1365608077971006,0.07200000000000001,0.1473543759965919,0.07200000000000001,0.1356983970688376,0.07200000000000001,0.1446122234189414,0.07200000000000001,0.1328805384689188,0.07200000000000001,0.1434774963945097,0.07200000000000001,0.1364069305452487,0.07200000000000001,0.1450444920107585,0.07200000000000001,0.1453925499509579,0.07200000000000001,1.799995952991559,0.07200000000000001,1.799996860016994,0.07200000000000001,1.799994569302544,0.07200000000000001,1.799992596973285,0.07200000000000001,1.799996314415312,0.07200000000000001,1.799997235744313,0.07200000000000001,1.799995350399524,0.07200000000000001,1.799995008588189,0.07200000000000001,1.799997037547793,0.07200000000000001,1.799996108386332,0.07200000000000001,1.799998776220552,0.07200000000000001,1.799999044808368,0.07200000000000001,1.799998365451758,0.07200000000000001,1.799997777601955,0.07200000000000001,1.799998879213752,0.07200000000000001,1.799999153343658,0.07200000000000001,1.799998596362978,0.07200000000000001,1.799998495466159,0.07200000000000001,1.799999095872316,0.07200000000000001,1.79999881906871,0.07200000000000001,1.799999899536634,0.07200000000000001,1.799999912397218,0.07200000000000001,1.799999880579534,0.07200000000000001,1.7999998540004,0.07200000000000001,1.799999903210709,0.07200000000000001,1.799999916829252,0.07200000000000001,1.799999890886161,0.07200000000000001,1.79999988639738,0.07200000000000001,1.799999914397054,0.07200000000000001,1.799999900651529,0.07200000000000001,1.799999906267324,0.07200000000000001,1.799999912718934,0.07200000000000001,1.799999897771016,0.07200000000000001,1.799999886880588,0.07200000000000001,1.799999906281609,0.07200000000000001,1.799999913879484,0.07200000000000001,1.799999901836947,0.07200000000000001,1.799999900085009,0.07200000000000001,1.79999991310154,0.07200000000000001,1.79999990545136,0.07200000000000001,0.07200000000000001,0.07200000000000001,0.07200000000000001,0.07200000000000001,0.07200000000000001,0.07200000000000001,0.07200000000000001,0.07200000000000001,0.07200000000000001,0.07200000000000001,0.07200000000000001,0.07200000000000001,0.07200000000000001,0.07200000000000001,0.07200000000000001,0.07200000000000001,0.07200000000000001,0.07200000000000001,0.07200000000000001,0.07200000000000001,0.07200000000000001,0.07200000000000001,0.07200000000000001,0.07200000000000001,0.07200000000000001,0.07200000000000001,0.07200000000000001,0.07200000000000001,0.07200000000000001,0.07200000000000001,0.07200000000000001,0.07200000000000001,0.07200000000000001,0.07200000000000001,0.07200000000000001,0.07200000000000001,0.07200000000000001,0.07200000000000001,0.07200000000000001,0.07200000000000001,0.07200000000000001,0.07200000000000001,0.07200000000000001,0.07200000000000001,0.07200000000000001,0.07200000000000001,0.07200000000000001,0.07200000000000001,0.07200000000000001,0.07200000000000001,0.07200000000000001,0.07200000000000001,0.07200000000000001,0.07200000000000001,0.07200000000000001,0.07200000000000001,0.07200000000000001,0.07200000000000001,0.07200000000000001,0.07200000000000001,0.07200000000000001,0.07200000000000001,0.07200000000000001,0.07200000000000001,0.07200000000000001,0.07200000000000001,0.07200000000000001,0.07200000000000001,0.07200000000000001,0.07200000000000001,0.07200000000000001,0.07200000000000001,0.07200000000000001,0.07200000000000001,0.07200000000000001,0.07200000000000001,0.07200000000000001,0.07200000000000001,0.07200000000000001
0.108,0.217159036946663,0.108,0.215081723109439,0.108,0.2308819066436388,0.108,0.2135955239016605,0.108,0.2265627691957115,0.108,0.2097985743075256,0.108,0.2251377049187052,0.108,0.2147512402495469,0.108,0.2273039476608689,0.108,0.2272371059487067,0.108,0.133228809799456,0.108,0.1316910713435044,0.108,0.1413371669634315,0.108,0.1310339023207337,0.108,0.1390729506713775,0.108,0.1283260754897945,0.108,0.1379232279695556,0.108,0.131607492390124,0.108,0.1393969516493404,0.108,0.1400452437632557,0.108,0.2319567323453243,0.108,0.2298081881052914,0.108,0.2485590090002563,0.108,0.2277760959735272,0.108,0.242962218969538,0.108,0.2237363108648062,0.108,0.2416075021731972,0.108,0.2292885314594589,0.108,0.2439961383185611,0.108,0.2430712347536243,0.108,0.1303993913912577,0.108,0.1288552539844098,0.108,0.1390629394252476,0.108,0.1280903555365112,0.108,0.1365437416590505,0.108,0.1253478895685145,0.108,0.1354144482992874,0.108,0.128733429744966,0.108,0.1369269738665818,0.108,0.1373944326570813,0.108,1.799987098234905,0.108,1.799989961845264,0.108,1.799982768924204,0.108,1.799976671614819,0.108,1.799988230680861,0.108,1.799991151992393,0.108,1.799985204980092,0.108,1.79998413731954,0.108,1.799990523291364,0.108,1.799987582206504,0.108,1.799996113702195,0.108,1.799996988718631,0.108,1.799994779280019,0.108,1.799992879517088,0.108,1.799996451310153,0.108,1.799997344945066,0.108,1.799995529128233,0.108,1.799995201195643,0.108,1.799997156418403,0.108,1.799996254782631,0.108,1.799999778322673,0.108,1.799999818753953,0.108,1.799999717016708,0.108,1.799999629517005,0.108,1.799999792960816,0.108,1.799999834539484,0.108,1.799999751260609,0.108,1.799999736310713,0.108,1.79999982612051,0.108,1.799999784140966,0.108,1.799999853875057,0.108,1.799999872012138,0.108,1.799999827539412,0.108,1.799999791175222,0.108,1.799999858266206,0.108,1.799999877844947,0.108,1.799999841598413,0.108,1.799999835480971,0.108,1.799999874586757,0.108,1.799999854840672,0.108,0.108,0.108,0.108,0.108,0.108,0.108,0.108,0.108,0.108,0.108,0.108,0.108,0.108,0.108,0.108,0.108,0.108,0.108,0.108,0.108,0.108,0.108,0.108,0.108,0.108,0.108,0.108,0.108,0.108,0.108,0.108,0.108,0.108,0.108,0.108,0.108,0.108,0.108,0.108,0.108,0.108,0.108,0.108,0.108,0.108,0.108,0.108,0.108,0.108,0.108,0.108,0.108,0.108,0.108,0.108,0.108,0.108,0.108,0.108,0.108,0.108,0.108,0.108,0.108,0.108,0.108,0.108,0.108,0.108,0.108,0.108,0.108,0.108,0.108,0.108,0.108,0.108,0.108,0.108
0.144,0.2065893826735841,0.144,0.2045431838710049,0.144,0.2195493452708852,0.144,0.2032012517644087,0.144,0.2155508044216835,0.144,0.1994820585900621,0.144,0.2141209479423815,0.144,0.2042582925455636,0.144,0.2162217790646148,0.144,0.2163588574505252,0.144,0.1260089506166772,0.144,0.1245025942711955,0.144,0.1336618549004058,0.144,0.1239229557850427,0.144,0.1315753511708968,0.144,0.1212837766332267,0.144,0.1304355517871114,0.144,0.1244431791597679,0.144,0.1318614748782648,0.144,0.1325981831995247,0.144,0.2198340219631631,0.144,0.2177111057931015,0.144,0.2353780541015636,0.144,0.2158860228602272,0.144,0.2302447977222669,0.144,0.2119370053698405,0.144,0.2288645123435084,0.144,0.2172638164829307,0.144,0.2311715641246286,0.144,0.2305551704929786,0.144,0.1228448668263768,0.144,0.1213325738013155,0.144,0.1309783379124236,0.144,0.1206601336251442,0.144,0.1286709503850134,0.144,0.1179920108862939,0.144,0.1275482506867152,0.144,0.1212409506518689,0.144,0.129007801708655,0.144,0.1295865039711129,0.144,1.799959876681026,0.144,1.799968559564427,0.144,1.799946937213608,0.144,1.799929046014386,0.144,1.799963257845973,0.144,1.79997217960504,0.144,1.799954178616912,0.144,1.799950997676683,0.144,1.799970262178404,0.144,1.79996130406441,0.144,1.79998753115667,0.144,1.799990331190828,0.144,1.799983292359106,0.144,1.799977318900774,0.144,1.799988603836178,0.144,1.79999147402942,0.144,1.799985667454999,0.144,1.79998462742718,0.144,1.799990868461689,0.144,1.799987976605915,0.144,1.799999383414197,0.144,1.799999513794222,0.144,1.799999184254776,0.144,1.799998899102223,0.144,1.799999433744545,0.144,1.799999566652749,0.144,1.799999296346653,0.144,1.799999247361473,0.144,1.799999538677716,0.144,1.799999404513707,0.144,1.799999686184152,0.144,1.799999742459138,0.144,1.799999601615521,0.144,1.799999482191819,0.144,1.79999970496621,0.144,1.799999763621697,0.144,1.799999648310728,0.144,1.799999627931475,0.144,1.799999752232258,0.144,1.799999693040038,0.144,0.144,0.144,0.144,0.144,0.144,0.144,0.144,0.144,0.144,0.144,0.144,0.144,0.144,0.144,0.144,0.144,0.144,0.144,0.144,0.144,0.144,0.144,0.144,0.144,0.144,0.144,0.144,0.144,0.144,0.144,0.144,0.144,0.144,0.144,0.144,0.144,0.144,0.144,0.144,0.144,0.144,0.144,0.144,0.144,0.144,0.144,0.144,0.144,0.144,0.144,0.144,0.144,0.144,0.144,0.144,0.144,0.144,0.144,0.144,0.144,0.144,0.144,0.144,0.144,0.144,0.144,0.144,0.144,0.144,0.144,0.144,0.144,0.144,0.144,0.144,0.144,0.144,0.144,0.144
0.18,0.1962563779105272,0.18,0.1942488359724022,0.18,0.2084904059926382,0.18,0.1930398183012335,0.18,0.2047911483960742,0.18,0.189395758876698,0.18,0.2033663541909417,0.18,0.1939989231228468,0.18,0.2054019653895038,0.18,0.2057317071040837,0.18,0.1189419584481935,0.18,0.1174684711110352,0.18,0.1261569266566666,0.18,0.1169619848918952,0.18,0.1242393514223282,0.18,0.1143901716519384,0.18,0.1231118938549058,0.18,0.1174301944758052,0.18,0.1244907978902795,0.18,0.1253108042502328,0.18,0.2080521972137652,0.18,0.2059564480863908,0.18,0.2226008585013815,0.18,0.2043246652175581,0.18,0.217899938328914,0.18,0.2004654804113137,0.18,0.2164988292436345,0.18,0.2055762494621818,0.18,0.2187272074829686,0.18,0.2183945369609225,0.18,0.1154771819009215,0.18,0.1139968065569016,0.18,0.1231037361350719,0.18,0.113411919571124,0.18,0.1209974306773081,0.18,0.1108171158119765,0.18,0.1198824590401989,0.18,0.113933567633035,0.18,0.1212904764880995,0.18,0.1219725825698363,0.18,1.799880600147632,0.18,1.799905388265569,0.18,1.799844396568863,0.18,1.799795561142611,0.18,1.799890017176885,0.18,1.799915753450769,0.18,1.799864497471742,0.18,1.7998556412422,0.18,1.799910240714786,0.18,1.799884496133688,0.18,1.799960650515124,0.18,1.799969321988303,0.18,1.79994768553645,0.18,1.79992970953736,0.18,1.799963919005085,0.18,1.799972866135674,0.18,1.799954912872709,0.18,1.799951741976068,0.18,1.799970983357694,0.18,1.79996198890817,0.18,1.7999981013172,0.18,1.799998522212985,0.18,1.799997458832398,0.18,1.799996541780973,0.18,1.79999826623754,0.18,1.799998694834313,0.18,1.799997820809515,0.18,1.79999766249888,0.18,1.799998603626236,0.18,1.799998171234683,0.18,1.799999142587252,0.18,1.799999322989242,0.18,1.799998868881999,0.18,1.799998480597553,0.18,1.799999208039798,0.18,1.799999394058029,0.18,1.799999021453001,0.18,1.79999895478888,0.18,1.799999356184026,0.18,1.799999168473851,0.18,0.18,0.18,0.18,0.18,0.18,0.18,0.18,0.18,0.18,0.18,0.18,0.18,0.18,0.18,0.18,0.18,0.18,0.18,0.18,0.18,0.18,0.18,0.18,0.18,0.18,0.18,0.18,0.18,0.18,0.18,0.18,0.18,0.18,0.18,0.18,0.18,0.18,0.18,0.18,0.18,0.18,0.18,0.18,0.18,0.18,0.18,0.18,0.18,0.18,0.18,0.18,0.18,0.18,0.18,0.18,0.18,0.18,0.18,0.18,0.18,0.18,0.18,0.18,0.18,0.18,0.18,0.18,0.18,0.18,0.18,0.18,0.18,0.18,0.18,0.18,0.18,0.18,0.18,0.18
0.216,0.1861420397460053,0.216,0.1841898296406073,0.216,0.1976874690108362,0.216,0.1830978546173631,0.216,0.1942618754735241,0.216,0.1795237254869048,0.216,0.1928613471914422,0.216,0.1839541737801079,0.216,0.1948297850788912,0.216,0.1953451184070636,0.216,0.1120278809025,0.216,0.1105913390845483,0.216,0.1188226836288577,0.216,0.1101523645391875,0.216,0.1170638562817027,0.216,0.1076459338807083,0.216,0.1159539203176881,0.216,0.1105682998652381,0.216,0.1172859811669025,0.216,0.1181851920025619,0.216,0.1966057071209034,0.216,0.1945387433206776,0.216,0.2102175240344482,0.216,0.1930873638946793,0.216,0.2059199537417652,0.216,0.1893169173142283,0.216,0.204502620376001,0.216,0.1942204176975036,0.216,0.2066550506267268,0.216,0.2065834170333157,0.216,0.1083002448934706,0.216,0.1068519352223642,0.216,0.1154422296114032,0.216,0.1063498091663878,0.216,0.1135266343123285,0.216,0.1038273312857089,0.216,0.112420565078735,0.216,0.1068152422549565,0.216,0.1137784187701235,0.216,0.1145563789089398,0.216,1.799665943124505,0.216,1.799731399856367,0.216,1.799572608160914,0.216,1.79945018821281,0.216,1.799689943964466,0.216,1.799758795787324,0.216,1.799623909149525,0.216,1.799601232504674,0.216,1.799744143958462,0.216,1.799675575126233,0.216,1.799880226470786,0.216,1.79990573600896,0.216,1.799842777903191,0.216,1.799792037680183,0.216,1.79988959020918,0.216,1.799916170362252,0.216,1.79986349174881,0.216,1.799854379348431,0.216,1.799910604749244,0.216,1.799883971677875,0.216,1.799993988514826,0.216,1.79999533057351,0.216,1.799991950695714,0.216,1.799989064331138,0.216,1.799994513134624,0.216,1.799995883068707,0.216,1.799993096717338,0.216,1.799992594988123,0.216,1.799995590978019,0.216,1.7999942104099,0.216,1.799997382134561,0.216,1.799997963154083,0.216,1.799996500593599,0.216,1.79999525346009,0.216,1.799997596779632,0.216,1.799998195047122,0.216,1.799996992615382,0.216,1.79999677746404,0.216,1.799998071717787,0.216,1.799997468309688,0.216,0.216,0.216,0.216,0.216,0.216,0.216,0.216,0.216,0.216,0.216,0.216,0.216,0.216,0.216,0.216,0.216,0.216,0.216,0.216,0.216,0.216,0.216,0.216,0.216,0.216,0.216,0.216,0.216,0.216,0.216,0.216,0.216,0.216,0.216,0.216,0.216,0.216,0.216,0.216,0.216,0.216,0.216,0.216,0.216,0.216,0.216,0.216,0.216,0.216,0.216,0.216,0.216,0.216,0.216,0.216,0.216,0.216,0.216,0.216,0.216,0.216,0.216,0.216,0.216,0.216,0.216,0.216,0.216,0.216,0.216,0.216,0.216,0.216,0.216,0.216,0.216,0.216,0.216,0.216
0.252,0.1762087808601117,0.252,0.1743464659766993,0.252,0.1871049585870748,0.252,0.1733463353658779,0.252,0.1839185657554038,0.252,0.1698320659942119,0.252,0.1825795160545434,0.252,0.1740845961056993,0.252,0.1844746424623366,0.252,0.1851759518337988,0.252,0.1052602752420964,0.252,0.103870739914388,0.252,0.1116537055033365,0.252,0.1034905443707562,0.252,0.110040159598345,0.252,0.1010459008283262,0.252,0.1089591412763102,0.252,0.1038503989389294,0.252,0.1102431500358978,0.252,0.1112197059142594,0.252,0.1854885111152991,0.252,0.1834525821879772,0.252,0.1982181463290291,0.252,0.1821691774465152,0.252,0.1942965922045009,0.252,0.1784861184550498,0.252,0.192868122664798,0.252,0.1831903607766014,0.252,0.1949470199398682,0.252,0.1951157843780512,0.252,0.1013177143297652,0.252,0.09990183481444806,0.252,0.1079967316883418,0.252,0.09947771195888687,0.252,0.1062617158605642,0.252,0.09702657855368428,0.252,0.10516592280515,0.252,0.09988967561614713,0.252,0.1064748766050712,0.252,0.1073414336918528,0.252,1.799131029517815,0.252,1.79928995594692,0.252,1.798909753486154,0.252,1.798627169747687,0.252,1.799186717648791,0.252,1.799356217331355,0.252,1.799030027633838,0.252,1.79897671003943,0.252,1.799320546094574,0.252,1.799152462070248,0.252,1.799654768445025,0.252,1.799724684639673,0.252,1.799554499925505,0.252,1.799422411376653,0.252,1.799679443002481,0.252,1.799753248589155,0.252,1.799609381747375,0.252,1.799585161499508,0.252,1.799737924924578,0.252,1.799664280575097,0.252,1.79998108730768,0.252,1.799985259550522,0.252,1.799974813697396,0.252,1.799966042462304,0.252,1.799982699550549,0.252,1.799986980160421,0.252,1.799978327992434,0.252,1.799976787009537,0.252,1.799986068795999,0.252,1.799981762680761,0.252,1.799991737350829,0.252,1.799993590440345,0.252,1.799988939807981,0.252,1.79998501222626,0.252,1.799992418570775,0.252,1.799994331880695,0.252,1.799990497784435,0.252,1.799989815860772,0.252,1.799993937243593,0.252,1.799992009382983,0.252,0.252,0.252,0.252,0.252,0.252,0.252,0.252,0.252,0.252,0.252,0.252,0.252,0.252,0.252,0.252,0.252,0.252,0.252,0.252,0.252,0.252,0.252,0.252,0.252,0.252,0.252,0.252,0.252,0.252,0.252,0.252,0.252,0.252,0.252,0.252,0.252,0.252,0.252,0.252,0.252,0.252,0.252,0.252,0.252,0.252,0.252,0.252,0.252,0.252,0.252,0.252,0.252,0.252,0.252,0.252,0.252,0.252,0.252,0.252,0.252,0.252,0.252,0.252,0.252,0.252,0.252,0.252,0.252,0.252,0.252,0.252,0.252,0.252,0.252,0.252,0.252,0.252,0.252,0.252
0.288,0.1663829468603502,0.288,0.1646780309121059,0.288,0.1766740151067718,0.288,0.1637270420993477,0.288,0.1736756850454886,0.288,0.1602536994790493,0.288,0.1724683035499633,0.288,0.1643131249056487,0.288,0.1742763083978706,0.288,0.1751771452138603,0.288,0.09861950340350606,0.288,0.09729916731643132,0.288,0.1046326123102075,0.288,0.0969625403477261,0.288,0.1031443893000971,0.288,0.09457285908033214,0.288,0.1021159724845344,0.288,0.09725557191848211,0.288,0.1033479125010576,0.288,0.1044044784803986,0.288,0.174692730293523,0.288,0.1726920547945368,0.288,0.1865916235181596,0.288,0.1715639148272884,0.288,0.1830193991501804,0.288,0.1679663120704446,0.288,0.1815868359234714,0.288,0.1724781265285682,0.288,0.1835940026908205,0.288,0.1839848279011633,0.288,0.09453261426636361,0.288,0.09315011901648228,0.288,0.1007696494679916,0.288,0.09279908047892044,0.288,0.09920506222602539,0.288,0.0904182352499877,0.288,0.09812153110283327,0.288,0.0931598937354141,0.288,0.09938265715082958,0.288,0.1003309311709357,0.288,1.797899518667293,0.288,1.798257216211376,0.288,1.797412121769886,0.288,1.796804765707182,0.288,1.798018417091657,0.288,1.798404964456624,0.288,1.797674017690382,0.288,1.797557647609681,0.288,1.798324868489372,0.288,1.797942891927199,0.288,1.799071076499712,0.288,1.799247575032691,0.288,1.798824219665492,0.288,1.798508261762562,0.288,1.799130130797203,0.288,1.79931924544677,0.288,1.798957664404117,0.288,1.798898596180389,0.288,1.799280516057781,0.288,1.799092634931389,0.288,1.799942083512209,0.288,1.799954524597815,0.288,1.799923657584591,0.288,1.799898389780615,0.288,1.799946794894127,0.288,1.799959661967275,0.288,1.799933914855474,0.288,1.799929406814737,0.288,1.799956932115507,0.288,1.799944023761566,0.288,1.799973996154052,0.288,1.799979775067863,0.288,1.79996535478956,0.288,1.799953379021367,0.288,1.799976084688939,0.288,1.799982085069006,0.288,1.799970144999689,0.288,1.799968045318069,0.288,1.799980852631981,0.288,1.799974816535453,0.288,0.288,0.288,0.288,0.288,0.288,0.288,0.288,0.288,0.288,0.288,0.288,0.288,0.288,0.288,0.288,0.288,0.288,0.288,0.288,0.288,0.288,0.288,0.288,0.288,0.288,0.288,0.288,0.288,0.288,0.288,0.288,0.288,0.288,0.288,0.288,0.288,0.288,0.288,0.288,0.288,0.288,0.288,0.288,0.288,0.288,0.288,0.288,0.288,0.288,0.288,0.288,0.288,0.288,0.288,0.288,0.288,0.288,0.288,0.288,0.288,0.288,0.288,0.288,0.288,0.288,0.288,0.288,0.288,0.288,0.288,0.288,0.288,0.288,0.288,0.288,0.288,0.288,0.288,0.288
0.3240000000000001,0.1565281335487013,0.3240000000000001,0.1551052590201341,0.3240000000000001,0.1662666465460594,0.3240000000000001,0.1541295025274991,0.3240000000000001,0.1633777311656164,0.3240000000000001,0.1506631050891425,0.3240000000000001,0.1624277432263595,0.3240000000000001,0.154497842877707,0.3240000000000001,0.1641213536386113,0.3240000000000001,0.1652581082267665,0.3240000000000001,0.09206151622867345,0.3240000000000001,0.09085494845234926,0.3240000000000001,0.09771949218580279,0.3240000000000001,0.09053458562584588,0.3240000000000001,0.09632485063630399,0.3240000000000001,0.08818715757742097,0.3240000000000001,0.09539514148031077,0.3240000000000001,0.09073746909432703,0.3240000000000001,0.09656580727841713,0.3240000000000001,0.09771347198953734,0.3240000000000001,0.1642055330165531,0.3240000000000001,0.1622492620131664,0.3240000000000001,0.175322846494448,0.3240000000000001,0.1612617733498844,0.3240000000000001,0.1720720541790768,0.3240000000000001,0.1577463427725544,0.3240000000000001,0.1706474989436886,0.3240000000000001,0.1620704813389951,0.3240000000000001,0.1725834476489626,0.3240000000000001,0.1731811841897042,0.3240000000000001,0.08794633713186543,0.3240000000000001,0.08659971433131076,0.3240000000000001,0.09376202670638735,0.3240000000000001,0.08631618721811039,0.3240000000000001,0.09235709350092018,0.3240000000000001,0.08400425153259301,0.3240000000000001,0.09128944120958216,0.3240000000000001,0.08662718190270222,0.3240000000000001,0.09250340579542747,0.3240000000000001,0.09352718222975322,0.3240000000000001,1.795256368682166,0.3240000000000001,1.796008558236687,0.3240000000000001,1.794254178215001,0.3240000000000001,1.793039029313366,0.3240000000000001,1.79549135691179,0.3240000000000001,1.79631524742862,0.3240000000000001,1.794785728067265,0.3240000000000001,1.794548957221451,0.3240000000000001,1.79614771427036,0.3240000000000001,1.795336202613887,0.3240000000000001,1.797677577827595,0.3240000000000001,1.798089402505845,0.3240000000000001,1.797114831048866,0.3240000000000001,1.796413379216853,0.3240000000000001,1.797806586318152,0.3240000000000001,1.798254467171777,0.3240000000000001,1.797415006749695,0.3240000000000001,1.79728182031618,0.3240000000000001,1.798164533071142,0.3240000000000001,1.797721221477291,0.3240000000000001,1.79983048484103,0.3240000000000001,1.799865392777161,0.3240000000000001,1.799779841136376,0.3240000000000001,1.799712131557305,0.3240000000000001,1.79984330243865,0.3240000000000001,1.799879813561938,0.3240000000000001,1.799807784501617,0.3240000000000001,1.799795467288822,0.3240000000000001,1.799872114465374,0.3240000000000001,1.799835622548224,0.3240000000000001,1.799920082937878,0.3240000000000001,1.799937433376503,0.3240000000000001,1.799894521178955,0.3240000000000001,1.799859774794631,0.3240000000000001,1.79992617826513,0.3240000000000001,1.79994435121093,0.3240000000000001,1.799908588515372,0.3240000000000001,1.799902409430618,0.3240000000000001,1.79994064599427,0.3240000000000001,1.799922410911316,0.3240000000000001,0.3240000000000001,0.3240000000000001,0.3240000000000001,0.3240000000000001,0.3240000000000001,0.3240000000000001,0.3240000000000001,0.3240000000000001,0.3240000000000001,0.3240000000000001,0.3240000000000001,0.3240000000000001,0.3240000000000001,0.3240000000000001,0.3240000000000001,0.3240000000000001,0.3240000000000001,0.3240000000000001,0.3240000000000001,0.3240000000000001,0.3240000000000001,0.3240000000000001,0.3240000000000001,0.3240000000000001,0.3240000000000001,0.3240000000000001,0.3240000000000001,0.3240000000000001,0.3240000000000001,0.3240000000000001,0.3240000000000001,0.3240000000000001,0.3240000000000001,0.3240000000000001,0.3240000000000001,0.3240000000000001,0.3240000000000001,0.3240000000000001,0.3240000000000001,0.3240000000000001,0.3240000000000001,0.3240000000000001,0.3240000000000001,0.3240000000000001,0.3240000000000001,0.3240000000000001,0.3240000000000001,0.3240000000000001,0.3240000000000001,0.3240000000000001,0.3240000000000001,0.3240000000000001,0.3240000000000001,0.3240000000000001,0.3240000000000001,0.3240000000000001,0.3240000000000001,0.3240000000000001,0.3240000000000001,0.3240000000000001,0.3240000000000001,0.3240000000000001,0.3240000000000001,0.3240000000000001,0.3240000000000001,0.3240000000000001,0.3240000000000001,0.3240000000000001,0.3240000000000001,0.3240000000000001,0.3240000000000001,0.3240000000000001,0.3240000000000001,0.3240000000000001,0.3240000000000001,0.3240000000000001,0.3240000000000001,0.3240000000000001,0.3240000000000001
0.3600000000000001,0.1464214188287692,0.3600000000000001,0.1454827565710298,0.3600000000000001,0.1556665544131971,0.3600000000000001,0.144362976546347,0.3600000000000001,0.1527792753151441,0.3600000000000001,0.1408508134219774,0.3600000000000001,0.1522804179473228,0.3600000000000001,0.1444102146734415,0.3600000000000001,0.1538132987308388,0.3600000000000001,0.1552556468038676,0.3600000000000001,0.08550030367677326,0.3600000000000001,0.08449055692083977,0.3600000000000001,0.09083468574989385,0.3600000000000001,0.08413807962372157,0.3600000000000001,0.08948252892467398,0.3600000000000001,0.08181045873954468,0.3600000000000001,0.08873556721342279,0.3600000000000001,0.0842064947310122,0.3600000000000001,0.08982665359164883,0.3600000000000001,0.09109132178525635,0.3600000000000001,0.1540030512269724,0.3600000000000001,0.1521109431296702,0.3600000000000001,0.1643870444006453,0.3600000000000001,0.151244454786067,0.3600000000000001,0.1614254272486421,0.3600000000000001,0.1478050729279986,0.3600000000000001,0.1600317460907837,0.3600000000000001,0.1519425630350868,0.3600000000000001,0.1618943852717754,0.3600000000000001,0.1626890428635106,0.3600000000000001,0.0815563545213778,0.3600000000000001,0.08025177170092197,0.3600000000000001,0.08697151344344226,0.3600000000000001,0.0800283893330721,0.3600000000000001,0.08571357574568292,0.3600000000000001,0.07778309057243749,0.3600000000000001,0.08466928892466166,0.3600000000000001,0.08028866655516446,0.3600000000000001,0.08583586200785866,0.3600000000000001,0.08693032391663452,0.3600000000000001,1.789979538918784,0.3600000000000001,1.791446764861548,0.3600000000000001,1.788078199912528,0.3600000000000001,1.785851663096132,0.3600000000000001,1.790401122827963,0.3600000000000001,1.792034799323878,0.3600000000000001,1.789069599448659,0.3600000000000001,1.788626640209143,0.3600000000000001,1.79171044086279,0.3600000000000001,1.790107425534285,0.3600000000000001,1.794581165132788,0.3600000000000001,1.795479002933169,0.3600000000000001,1.793381475771002,0.3600000000000001,1.791926052877076,0.3600000000000001,1.79484108194027,0.3600000000000001,1.795832051045936,0.3600000000000001,1.794012101231784,0.3600000000000001,1.793731697278311,0.3600000000000001,1.795637949436517,0.3600000000000001,1.794660115726415,0.3600000000000001,1.799533479305803,0.3600000000000001,1.799624191608588,0.3600000000000001,1.799405004946332,0.3600000000000001,1.799238013158623,0.3600000000000001,1.799565372214702,0.3600000000000001,1.799661566230421,0.3600000000000001,1.799475108415588,0.3600000000000001,1.799444111164226,0.3600000000000001,1.799641486721083,0.3600000000000001,1.799545755142906,0.3600000000000001,1.799764390081977,0.3600000000000001,1.799813635684245,0.3600000000000001,1.799693310151063,0.3600000000000001,1.79959914028561,0.3600000000000001,1.799780967676698,0.3600000000000001,1.7998331776012,0.3600000000000001,1.799732026741377,0.3600000000000001,1.799714974129817,0.3600000000000001,1.799822650982061,0.3600000000000001,1.799770443599747,0.3600000000000001,0.3600000000000001,0.3600000000000001,0.3600000000000001,0.3600000000000001,0.3600000000000001,0.3600000000000001,0.3600000000000001,0.3600000000000001,0.3600000000000001,0.3600000000000001,0.3600000000000001,0.3600000000000001,0.3600000000000001,0.3600000000000001,0.3600000000000001,0.3600000000000001,0.3600000000000001,0.3600000000000001,0.3600000000000001,0.3600000000000001,0.3600000000000001,0.3600000000000001,0.3600000000000001,0.3600000000000001,0.3600000000000001,0.3600000000000001,0.3600000000000001,0.3600000000000001,0.3600000000000001,0.3600000000000001,0.3600000000000001,0.3600000000000001,0.3600000000000001,0.3600000000000001,0.3600000000000001,0.3600000000000001,0.3600000000000001,0.3600000000000001,0.3600000000000001,0.3600000000000001,0.3600000000000001,0.3600000000000001,0.3600000000000001,0.3600000000000001,0.3600000000000001,0.3600000000000001,0.3600000000000001,0.3600000000000001,0.3600000000000001,0.3600000000000001,0.3600000000000001,0.3600000000000001,0.3600000000000001,0.3600000000000001,0.3600000000000001,0.3600000000000001,0.3600000000000001,0.3600000000000001,0.3600000000000001,0.3600000000000001,0.3600000000000001,0.3600000000000001,0.3600000000000001,0.3600000000000001,0.3600000000000001,0.3600000000000001,0.3600000000000001,0.3600000000000001,0.3600000000000001,0.3600000000000001,0.3600000000000001,0.3600000000000001,0.3600000000000001,0.3600000000000001,0.3600000000000001,0.3600000000000001,0.3600000000000001,0.3600000000000001,0.3600000000000001
0.3960000000000001,0.1357841699123795,0.3960000000000001,0.1355783225553127,0.3960000000000001,0.1445811956823129,0.3960000000000001,0.1341620714882992,0.3960000000000001,0.1415911044142327,0.3960000000000001,0.1305455280571786,0.3960000000000001,0.1417614178229125,0.3960000000000001,0.133773277706536,0.3960000000000001,0.1430736458245006,0.3960000000000001,0.1449189258081203,0.3960000000000001,0.07879422897263334,0.3960000000000001,0.07811546029501976,0.3960000000000001,0.08383947480937054,0.3960000000000001,0.07765266575738138,0.3960000000000001,0.08245903112848257,0.3960000000000001,0.0753119822210546,0.3960000000000001,0.08202501058997429,0.3960000000000001,0.07751844701175994,0.3960000000000001,0.08300502358881721,0.3960000000000001,0.08443420606940806,0.3960000000000001,0.1440398751517489,0.3960000000000001,0.1422519878573816,0.3960000000000001,0.1537398789538707,0.3960000000000001,0.1414764653672299,0.3960000000000001,0.1510257171032408,0.3960000000000001,0.1381016264425398,0.3960000000000001,0.1497061436834317,0.3960000000000001,0.1420469744907669,0.3960000000000001,0.1514885314688161,0.3960000000000001,0.1524788672389147,0.3960000000000001,0.07535174066456751,0.3960000000000001,0.07410321119769595,0.3960000000000001,0.08038823151745225,0.3960000000000001,0.07392854393403522,0.3960000000000001,0.07926049948395789,0.3960000000000001,0.07174563412801328,0.3960000000000001,0.07825512666304181,0.3960000000000001,0.07413265317652112,0.3960000000000001,0.07937221278556844,0.3960000000000001,0.08053545719456019,0.3960000000000001,1.780316260104949,0.3960000000000001,1.78293162549021,0.3960000000000001,1.777038699605949,0.3960000000000001,1.773356708417252,0.3960000000000001,1.780977877886574,0.3960000000000001,1.783950594976605,0.3960000000000001,1.778708544072796,0.3960000000000001,1.777960055802573,0.3960000000000001,1.783380806637829,0.3960000000000001,1.780476216923065,0.3960000000000001,1.788147947305218,0.3960000000000001,1.789978383203852,0.3960000000000001,1.785765154007276,0.3960000000000001,1.782969459625578,0.3960000000000001,1.788625291730344,0.3960000000000001,1.79068026845518,0.3960000000000001,1.786994745841415,0.3960000000000001,1.78644663085985,0.3960000000000001,1.790290070045405,0.3960000000000001,1.788268944229065,0.3960000000000001,1.798804182078787,0.3960000000000001,1.799021666371573,0.3960000000000001,1.798503377565548,0.3960000000000001,1.798122754336921,0.3960000000000001,1.798876514801675,0.3960000000000001,1.799110521966432,0.3960000000000001,1.798665499311497,0.3960000000000001,1.798593624072141,0.3960000000000001,1.799062429325165,0.3960000000000001,1.798830480897705,0.3960000000000001,1.799344309854875,0.3960000000000001,1.799474378753898,0.3960000000000001,1.799161097281758,0.3960000000000001,1.798925384456079,0.3960000000000001,1.79938551164725,0.3960000000000001,1.799525509891448,0.3960000000000001,1.799259579586229,0.3960000000000001,1.79921607745536,0.3960000000000001,1.799497753928875,0.3960000000000001,1.799358326454896,0.3960000000000001,0.3960000000000001,0.3960000000000001,0.3960000000000001,0.3960000000000001,0.3960000000000001,0.3960000000000001,0.3960000000000001,0.3960000000000001,0.3960000000000001,0.3960000000000001,0.3960000000000001,0.3960000000000001,0.3960000000000001,0.3960000000000001,0.3960000000000001,0.3960000000000001,0.3960000000000001,0.3960000000000001,0.3960000000000001,0.3960000000000001,0.3960000000000001,0.3960000000000001,0.3960000000000001,0.3960000000000001,0.3960000000000001,0.3960000000000001,0.3960000000000001,0.3960000000000001,0.3960000000000001,0.3960000000000001,0.3960000000000001,0.3960000000000001,0.3960000000000001,0.3960000000000001,0.3960000000000001,0.3960000000000001,0.3960000000000001,0.3960000000000001,0.3960000000000001,0.3960000000000001,0.3960000000000001,0.3960000000000001,0.3960000000000001,0.3960000000000001,0.3960000000000001,0.3960000000000001,0.3960000000000001,0.3960000000000001,0.3960000000000001,0.3960000000000001,0.3960000000000001,0.3960000000000001,0.3960000000000001,0.3960000000000001,0.3960000000000001,0.3960000000000001,0.3960000000000001,0.3960000000000001,0.3960000000000001,0.3960000000000001,0.3960000000000001,0.3960000000000001,0.3960000000000001,0.3960000000000001,0.3960000000000001,0.3960000000000001,0.3960000000000001,0.3960000000000001,0.3960000000000001,0.3960000000000001,0.3960000000000001,0.3960000000000001,0.3960000000000001,0.3960000000000001,0.3960000000000001,0.3960000000000001,0.3960000000000001,0.3960000000000001,0.3960000000000001
0.4320000000000002,0.1244292927799094,0.4320000000000002,0.1251179494925736,0.4320000000000002,0.1327612096166551,0.4320000000000002,0.1232942811138888,0.4320000000000002,0.129643697306186,0.4320000000000002,0.1195527824384216,0.4320000000000002,0.1305946638445049,0.4320000000000002,0.1224204613467784,0.4320000000000002,0.1316408682746333,0.4320000000000002,0.1339698396492479,0.4320000000000002,0.07179341298841968,0.4320000000000002,0.07158920066252508,0.4320000000000002,0.07655882219954736,0.4320000000000002,0.07092657156827088,0.4320000000000002,0.07509843634396753,0.4320000000000002,0.06854926387863197,0.4320000000000002,0.07510157719778068,0.4320000000000002,0.07053159959346635,0.4320000000000002,0.07593199021370425,0.4320000000000002,0.07758453398070317,0.4320000000000002,0.134231212825265,0.4320000000000002,0.1326243306608791,0.4320000000000002,0.1433006879841985,0.4320000000000002,0.1318903949957534,0.4320000000000002,0.1407742889985832,0.4320000000000002,0.1285588736217304,0.4320000000000002,0.1396087211771823,0.4320000000000002,0.1322952714941792,0.4320000000000002,0.141295247552461,0.4320000000000002,0.1424950162218981,0.4320000000000002,0.06930573295890331,0.4320000000000002,0.0681420396332057,0.4320000000000002,0.073987629123555,0.4320000000000002,0.06799678271310891,0.4320000000000002,0.07296565400754887,0.4320000000000002,0.06586834123380826,0.4320000000000002,0.07202965339193906,0.4320000000000002,0.0681309810872292,0.4320000000000002,0.07309164757062211,0.4320000000000002,0.07432731436491449,0.4320000000000002,1.76423787011154,0.4320000000000002,1.768480652584125,0.4320000000000002,1.75910899904476,0.4320000000000002,1.753599254274319,0.4320000000000002,1.765112644182417,0.4320000000000002,1.770052991138212,0.4320000000000002,1.761643434785692,0.4320000000000002,1.760504647815279,0.4320000000000002,1.769156532634963,0.4320000000000002,1.764347048003642,0.4320000000000002,1.775755227893536,0.4320000000000002,1.779207428485013,0.4320000000000002,1.771403077729609,0.4320000000000002,1.766504889240178,0.4320000000000002,1.776521188200432,0.4320000000000002,1.780481695934203,0.4320000000000002,1.773592257466239,0.4320000000000002,1.772613704249313,0.4320000000000002,1.779762107507588,0.4320000000000002,1.775881164721649,0.4320000000000002,1.797143741875641,0.4320000000000002,1.797628948009756,0.4320000000000002,1.79648720761281,0.4320000000000002,1.795677409968607,0.4320000000000002,1.797294775937578,0.4320000000000002,1.797824298740441,0.4320000000000002,1.796836432210351,0.4320000000000002,1.796681267342086,0.4320000000000002,1.797717707175934,0.4320000000000002,1.79719457263899,0.4320000000000002,1.798294603661534,0.4320000000000002,1.798612770878053,0.4320000000000002,1.797857389483942,0.4320000000000002,1.797310916521959,0.4320000000000002,1.798387543223392,0.4320000000000002,1.798735710866026,0.4320000000000002,1.798088830724285,0.4320000000000002,1.797986346242741,0.4320000000000002,1.798668336832088,0.4320000000000002,1.798322912907725,0.4320000000000002,0.4320000000000002,0.4320000000000002,0.4320000000000002,0.4320000000000002,0.4320000000000002,0.4320000000000002,0.4320000000000002,0.4320000000000002,0.4320000000000002,0.4320000000000002,0.4320000000000002,0.4320000000000002,0.4320000000000002,0.4320000000000002,0.4320000000000002,0.4320000000000002,0.4320000000000002,0.4320000000000002,0.4320000000000002,0.4320000000000002,0.4320000000000002,0.4320000000000002,0.4320000000000002,0.4320000000000002,0.4320000000000002,0.4320000000000002,0.4320000000000002,0.4320000000000002,0.4320000000000002,0.4320000000000002,0.4320000000000002,0.4320000000000002,0.4320000000000002,0.4320000000000002,0.4320000000000002,0.4320000000000002,0.4320000000000002,0.4320000000000002,0.4320000000000002,0.4320000000000002,0.4320000000000002,0.4320000000000002,0.4320000000000002,0.4320000000000002,0.4320000000000002,0.4320000000000002,0.4320000000000002,0.4320000000000002,0.4320000000000002,0.4320000000000002,0.4320000000000002,0.4320000000000002,0.4320000000000002,0.4320000000000002,0.4320000000000002,0.4320000000000002,0.4320000000000002,0.4320000000000002,0.4320000000000002,0.4320000000000002,0.4320000000000002,0.4320000000000002,0.4320000000000002,0.4320000000000002,0.4320000000000002,0.4320000000000002,0.4320000000000002,0.4320000000000002,0.4320000000000002,0.4320000000000002,0.4320000000000002,0.4320000000000002,0.4320000000000002,0.4320000000000002,0.4320000000000002,0.4320000000000002,0.4320000000000002,0.4320000000000002,0.4320000000000002
0.4680000000000002,0.1125246630954514,0.4680000000000002,0.1139663254003772,0.4680000000000002,0.1202467788901695,0.4680000000000002,0.11180317444926,0.4680000000000002,0.1171500910406956,0.4680000000000002,0.1080230651128029,0.4680000000000002,0.1187053052059935,0.4680000000000002,0.1105648509623181,0.4680000000000002,0.1195005760638964,0.4680000000000002,0.1222894895842515,0.4680000000000002,0.06451481480797779,0.4680000000000002,0.06479107491000553,0.4680000000000002,0.06893711557272586,0.4680000000000002,0.06391303801672094,0.4680000000000002,0.06744514411144512,0.4680000000000002,0.061529382343485,0.4680000000000002,0.06785802182546803,0.4680000000000002,0.06328733481632234,0.4680000000000002,0.06852579248309641,0.4680000000000002,0.07041352600870357,0.4680000000000002,0.1244260164484639,0.4680000000000002,0.1231382608432152,0.4680000000000002,0.1329256291192986,0.4680000000000002,0.12236302682158,0.4680000000000002,0.1304990111523874,0.4680000000000002,0.1190378628644515,0.4680000000000002,0.1296264492988465,0.4680000000000002,0.1225308653089914,0.4680000000000002,0.1311868237885856,0.4680000000000002,0.1326348653823093,0.4680000000000002,0.0633650217780042,0.4680000000000002,0.062339881520837,0.4680000000000002,0.06771961269739547,0.4680000000000002,0.06219125914427019,0.4680000000000002,0.06676642425106004,0.4680000000000002,0.06010355927767842,0.4680000000000002,0.06595520477448485,0.4680000000000002,0.0622282738755022,0.4680000000000002,0.06695044098425579,0.4680000000000002,0.06827172422609856,0.4680000000000002,1.739766373162482,0.4680000000000002,1.746119203434184,0.4680000000000002,1.732354299701338,0.4680000000000002,1.724747400812369,0.4680000000000002,1.740689809705182,0.4680000000000002,1.748286619814742,0.4680000000000002,1.735876439612601,0.4680000000000002,1.734292473684385,0.4680000000000002,1.747016276142296,0.4680000000000002,1.739636846612153,0.4680000000000002,1.753825615963575,0.4680000000000002,1.759820464416992,0.4680000000000002,1.746533597352576,0.4680000000000002,1.738707540405254,0.4680000000000002,1.754827293171362,0.4680000000000002,1.761892697335893,0.4680000000000002,1.750073326314834,0.4680000000000002,1.748487945519263,0.4680000000000002,1.760694568182803,0.4680000000000002,1.753793722738964,0.4680000000000002,1.793610763550804,0.4680000000000002,1.794624343403928,0.4680000000000002,1.792271174149893,0.4680000000000002,1.790666599123693,0.4680000000000002,1.793901510248,0.4680000000000002,1.795024504234997,0.4680000000000002,1.792972804908967,0.4680000000000002,1.792660325221317,0.4680000000000002,1.794804126680994,0.4680000000000002,1.793698147695897,0.4680000000000002,1.795855451558855,0.4680000000000002,1.796582019152856,0.4680000000000002,1.794879950610926,0.4680000000000002,1.793694245923507,0.4680000000000002,1.796046985437438,0.4680000000000002,1.796855496021441,0.4680000000000002,1.795387647059415,0.4680000000000002,1.795162408888748,0.4680000000000002,1.796703968735698,0.4680000000000002,1.795904319726785,0.4680000000000002,0.4680000000000002,0.4680000000000002,0.4680000000000002,0.4680000000000002,0.4680000000000002,0.4680000000000002,0.4680000000000002,0.4680000000000002,0.4680000000000002,0.4680000000000002,0.4680000000000002,0.4680000000000002,0.4680000000000002,0.4680000000000002,0.4680000000000002,0.4680000000000002,0.4680000000000002,0.4680000000000002,0.4680000000000002,0.4680000000000002,0.4680000000000002,0.4680000000000002,0.4680000000000002,0.4680000000000002,0.4680000000000002,0.4680000000000002,0.4680000000000002,0.4680000000000002,0.4680000000000002,0.4680000000000002,0.4680000000000002,0.4680000000000002,0.4680000000000002,0.4680000000000002,0.4680000000000002,0.4680000000000002,0.4680000000000002,0.4680000000000002,0.4680000000000002,0.4680000000000002,0.4680000000000002,0.4680000000000002,0.4680000000000002,0.4680000000000002,0.4680000000000002,0.4680000000000002,0.4680000000000002,0.4680000000000002,0.4680000000000002,0.4680000000000002,0.4680000000000002,0.4680000000000002,0.4680000000000002,0.4680000000000002,0.4680000000000002,0.4680000000000002,0.4680000000000002,0.4680000000000002,0.4680000000000002,0.4680000000000002,0.4680000000000002,0.4680000000000002,0.4680000000000002,0.4680000000000002,0.4680000000000002,0.4680000000000002,0.4680000000000002,0.4680000000000002,0.4680000000000002,0.4680000000000002,0.4680000000000002,0.4680000000000002,0.4680000000000002,0.4680000000000002,0.4680000000000002,0.4680000000000002,0.4680000000000002,0.4680000000000002,0.4680000000000002
0.5040000000000002,0.1007074859513953,0.5040000000000002,0.1024152909443035,0.5040000000000002,0.107602254053671,0.5040000000000002,0.1002150657677818,0.5040000000000002,0.1048004466016292,0.5040000000000002,0.09657064657318742,0.5040000000000002,0.1064983031825166,0.5040000000000002,0.09886687070235013,0.5040000000000002,0.1071398359652969,0.5040000000000002,0.1101896327167775,0.5040000000000002,0.05724114767308742,0.5040000000000002,0.05779683756264744,0.5040000000000002,0.06121975858527652,0.5040000000000002,0.05682054099153298,0.5040000000000002,0.05982699312760188,0.5040000000000002,0.05450944037117538,0.5040000000000002,0.06043883505169032,0.5040000000000002,0.05608124255838871,0.5040000000000002,0.06098295822725306,0.5040000000000002,0.06301781442761771,0.5040000000000002,0.1143918805121378,0.5040000000000002,0.1136357792876156,0.5040000000000002,0.1223837025192774,0.5040000000000002,0.1126922099013299,0.5040000000000002,0.1199447405865053,0.5040000000000002,0.1093202716478064,0.5040000000000002,0.1195674487289153,0.5040000000000002,0.112517425194616,0.5040000000000002,0.1209523214007106,0.5040000000000002,0.1227210501326785,0.5040000000000002,0.05744174692459926,0.5040000000000002,0.05664232968115927,0.5040000000000002,0.06149675396317505,0.5040000000000002,0.05643872994107223,0.5040000000000002,0.06056168117409202,0.5040000000000002,0.05437232773285686,0.5040000000000002,0.05996247963889331,0.5040000000000002,0.05633548279143025,0.5040000000000002,0.06087030042236884,0.5040000000000002,0.06230411096392378,0.5040000000000002,1.704961829164893,0.5040000000000002,1.713977008901238,0.5040000000000002,1.6947899976603,0.5040000000000002,1.684831558240517,0.5040000000000002,1.705590349634531,0.5040000000000002,1.716686656169268,0.5040000000000002,1.699389216687066,0.5040000000000002,1.697323503612031,0.5040000000000002,1.715033178828506,0.5040000000000002,1.704259295251052,0.5040000000000002,1.717940238752997,0.5040000000000002,1.727683443811352,0.5040000000000002,1.706501134909971,0.5040000000000002,1.694837693205653,0.5040000000000002,1.718828230377911,0.5040000000000002,1.730689142803909,0.5040000000000002,1.711787044790615,0.5040000000000002,1.709419497440536,0.5040000000000002,1.728885760725849,0.5040000000000002,1.717321310017666,0.5040000000000002,1.786609819824811,0.5040000000000002,1.788577382868227,0.5040000000000002,1.784083828058634,0.5040000000000002,1.781168410727779,0.5040000000000002,1.787112562729805,0.5040000000000002,1.789333469869908,0.5040000000000002,1.785379890663074,0.5040000000000002,1.78480103848948,0.5040000000000002,1.788911957573519,0.5040000000000002,1.78673260211752,0.5040000000000002,1.790538119801327,0.5040000000000002,1.792099907045208,0.5040000000000002,1.788491821111179,0.5040000000000002,1.786082134017216,0.5040000000000002,1.790897719565221,0.5040000000000002,1.792667421762273,0.5040000000000002,1.789535401804832,0.5040000000000002,1.789071559243454,0.5040000000000002,1.792348807715703,0.5040000000000002,1.790603362726039,0.5040000000000002,0.5040000000000002,0.5040000000000002,0.5040000000000002,0.5040000000000002,0.5040000000000002,0.5040000000000002,0.5040000000000002,0.5040000000000002,0.5040000000000002,0.5040000000000002,0.5040000000000002,0.5040000000000002,0.5040000000000002,0.5040000000000002,0.5040000000000002,0.5040000000000002,0.5040000000000002,0.5040000000000002,0.5040000000000002,0.5040000000000002,0.5040000000000002,0.5040000000000002,0.5040000000000002,0.5040000000000002,0.5040000000000002,0.5040000000000002,0.5040000000000002,0.5040000000000002,0.5040000000000002,0.5040000000000002,0.5040000000000002,0.5040000000000002,0.5040000000000002,0.5040000000000002,0.5040000000000002,0.5040000000000002,0.5040000000000002,0.5040000000000002,0.5040000000000002,0.5040000000000002,0.5040000000000002,0.5040000000000002,0.5040000000000002,0.5040000000000002,0.5040000000000002,0.5040000000000002,0.5040000000000002,0.5040000000000002,0.5040000000000002,0.5040000000000002,0.5040000000000002,0.5040000000000002,0.5040000000000002,0.5040000000000002,0.5040000000000002,0.5040000000000002,0.5040000000000002,0.5040000000000002,0.5040000000000002,0.5040000000000002,0.5040000000000002,0.5040000000000002,0.5040000000000002,0.5040000000000002,0.5040000000000002,0.5040000000000002,0.5040000000000002,0.5040000000000002,0.5040000000000002,0.5040000000000002,0.5040000000000002,0.5040000000000002,0.5040000000000002,0.5040000000000002,0.5040000000000002,0.5040000000000002,0.5040000000000002,0.5040000000000002,0.5040000000000002
0.5400000000000003,0.08961170445052964,0.5400000000000003,0.09115304800939411,0.5400000000000003,0.09560226913700957,0.5400000000000003,0.08920115856869418,0.5400000000000003,0.09325293569535845,0.5400000000000003,0.08580813500919782,0.5400000000000003,0.09472677996415885,0.5400000000000003,0.08792498070395151,0.5400000000000003,0.09531782323098054,0.5400000000000003,0.09838689930565081,0.5400000000000003,0.05030947042807934,0.5400000000000003,0.05090440417854283,0.5400000000000003,0.05379575276358229,0.5400000000000003,0.0499812079244614,0.5400000000000003,0.05260096540220892,0.5400000000000003,0.04780987152462144,0.5400000000000003,0.05319795984899462,0.5400000000000003,0.04923891937988441,0.5400000000000003,0.05367521597045061,0.5400000000000003,0.05573306743745592,0.5400000000000003,0.1038833336093945,0.5400000000000003,0.1038831723269507,0.5400000000000003,0.1113957277441373,0.5400000000000003,0.1026294383477718,0.5400000000000003,0.1088599733593529,0.5400000000000003,0.09916768207820131,0.5400000000000003,0.1091690738352308,0.5400000000000003,0.1020192391727648,0.5400000000000003,0.1103210770238698,0.5400000000000003,0.1125004876529032,0.5400000000000003,0.05144265318345499,0.5400000000000003,0.05096657575902772,0.5400000000000003,0.05520843449330832,0.5400000000000003,0.0506475781637069,0.5400000000000003,0.05425028522669152,0.5400000000000003,0.04858963092169383,0.5400000000000003,0.05395227643834412,0.5400000000000003,0.05036495534394875,0.5400000000000003,0.05474579675146592,0.5400000000000003,0.05632633192092428,0.5400000000000003,1.657367182110937,0.5400000000000003,1.669880366998955,0.5400000000000003,1.643679436760713,0.5400000000000003,1.630947762086419,0.5400000000000003,1.657091191908737,0.5400000000000003,1.672996127199309,0.5400000000000003,1.649486379511691,0.5400000000000003,1.646891769093415,0.5400000000000003,1.670971799776003,0.5400000000000003,1.655512813851367,0.5400000000000003,1.662000569962564,0.5400000000000003,1.677447598856987,0.5400000000000003,1.644402014098847,0.5400000000000003,1.627418615281046,0.5400000000000003,1.661800300936602,0.5400000000000003,1.681368212191133,0.5400000000000003,1.651988466947072,0.5400000000000003,1.64860183347884,0.5400000000000003,1.67886264759941,0.5400000000000003,1.6597756253657,0.5400000000000003,1.773848587491085,0.5400000000000003,1.777356511899854,0.5400000000000003,1.769497494008197,0.5400000000000003,1.76469257586224,0.5400000000000003,1.774593098002423,0.5400000000000003,1.778646445049946,0.5400000000000003,1.771667505050011,0.5400000000000003,1.770695697143786,0.5400000000000003,1.777914521453018,0.5400000000000003,1.773952083341212,0.5400000000000003,1.779660613254588,0.5400000000000003,1.782812523586828,0.5400000000000003,1.775650334248402,0.5400000000000003,1.771113492908493,0.5400000000000003,1.780249896274748,0.5400000000000003,1.78390237151442,0.5400000000000003,1.777640017697205,0.5400000000000003,1.776753854398517,0.5400000000000003,1.783279391765608,0.5400000000000003,1.779687809305404,0.5400000000000003,0.5400000000000003,0.5400000000000003,0.5400000000000003,0.5400000000000003,0.5400000000000003,0.5400000000000003,0.5400000000000003,0.5400000000000003,0.5400000000000003,0.5400000000000003,0.5400000000000003,0.5400000000000003,0.5400000000000003,0.5400000000000003,0.5400000000000003,0.5400000000000003,0.5400000000000003,0.5400000000000003,0.5400000000000003,0.5400000000000003,0.5400000000000003,0.5400000000000003,0.5400000000000003,0.5400000000000003,0.5400000000000003,0.5400000000000003,0.5400000000000003,0.5400000000000003,0.5400000000000003,0.5400000000000003,0.5400000000000003,0.5400000000000003,0.5400000000000003,0.5400000000000003,0.5400000000000003,0.5400000000000003,0.5400000000000003,0.5400000000000003,0.5400000000000003,0.5400000000000003,0.5400000000000003,0.5400000000000003,0.5400000000000003,0.5400000000000003,0.5400000000000003,0.5400000000000003,0.5400000000000003,0.5400000000000003,0.5400000000000003,0.5400000000000003,0.5400000000000003,0.5400000000000003,0.5400000000000003,0.5400000000000003,0.5400000000000003,0.5400000000000003,0.5400000000000003,0.5400000000000003,0.5400000000000003,0.5400000000000003,0.5400000000000003,0.5400000000000003,0.5400000000000003,0.5400000000000003,0.5400000000000003,0.5400000000000003,0.5400000000000003,0.5400000000000003,0.5400000000000003,0.5400000000000003,0.5400000000000003,0.5400000000000003,0.5400000000000003,0.5400000000000003,0.5400000000000003,0.5400000000000003,0.5400000000000003,0.5400000000000003,0.5400000000000003
0.5760000000000003,0.079503653712171,0.5760000000000003,0.08070764975482134,0.5760000000000003,0.0846563219227727,0.5760000000000003,0.07910873057835316,0.5760000000000003,0.08276593077583394,0.5760000000000003,0.07599751206932752,0.5760000000000003,0.08389245423825518,0.5760000000000003,0.07797194915929828,0.5760000000000003,0.08448171490294133,0.5760000000000003,0.08743783884835912,0.5760000000000003,0.04392441210145261,0.5760000000000003,0.04441151177713495,0.5760000000000003,0.04693256135000943,0.5760000000000003,0.04363321762630448,0.5760000000000003,0.04596789289616079,0.5760000000000003,0.04163334334780582,0.5760000000000003,0.04643443224229644,0.5760000000000003,0.04294977705235051,0.5760000000000003,0.04688314664864333,0.5760000000000003,0.04887638281963605,0.5760000000000003,0.09288807066668968,0.5760000000000003,0.09366928984942831,0.5760000000000003,0.09983699424335325,0.5760000000000003,0.09207038907233683,0.5760000000000003,0.09726414370826707,0.5760000000000003,0.08855918336092686,0.5760000000000003,0.09823832313275439,0.5760000000000003,0.09106385577686463,0.5760000000000003,0.09913494210651713,0.5760000000000003,0.1017559640615423,0.5760000000000003,0.04537463703743734,0.5760000000000003,0.04524295259504563,0.5760000000000003,0.04881829009858826,0.5760000000000003,0.04478803289840381,0.5760000000000003,0.04785572805217281,0.5760000000000003,0.04275781887894271,0.5760000000000003,0.04785911667402582,0.5760000000000003,0.04433846842284656,0.5760000000000003,0.04852492080268812,0.5760000000000003,0.05025716917385802,0.5760000000000003,1.592716148130918,0.5760000000000003,1.610338426853632,0.5760000000000003,1.573939040023058,0.5760000000000003,1.557500722617986,0.5760000000000003,1.590361816210895,0.5760000000000003,1.6136307280689,0.5760000000000003,1.581272993192275,0.5760000000000003,1.57807195242365,0.5760000000000003,1.61123937238636,0.5760000000000003,1.588568328278607,0.5760000000000003,1.573755150431782,0.5760000000000003,1.599648742725135,0.5760000000000003,1.543749361658827,0.5760000000000003,1.516750024233174,0.5760000000000003,1.568895528718232,0.5760000000000003,1.604231424191149,0.5760000000000003,1.555202754395331,0.5760000000000003,1.550161578141717,0.5760000000000003,1.600896386754386,0.5760000000000003,1.566314140151355,0.5760000000000003,1.752561135590949,0.5760000000000003,1.75831444431502,0.5760000000000003,1.745681988978125,0.5760000000000003,1.738444793806044,0.5760000000000003,1.753439445236143,0.5760000000000003,1.760275821448044,0.5760000000000003,1.748982923380221,0.5760000000000003,1.747502306811985,0.5760000000000003,1.759133283086818,0.5760000000000003,1.752469922598083,0.5760000000000003,1.758913374045674,0.5760000000000003,1.764862671791633,0.5760000000000003,1.751596971596002,0.5760000000000003,1.743715194167837,0.5760000000000003,1.759661040467714,0.5760000000000003,1.766759550284408,0.5760000000000003,1.755085739766294,0.5760000000000003,1.753529728247584,0.5760000000000003,1.765644638102241,0.5760000000000003,1.758684531683591,0.5760000000000003,0.5760000000000003,0.5760000000000003,0.5760000000000003,0.5760000000000003,0.5760000000000003,0.5760000000000003,0.5760000000000003,0.5760000000000003,0.5760000000000003,0.5760000000000003,0.5760000000000003,0.5760000000000003,0.5760000000000003,0.5760000000000003,0.5760000000000003,0.5760000000000003,0.5760000000000003,0.5760000000000003,0.5760000000000003,0.5760000000000003,0.5760000000000003,0.5760000000000003,0.5760000000000003,0.5760000000000003,0.5760000000000003,0.5760000000000003,0.5760000000000003,0.5760000000000003,0.5760000000000003,0.5760000000000003,0.5760000000000003,0.5760000000000003,0.5760000000000003,0.5760000000000003,0.5760000000000003,0.5760000000000003,0.5760000000000003,0.5760000000000003,0.5760000000000003,0.5760000000000003,0.5760000000000003,0.5760000000000003,0.5760000000000003,0.5760000000000003,0.5760000000000003,0.5760000000000003,0.5760000000000003,0.5760000000000003,0.5760000000000003,0.5760000000000003,0.5760000000000003,0.5760000000000003,0.5760000000000003,0.5760000000000003,0.5760000000000003,0.5760000000000003,0.5760000000000003,0.5760000000000003,0.5760000000000003,0.5760000000000003,0.5760000000000003,0.5760000000000003,0.5760000000000003,0.5760000000000003,0.5760000000000003,0.5760000000000003,0.5760000000000003,0.5760000000000003,0.5760000000000003,0.5760000000000003,0.5760000000000003,0.5760000000000003,0.5760000000000003,0.5760000000000003,0.5760000000000003,0.5760000000000003,0.5760000000000003,0.5760000000000003,0.5760000000000003
0.6120000000000003,0.07040582025081141,0.6120000000000003,0.07125603797566185,0.6120000000000003,0.07483228008848307,0.6120000000000003,0.07000512208207403,0.6120000000000003,0.0733462048735395,0.6120000000000003,0.06716591170155528,0.6120000000000003,0.07412995801019032,0.6120000000000003,0.06901722711640616,0.6120000000000003,0.07472974680519277,0.6120000000000003,0.07752495890612243,0.6120000000000003,0.03815627931957698,0.6120000000000003,0.03848195887070106,0.6120000000000003,0.04073329338682144,0.6120000000000003,0.03787650389963838,0.6120000000000003,0.0399876743895954,0.6120000000000003,0.03605361001954558,0.6120000000000003,0.04028998995602893,0.6120000000000003,0.03727432488320049,0.6120000000000003,0.04072749146579716,0.6120000000000003,0.04261207357098748,0.6120000000000003,0.0818874439388444,0.6120000000000003,0.08309356999046019,0.6120000000000003,0.0880775630138812,0.6120000000000003,0.08135645881132443,0.6120000000000003,0.08570455579040032,0.6120000000000003,0.07794712517388699,0.6120000000000003,0.08697580272433815,0.6120000000000003,0.08016910057901218,0.6120000000000003,0.0876807771568746,0.6120000000000003,0.09060047568670827,0.6120000000000003,0.03941054808634396,0.6120000000000003,0.039513682378057,0.6120000000000003,0.04247597650591601,0.6120000000000003,0.03898219931511199,0.6120000000000003,0.0415847141940253,0.6120000000000003,0.03703079898184959,0.6120000000000003,0.04176726809202462,0.6120000000000003,0.03843796790232522,0.6120000000000003,0.04232474270925558,0.6120000000000003,0.0441505857752498,0.6120000000000003,1.501682523885516,0.6120000000000003,1.528237268070785,0.6120000000000003,1.473670506363936,0.6120000000000003,1.451458995657315,0.6120000000000003,1.494518630205519,0.6120000000000003,1.531340898628349,0.6120000000000003,1.483659125477731,0.6120000000000003,1.480103891251837,0.6120000000000003,1.528412221076892,0.6120000000000003,1.492269050315234,0.6120000000000003,1.401165704770832,0.6120000000000003,1.463681300995413,0.6120000000000003,1.318801746981598,0.6120000000000003,1.273547414201891,0.6120000000000003,1.371604323753875,0.6120000000000003,1.467673897450221,0.6120000000000003,1.347984554967566,0.6120000000000003,1.343992865225421,0.6120000000000003,1.462737822576914,0.6120000000000003,1.365322330549104,0.6120000000000003,1.719649754263543,0.6120000000000003,1.728516307376572,0.6120000000000003,1.70942086716377,0.6120000000000003,1.699203117216029,0.6120000000000003,1.720298640289743,0.6120000000000003,1.731181682648702,0.6120000000000003,1.71408001886689,0.6120000000000003,1.711991127054781,0.6120000000000003,1.729564793264068,0.6120000000000003,1.718970792952879,0.6120000000000003,1.721812083878376,0.6120000000000003,1.73249277451203,0.6120000000000003,1.709109171432922,0.6120000000000003,1.696167505173944,0.6120000000000003,1.722197347175737,0.6120000000000003,1.735438814387777,0.6120000000000003,1.714821112206861,0.6120000000000003,1.712275929392162,0.6120000000000003,1.733623067342934,0.6120000000000003,1.720660385222807,0.6120000000000003,0.6120000000000003,0.6120000000000003,0.6120000000000003,0.6120000000000003,0.6120000000000003,0.6120000000000003,0.6120000000000003,0.6120000000000003,0.6120000000000003,0.6120000000000003,0.6120000000000003,0.6120000000000003,0.6120000000000003,0.6120000000000003,0.6120000000000003,0.6120000000000003,0.6120000000000003,0.6120000000000003,0.6120000000000003,0.6120000000000003,0.6120000000000003,0.6120000000000003,0.6120000000000003,0.6120000000000003,0.6120000000000003,0.6120000000000003,0.6120000000000003,0.6120000000000003,0.6120000000000003,0.6120000000000003,0.6120000000000003,0.6120000000000003,0.6120000000000003,0.6120000000000003,0.6120000000000003,0.6120000000000003,0.6120000000000003,0.6120000000000003,0.6120000000000003,0.6120000000000003,0.6120000000000003,0.6120000000000003,0.6120000000000003,0.6120000000000003,0.6120000000000003,0.6120000000000003,0.6120000000000003,0.6120000000000003,0.6120000000000003,0.6120000000000003,0.6120000000000003,0.6120000000000003,0.6120000000000003,0.6120000000000003,0.6120000000000003,0.6120000000000003,0.6120000000000003,0.6120000000000003,0.6120000000000003,0.6120000000000003,0.6120000000000003,0.6120000000000003,0.6120000000000003,0.6120000000000003,0.6120000000000003,0.6120000000000003,0.6120000000000003,0.6120000000000003,0.6120000000000003,0.6120000000000003,0.6120000000000003,0.6120000000000003,0.6120000000000003,0.6120000000000003,0.6120000000000003,0.6120000000000003,0.6120000000000003,0.6120000000000003,0.6120000000000003
0.6480000000000004,0.06224738153340592,0.6480000000000004,0.06278503574680355,0.6480000000000004,0.0660585222511216,0.6480000000000004,0.0618381188114133,0.6480000000000004,0.06490994751517307,0.6480000000000004,0.05924793535473518,0.6480000000000004,0.06539837877494968,0.6480000000000004,0.06098693956984443,0.6480000000000004,0.06600651334443328,0.6480000000000004,0.06863041694333391,0.6480000000000004,0.03299617063906111,0.6480000000000004,0.03316077134777606,0.6480000000000004,0.03519898809025576,0.6480000000000004,0.03271966729609274,0.6480000000000004,0.03464328016433733,0.6480000000000004,0.03106545346266826,0.6480000000000004,0.0347903021656381,0.6480000000000004,0.03219998158705703,0.6480000000000004,0.0352207399667465,0.6480000000000004,0.03698107685062768,0.6480000000000004,0.07152474507920235,0.6480000000000004,0.07271071509355076,0.6480000000000004,0.07685730967538931,0.6480000000000004,0.07111949866943514,0.6480000000000004,0.07486846891903001,0.6480000000000004,0.06794189473546773,0.6480000000000004,0.07603926734034827,0.6480000000000004,0.06995446159315291,0.6480000000000004,0.07665602384526259,0.6480000000000004,0.07963156870957383,0.6480000000000004,0.03378164023349531,0.6480000000000004,0.03395844541970883,0.6480000000000004,0.03643961166660543,0.6480000000000004,0.03344682180900008,0.6480000000000004,0.03568836494419016,0.6480000000000004,0.03162417953085417,0.6480000000000004,0.03590007224469922,0.6480000000000004,0.03288937455155583,0.6480000000000004,0.03638654821893124,0.6480000000000004,0.0382160244234622,0.6480000000000004,1.365416249607838,0.6480000000000004,1.40830565175463,0.6480000000000004,1.321465254693498,0.6480000000000004,1.304618110397633,0.6480000000000004,1.353030966639704,0.6480000000000004,1.412134764913815,0.6480000000000004,1.340674383743841,0.6480000000000004,1.345419034624637,0.6480000000000004,1.405534452111741,0.6480000000000004,1.342513185637495,0.6480000000000004,1.181078291415788,0.6480000000000004,1.224954225629878,0.6480000000000004,1.140929182778329,0.6480000000000004,1.135805782902854,0.6480000000000004,1.181383995662376,0.6480000000000004,1.239499701555209,0.6480000000000004,1.167070734147006,0.6480000000000004,1.18076980644132,0.6480000000000004,1.215920222329127,0.6480000000000004,1.158817162874457,0.6480000000000004,1.671056440861563,0.6480000000000004,1.68439333401715,0.6480000000000004,1.656156257565079,0.6480000000000004,1.642096468696302,0.6480000000000004,1.670644193859879,0.6480000000000004,1.687658205451087,0.6480000000000004,1.662474402001187,0.6480000000000004,1.659651415978345,0.6480000000000004,1.685538911004911,0.6480000000000004,1.668967254621445,0.6480000000000004,1.656689823563976,0.6480000000000004,1.676478085207792,0.6480000000000004,1.633814077384491,0.6480000000000004,1.61180059263643,0.6480000000000004,1.654638124368954,0.6480000000000004,1.680529488171092,0.6480000000000004,1.64318627713807,0.6480000000000004,1.639039930869458,0.6480000000000004,1.677784988352209,0.6480000000000004,1.652404803958133,0.6480000000000004,0.6480000000000004,0.6480000000000004,0.6480000000000004,0.6480000000000004,0.6480000000000004,0.6480000000000004,0.6480000000000004,0.6480000000000004,0.6480000000000004,0.6480000000000004,0.6480000000000004,0.6480000000000004,0.6480000000000004,0.6480000000000004,0.6480000000000004,0.6480000000000004,0.6480000000000004,0.6480000000000004,0.6480000000000004,0.6480000000000004,0.6480000000000004,0.6480000000000004,0.6480000000000004,0.6480000000000004,0.6480000000000004,0.6480000000000004,0.6480000000000004,0.6480000000000004,0.6480000000000004,0.6480000000000004,0.6480000000000004,0.6480000000000004,0.6480000000000004,0.6480000000000004,0.6480000000000004,0.6480000000000004,0.6480000000000004,0.6480000000000004,0.6480000000000004,0.6480000000000004,0.6480000000000004,0.6480000000000004,0.6480000000000004,0.6480000000000004,0.6480000000000004,0.6480000000000004,0.6480000000000004,0.6480000000000004,0.6480000000000004,0.6480000000000004,0.6480000000000004,0.6480000000000004,0.6480000000000004,0.6480000000000004,0.6480000000000004,0.6480000000000004,0.6480000000000004,0.6480000000000004,0.6480000000000004,0.6480000000000004,0.6480000000000004,0.6480000000000004,0.6480000000000004,0.6480000000000004,0.6480000000000004,0.6480000000000004,0.6480000000000004,0.6480000000000004,0.6480000000000004,0.6480000000000004,0.6480000000000004,0.6480000000000004,0.6480000000000004,0.6480000000000004,0.6480000000000004,0.6480000000000004,0.6480000000000004,0.6480000000000004,0.6480000000000004
0.6840000000000004,0.05493264993509468,0.6840000000000004,0.05521307819091902,0.6840000000000004,0.05822526926797669,0.6840000000000004,0.05451863457571467,0.6840000000000004,0.05735208336214703,0.6840000000000004,0.05215205780676494,0.6840000000000004,0.0576006348048185,0.6840000000000004,0.0537857406400101,0.6840000000000004,0.05821029976111286,0.6840000000000004,0.06066746392429149,0.6840000000000004,0.02840107387442208,0.6840000000000004,0.0284274683575841,0.6840000000000004,0.03028415404336049,0.6840000000000004,0.02812726434739233,0.6840000000000004,0.0298854233380503,0.6840000000000004,0.02662864023181234,0.6840000000000004,0.0299022709503897,0.6840000000000004,0.02768248798124259,0.6840000000000004,0.03032434667387603,0.6840000000000004,0.0319588785125384,0.6840000000000004,0.06213518367702336,0.6840000000000004,0.06307136387878394,0.6840000000000004,0.066658932161015,0.6840000000000004,0.06176821742233083,0.6840000000000004,0.06508834772000777,0.6840000000000004,0.05886936632632146,0.6840000000000004,0.06598132817900755,0.6840000000000004,0.06071979479265762,0.6840000000000004,0.06657238709356726,0.6840000000000004,0.06944419652926934,0.6840000000000004,0.02864844574694705,0.6840000000000004,0.02878141473566156,0.6840000000000004,0.03091112302534809,0.6840000000000004,0.02836004789154574,0.6840000000000004,0.03032771842841359,0.6840000000000004,0.02669406798406801,0.6840000000000004,0.03047192322507499,0.6840000000000004,0.02784261340874088,0.6840000000000004,0.03091801879441092,0.6840000000000004,0.03267802378489288,0.6840000000000004,1.235886190006328,0.6840000000000004,1.274257952948146,0.6840000000000004,1.197636464429132,0.6840000000000004,1.192278791993351,0.6840000000000004,1.232732965313016,0.6840000000000004,1.285345776824129,0.6840000000000004,1.220987632837865,0.6840000000000004,1.232647280222976,0.6840000000000004,1.266433749273786,0.6840000000000004,1.212956769887569,0.6840000000000004,1.092196833952026,0.6840000000000004,1.122328554030928,0.6840000000000004,1.058738462829752,0.6840000000000004,1.057085599418574,0.6840000000000004,1.097141171661781,0.6840000000000004,1.139052285627484,0.6840000000000004,1.083692059958103,0.6840000000000004,1.098259219792271,0.6840000000000004,1.114655258091126,0.6840000000000004,1.074633788240814,0.6840000000000004,1.59917822672266,0.6840000000000004,1.619961003136107,0.6840000000000004,1.576427167562886,0.6840000000000004,1.556291805715659,0.6840000000000004,1.595616306969823,0.6840000000000004,1.623518448585677,0.6840000000000004,1.585126534243761,0.6840000000000004,1.581272939488188,0.6840000000000004,1.620878856583643,0.6840000000000004,1.593643960585006,0.6840000000000004,1.526310234235483,0.6840000000000004,1.572833156914121,0.6840000000000004,1.46095430630532,0.6840000000000004,1.382926084207041,0.6840000000000004,1.506746883441397,0.6840000000000004,1.577319871154055,0.6840000000000004,1.484515080788551,0.6840000000000004,1.474561055257614,0.6840000000000004,1.573158148224402,0.6840000000000004,1.503600524477499,0.6840000000000004,0.6840000000000004,0.6840000000000004,0.6840000000000004,0.6840000000000004,0.6840000000000004,0.6840000000000004,0.6840000000000004,0.6840000000000004,0.6840000000000004,0.6840000000000004,0.6840000000000004,0.6840000000000004,0.6840000000000004,0.6840000000000004,0.6840000000000004,0.6840000000000004,0.6840000000000004,0.6840000000000004,0.6840000000000004,0.6840000000000004,0.6840000000000004,0.6840000000000004,0.6840000000000004,0.6840000000000004,0.6840000000000004,0.6840000000000004,0.6840000000000004,0.6840000000000004,0.6840000000000004,0.6840000000000004,0.6840000000000004,0.6840000000000004,0.6840000000000004,0.6840000000000004,0.6840000000000004,0.6840000000000004,0.6840000000000004,0.6840000000000004,0.6840000000000004,0.6840000000000004,0.6840000000000004,0.6840000000000004,0.6840000000000004,0.6840000000000004,0.6840000000000004,0.6840000000000004,0.6840000000000004,0.6840000000000004,0.6840000000000004,0.6840000000000004,0.6840000000000004,0.6840000000000004,0.6840000000000004,0.6840000000000004,0.6840000000000004,0.6840000000000004,0.6840000000000004,0.6840000000000004,0.6840000000000004,0.6840000000000004,0.6840000000000004,0.6840000000000004,0.6840000000000004,0.6840000000000004,0.6840000000000004,0.6840000000000004,0.6840000000000004,0.6840000000000004,0.6840000000000004,0.6840000000000004,0.6840000000000004,0.6840000000000004,0.6840000000000004,0.6840000000000004,0.6840000000000004,0.6840000000000004,0.6840000000000004,0.6840000000000004,0.6840000000000004
0.7200000000000004,0.04836589247577681,0.7200000000000004,0.04844300502453052,0.7200000000000004,0.05122060205670409,0.7200000000000004,0.04795255222223012,0.7200000000000004,0.05057004252018823,0.7200000000000004,0.04578659093100106,0.7200000000000004,0.05062966989418372,0.7200000000000004,0.04732022045353353,0.7200000000000004,0.05123445621739674,0.7200000000000004,0.05353362319739207,0.7200000000000004,0.0243174753775849,0.7200000000000004,0.02423434795212897,0.7200000000000004,0.02592906576358193,0.7200000000000004,0.02404890884057359,0.7200000000000004,0.02565670741165739,0.7200000000000004,0.02269172541739642,0.7200000000000004,0.02557151418066914,0.7200000000000004,0.02366897733348787,0.7200000000000004,0.0259817498834526,0.7200000000000004,0.02749489835661145,0.7200000000000004,0.05377924546042196,0.7200000000000004,0.05441115668135867,0.7200000000000004,0.05760148871747824,0.7200000000000004,0.05341687719151644,0.7200000000000004,0.05640655465998416,0.7200000000000004,0.05079475922776652,0.7200000000000004,0.056996297074528,0.7200000000000004,0.0525088482810868,0.7200000000000004,0.05758350798053884,0.7200000000000004,0.06028522393896014,0.7200000000000004,0.02407256675826733,0.7200000000000004,0.02411029645582565,0.7200000000000004,0.0259787316771034,0.7200000000000004,0.02380611371578811,0.7200000000000004,0.02555717223720251,0.7200000000000004,0.02230331237770302,0.7200000000000004,0.02559841159377369,0.7200000000000004,0.02335132127102419,0.7200000000000004,0.02602007194751834,0.7200000000000004,0.02766975751406537,0.7200000000000004,1.142256174644293,0.7200000000000004,1.174751730445881,0.7200000000000004,1.108167433877943,0.7200000000000004,1.105892140277082,0.7200000000000004,1.143081308253721,0.7200000000000004,1.188565947569631,0.7200000000000004,1.131588827891487,0.7200000000000004,1.145282930717129,0.7200000000000004,1.16641866363421,0.7200000000000004,1.121935350281404,0.7200000000000004,1.022339309023278,0.7200000000000004,1.048604065014804,0.7200000000000004,0.9917083545849085,0.7200000000000004,0.9908231275728703,0.7200000000000004,1.029694742626285,0.7200000000000004,1.065871915545598,0.7200000000000004,1.016252834786601,0.7200000000000004,1.030773301790262,0.7200000000000004,1.041529506165713,0.7200000000000004,1.006745805314624,0.7200000000000004,1.479925703973987,0.7200000000000004,1.52007727952655,0.7200000000000004,1.433812925135399,0.7200000000000004,1.393935484589218,0.7200000000000004,1.46327863501135,0.7200000000000004,1.522145859635782,0.7200000000000004,1.448734826920389,0.7200000000000004,1.442320147924926,0.7200000000000004,1.518938266840323,0.7200000000000004,1.461339078042941,0.7200000000000004,1.088952922458937,0.7200000000000004,1.172014694687859,0.7200000000000004,1.039610172109096,0.7200000000000004,1.031744029301069,0.7200000000000004,1.08268309069476,0.7200000000000004,1.177757648769469,0.7200000000000004,1.067194173494421,0.7200000000000004,1.0803076912842,0.7200000000000004,1.156786867409958,0.7200000000000004,1.060220950274153,0.7200000000000004,0.7200000000000004,0.7200000000000004,0.7200000000000004,0.7200000000000004,0.7200000000000004,0.7200000000000004,0.7200000000000004,0.7200000000000004,0.7200000000000004,0.7200000000000004,0.7200000000000004,0.7200000000000004,0.7200000000000004,0.7200000000000004,0.7200000000000004,0.7200000000000004,0.7200000000000004,0.7200000000000004,0.7200000000000004,0.7200000000000004,0.7200000000000004,0.7200000000000004,0.7200000000000004,0.7200000000000004,0.7200000000000004,0.7200000000000004,0.7200000000000004,0.7200000000000004,0.7200000000000004,0.7200000000000004,0.7200000000000004,0.7200000000000004,0.7200000000000004,0.7200000000000004,0.7200000000000004,0.7200000000000004,0.7200000000000004,0.7200000000000004,0.7200000000000004,0.7200000000000004,0.7200000000000004,0.7200000000000004,0.7200000000000004,0.7200000000000004,0.7200000000000004,0.7200000000000004,0.7200000000000004,0.7200000000000004,0.7200000000000004,0.7200000000000004,0.7200000000000004,0.7200000000000004,0.7200000000000004,0.7200000000000004,0.7200000000000004,0.7200000000000004,0.7200000000000004,0.7200000000000004,0.7200000000000004,0.7200000000000004,0.7200000000000004,0.7200000000000004,0.7200000000000004,0.7200000000000004,0.7200000000000004,0.7200000000000004,0.7200000000000004,0.7200000000000004,0.7200000000000004,0.7200000000000004,0.7200000000000004,0.7200000000000004,0.7200000000000004,0.7200000000000004,0.7200000000000004,0.7200000000000004,0.7200000000000004,0.7200000000000004,0.7200000000000004
0.7560000000000004,0.0424621526663851,0.7560000000000004,0.04238196942566885,0.7560000000000004,0.04494537288045554,0.7560000000000004,0.04205467200737412,0.7560000000000004,0.04447390311854633,0.7560000000000004,0.04006859590374739,0.7560000000000004,0.04438792878306382,0.7560000000000004,0.04150660992091708,0.7560000000000004,0.04498149899936953,0.7560000000000004,0.04713323506601832,0.7560000000000004,0.02069279560720098,0.7560000000000004,0.02052749465538948,0.7560000000000004,0.0220734448239243,0.7560000000000004,0.02043230814821871,0.7560000000000004,0.02190118935515822,0.7560000000000004,0.0192037442012612,0.7560000000000004,0.02173973509472387,0.7560000000000004,0.02010741596682098,0.7560000000000004,0.02213490620394518,0.7560000000000004,0.02353304686495413,0.7560000000000004,0.04639286886166559,0.7560000000000004,0.04674636400858266,0.7560000000000004,0.04962560033635242,0.7560000000000004,0.04602705750208925,0.7560000000000004,0.04874289553255487,0.7560000000000004,0.04366069223201344,0.7560000000000004,0.04906521220627051,0.7560000000000004,0.04525263431517896,0.7560000000000004,0.04965081861164576,0.7560000000000004,0.05216459159072392,0.7560000000000004,0.02004734480278143,0.7560000000000004,0.01998421482303051,0.7560000000000004,0.02164496319743421,0.7560000000000004,0.0197935664832545,0.7560000000000004,0.02136264523997644,0.7560000000000004,0.0184481181739831,0.7560000000000004,0.02130324543304067,0.7560000000000004,0.01940493703185402,0.7560000000000004,0.02170571677728605,0.7560000000000004,0.02322886129526001,0.7560000000000004,1.063712240077824,0.7560000000000004,1.093114632166883,0.7560000000000004,1.031695062817954,0.7560000000000004,1.0304476790999,0.7560000000000004,1.066427060818614,0.7560000000000004,1.107660571085834,0.7560000000000004,1.054916858387523,0.7560000000000004,1.068854754295524,0.7560000000000004,1.085153955034071,0.7560000000000004,1.045063259453249,0.7560000000000004,0.9595177116247169,0.7560000000000004,0.9838838579311243,0.7560000000000004,0.9301463607077336,0.7560000000000004,0.9296004069690097,0.7560000000000004,0.968021156905002,0.7560000000000004,1.00145512495987,0.7560000000000004,0.9544769513210499,0.7560000000000004,0.9689115422227759,0.7560000000000004,0.9772153844055326,0.7560000000000004,0.9451226155391118,0.7560000000000004,1.158110373374021,0.7560000000000004,1.284883788759073,0.7560000000000004,1.092887485583751,0.7560000000000004,1.07887505751744,0.7560000000000004,1.133057675329817,0.7560000000000004,1.275988850950108,0.7560000000000004,1.119618017993422,0.7560000000000004,1.129398721505256,0.7560000000000004,1.269646669369978,0.7560000000000004,1.114591433683637,0.7560000000000004,0.9878635378607279,0.7560000000000004,1.018604762209508,0.7560000000000004,0.9547811511970216,0.7560000000000004,0.9532881033067392,0.7560000000000004,0.9940455998355276,0.7560000000000004,1.035804368972912,0.7560000000000004,0.9802080842328956,0.7560000000000004,0.9950814732294522,0.7560000000000004,1.010834666577233,0.7560000000000004,0.9705380942883196,0.7560000000000004,0.7560000000000004,0.7560000000000004,0.7560000000000004,0.7560000000000004,0.7560000000000004,0.7560000000000004,0.7560000000000004,0.7560000000000004,0.7560000000000004,0.7560000000000004,0.7560000000000004,0.7560000000000004,0.7560000000000004,0.7560000000000004,0.7560000000000004,0.7560000000000004,0.7560000000000004,0.7560000000000004,0.7560000000000004,0.7560000000000004,0.7560000000000004,0.7560000000000004,0.7560000000000004,0.7560000000000004,0.7560000000000004,0.7560000000000004,0.7560000000000004,0.7560000000000004,0.7560000000000004,0.7560000000000004,0.7560000000000004,0.7560000000000004,0.7560000000000004,0.7560000000000004,0.7560000000000004,0.7560000000000004,0.7560000000000004,0.7560000000000004,0.7560000000000004,0.7560000000000004,0.7560000000000004,0.7560000000000004,0.7560000000000004,0.7560000000000004,0.7560000000000004,0.7560000000000004,0.7560000000000004,0.7560000000000004,0.7560000000000004,0.7560000000000004,0.7560000000000004,0.7560000000000004,0.7560000000000004,0.7560000000000004,0.7560000000000004,0.7560000000000004,0.7560000000000004,0.7560000000000004,0.7560000000000004,0.7560000000000004,0.7560000000000004,0.7560000000000004,0.7560000000000004,0.7560000000000004,0.7560000000000004,0.7560000000000004,0.7560000000000004,0.7560000000000004,0.7560000000000004,0.7560000000000004,0.7560000000000004,0.7560000000000004,0.7560000000000004,0.7560000000000004,0.7560000000000004,0.7560000000000004,0.7560000000000004,0.7560000000000004,0.7560000000000004
0.7920000000000005,0.03714694629410371,0.7920000000000005,0.03694771383554745,0.7920000000000005,0.03931306998803903,0.7920000000000005,0.03674965772726307,0.7920000000000005,0.03898532955665133,0.7920000000000005,0.03492597576692291,0.7920000000000005,0.03878921460631184,0.7920000000000005,0.03627234051373689,0.7920000000000005,0.03936669564888474,0.7920000000000005,0.04138074070793205,0.7920000000000005,0.01747898704983915,0.7920000000000005,0.0172550977438664,0.7920000000000005,0.01866256753657368,0.7920000000000005,0.0172292590718119,0.7920000000000005,0.01856859452629528,0.7920000000000005,0.01611802509783292,0.7920000000000005,0.0183527532290398,0.7920000000000005,0.01695081772702368,0.7920000000000005,0.0187299888583075,0.7920000000000005,0.02001964898321764,0.7920000000000005,0.03987492778047923,0.7920000000000005,0.03999953416371654,0.7920000000000005,0.04261700426382757,0.7920000000000005,0.03950757323645655,0.7920000000000005,0.04198484469707148,0.7920000000000005,0.03737142326916429,0.7920000000000005,0.04209156786889941,0.7920000000000005,0.03884997633264972,0.7920000000000005,0.04267085553352671,0.7920000000000005,0.04499919472711859,0.7920000000000005,0.01653337409519714,0.7920000000000005,0.01638532258816007,0.7920000000000005,0.01786908282673347,0.7920000000000005,0.01629058630718801,0.7920000000000005,0.01769903865775565,0.7920000000000005,0.01509170626971993,0.7920000000000005,0.0175574469346606,0.7920000000000005,0.01596295117020429,0.7920000000000005,0.01794057106226919,0.7920000000000005,0.01933453750315432,0.7920000000000005,0.9920628551367838,0.7920000000000005,1.019551205567146,0.7920000000000005,0.9613119604683902,0.7920000000000005,0.9605627586239832,0.7920000000000005,0.9960726602263164,0.7920000000000005,1.034556003925111,0.7920000000000005,0.9844313814490375,0.7920000000000005,0.9984299791182336,0.7920000000000005,1.01192116608286,0.7920000000000005,0.9745982525367988,0.7920000000000005,0.9002679417850726,0.7920000000000005,0.9234211734216332,0.7920000000000005,0.8716799017110631,0.7920000000000005,0.8712748783192334,0.7920000000000005,0.909638183511788,0.7920000000000005,0.9412557422436353,0.7920000000000005,0.8959237927736817,0.7920000000000005,0.9102739651766755,0.7920000000000005,0.917063889599131,0.7920000000000005,0.8867460008283363,0.7920000000000005,1.017967560228161,0.7920000000000005,1.055491154229654,0.7920000000000005,0.9812978852797416,0.7920000000000005,0.9787412965264137,0.7920000000000005,1.017640720435002,0.7920000000000005,1.069002803509484,0.7920000000000005,1.00572536594081,0.7920000000000005,1.020035344180747,0.7920000000000005,1.046041335095417,0.7920000000000005,0.9956642426237787,0.7920000000000005,0.9222266118516012,0.7920000000000005,0.9474169672772709,0.7920000000000005,0.8922110397099026,0.7920000000000005,0.8918945452551261,0.7920000000000005,0.9309508990743693,0.7920000000000005,0.965432013141586,0.7920000000000005,0.9171396439556698,0.7920000000000005,0.9320991005957316,0.7920000000000005,0.9404420065412349,0.7920000000000005,0.9073861217226784,0.7920000000000005,0.7920000000000005,0.7920000000000005,0.7920000000000005,0.7920000000000005,0.7920000000000005,0.7920000000000005,0.7920000000000005,0.7920000000000005,0.7920000000000005,0.7920000000000005,0.7920000000000005,0.7920000000000005,0.7920000000000005,0.7920000000000005,0.7920000000000005,0.7920000000000005,0.7920000000000005,0.7920000000000005,0.7920000000000005,0.7920000000000005,0.7920000000000005,0.7920000000000005,0.7920000000000005,0.7920000000000005,0.7920000000000005,0.7920000000000005,0.7920000000000005,0.7920000000000005,0.7920000000000005,0.7920000000000005,0.7920000000000005,0.7920000000000005,0.7920000000000005,0.7920000000000005,0.7920000000000005,0.7920000000000005,0.7920000000000005,0.7920000000000005,0.7920000000000005,0.7920000000000005,0.7920000000000005,0.7920000000000005,0.7920000000000005,0.7920000000000005,0.7920000000000005,0.7920000000000005,0.7920000000000005,0.7920000000000005,0.7920000000000005,0.7920000000000005,0.7920000000000005,0.7920000000000005,0.7920000000000005,0.7920000000000005,0.7920000000000005,0.7920000000000005,0.7920000000000005,0.7920000000000005,0.7920000000000005,0.7920000000000005,0.7920000000000005,0.7920000000000005,0.7920000000000005,0.7920000000000005,0.7920000000000005,0.7920000000000005,0.7920000000000005,0.7920000000000005,0.7920000000000005,0.7920000000000005,0.7920000000000005,0.7920000000000005,0.7920000000000005,0.7920000000000005,0.7920000000000005,0.7920000000000005,0.7920000000000005,0.7920000000000005,0.7920000000000005
0.8280000000000005,0.03235676984272409,0.8280000000000005,0.03206951812232425,0.8280000000000005,0.03425048967293173,0.8280000000000005,0.03197307451008968,0.8280000000000005,0.03403780924839449,0.8280000000000005,0.03029703374570142,0.8280000000000005,0.03376018328939269,0.8280000000000005,0.0315553760698155,0.8280000000000005,0.03431780950644379,0.8280000000000005,0.03620281774970845,0.8280000000000005,0.0146340047089945,0.8280000000000005,0.01437104868729243,0.8280000000000005,0.01564858176759873,0.8280000000000005,0.01439722188908814,0.8280000000000005,0.01561500029218775,0.8280000000000005,0.01339376421907727,0.8280000000000005,0.01536272672712471,0.8280000000000005,0.01415806053340817,0.8280000000000005,0.01571973849374738,0.8280000000000005,0.0169068577927207,0.8280000000000005,0.03412115078998162,0.8280000000000005,0.03406853255185692,0.8280000000000005,0.03645456665684918,0.8280000000000005,0.03375710474271655,0.8280000000000005,0.03602008517632693,0.8280000000000005,0.03182683923016541,0.8280000000000005,0.03596128921428365,0.8280000000000005,0.03319824591273172,0.8280000000000005,0.03652807674954894,0.8280000000000005,0.03868076763518322,0.8280000000000005,0.01348147694172637,0.8280000000000005,0.01327104593999343,0.8280000000000005,0.01459630525249087,0.8280000000000005,0.01325100476493589,0.8280000000000005,0.01451304108038229,0.8280000000000005,0.01218715963970261,0.8280000000000005,0.01431163989015075,0.8280000000000005,0.01297649305018531,0.8280000000000005,0.01467325466484455,0.8280000000000005,0.01594129341976137,0.8280000000000005,0.9245425697243141,0.8280000000000005,0.9507185252498108,0.8280000000000005,0.8946282351591656,0.8280000000000005,0.8941491292863368,0.8280000000000005,0.9295704201075696,0.8280000000000005,0.9661018497050384,0.8280000000000005,0.9177339395945002,0.8280000000000005,0.9317509797733333,0.8280000000000005,0.9433707817469651,0.8280000000000005,0.9079864538985385,0.8280000000000005,0.8432375145725303,0.8280000000000005,0.8655268503449306,0.8280000000000005,0.8151869055077279,0.8280000000000005,0.8148410983878772,0.8280000000000005,0.8533317845305467,0.8280000000000005,0.8836185069307633,0.8280000000000005,0.8394167973193494,0.8280000000000005,0.8537019585600824,0.8280000000000005,0.8594202083963579,0.8280000000000005,0.8304067971609526,0.8280000000000005,0.9378730953792987,0.8280000000000005,0.9674023487050168,0.8280000000000005,0.9055856972503014,0.8280000000000005,0.9047611003455794,0.8280000000000005,0.9415361875499796,0.8280000000000005,0.9827833700794428,0.8280000000000005,0.9295552117311645,0.8280000000000005,0.9441585579350413,0.8280000000000005,0.9592195336014265,0.8280000000000005,0.9192776613497878,0.8280000000000005,0.8652505113802164,0.8280000000000005,0.8883623074554859,0.8280000000000005,0.8365847337097929,0.8280000000000005,0.8365917711133887,0.8280000000000005,0.875312591092818,0.8280000000000005,0.9067853069483852,0.8280000000000005,0.8613196268733618,0.8280000000000005,0.876179099795371,0.8280000000000005,0.8818597641075093,0.8280000000000005,0.8517659252038035,0.8280000000000005,0.8280000000000005,0.8280000000000005,0.8280000000000005,0.8280000000000005,0.8280000000000005,0.8280000000000005,0.8280000000000005,0.8280000000000005,0.8280000000000005,0.8280000000000005,0.8280000000000005,0.8280000000000005,0.8280000000000005,0.8280000000000005,0.8280000000000005,0.8280000000000005,0.8280000000000005,0.8280000000000005,0.8280000000000005,0.8280000000000005,0.8280000000000005,0.8280000000000005,0.8280000000000005,0.8280000000000005,0.8280000000000005,0.8280000000000005,0.8280000000000005,0.8280000000000005,0.8280000000000005,0.8280000000000005,0.8280000000000005,0.8280000000000005,0.8280000000000005,0.8280000000000005,0.8280000000000005,0.8280000000000005,0.8280000000000005,0.8280000000000005,0.8280000000000005,0.8280000000000005,0.8280000000000005,0.8280000000000005,0.8280000000000005,0.8280000000000005,0.8280000000000005,0.8280000000000005,0.8280000000000005,0.8280000000000005,0.8280000000000005,0.8280000000000005,0.8280000000000005,0.8280000000000005,0.8280000000000005,0.8280000000000005,0.8280000000000005,0.8280000000000005,0.8280000000000005,0.8280000000000005,0.8280000000000005,0.8280000000000005,0.8280000000000005,0.8280000000000005,0.8280000000000005,0.8280000000000005,0.8280000000000005,0.8280000000000005,0.8280000000000005,0.8280000000000005,0.8280000000000005,0.8280000000000005,0.8280000000000005,0.8280000000000005,0.8280000000000005,0.8280000000000005,0.8280000000000005,0.8280000000000005,0.8280000000000005,0.8280000000000005,0.8280000000000005
0.8640000000000005,0.02803755620935521,0.8640000000000005,0.02768727030196617,0.8640000000000005,0.0296957666578524,0.8640000000000005,0.02767002316996138,0.8640000000000005,0.02957485439765164,0.8640000000000005,0.02612924554242281,0.8640000000000005,0.02923871302389669,0.8640000000000005,0.02730289000284431,0.8640000000000005,0.02977363696134741,0.8640000000000005,0.03153706195970502,0.8640000000000005,0.01212158964734447,0.8640000000000005,0.01183548295598398,0.8640000000000005,0.01299038456068638,0.8640000000000005,0.01189945471463905,0.8640000000000005,0.01300255708409551,0.8640000000000005,0.01099589639240074,0.8640000000000005,0.01272841634158395,0.8640000000000005,0.0116937335989589,0.8640000000000005,0.01306341861786662,0.8640000000000005,0.01415306462316594,0.8640000000000005,0.02903805055323496,0.8640000000000005,0.02885368515676108,0.8640000000000005,0.03102944500832499,0.8640000000000005,0.02868234926419523,0.8640000000000005,0.03074938164423229,0.8640000000000005,0.02693668726515106,0.8640000000000005,0.03056794185550946,0.8640000000000005,0.02820594759571918,0.8640000000000005,0.03111657904573375,0.8640000000000005,0.03310503637477401,0.8640000000000005,0.01084313605170528,0.8640000000000005,0.0105925810803889,0.8640000000000005,0.01177145044519636,0.8640000000000005,0.01062716477012554,0.8640000000000005,0.0117529715670217,0.8640000000000005,0.009688032784077953,0.8640000000000005,0.01151282897052315,0.8640000000000005,0.01039794430929491,0.8640000000000005,0.01185034669638299,0.8640000000000005,0.01299745367799161,0.8640000000000005,0.8598004929316954,0.8640000000000005,0.8849958143511371,0.8640000000000005,0.8304879789321092,0.8640000000000005,0.8301760111771793,0.8640000000000005,0.8656997956572584,0.8640000000000005,0.9007364390059593,0.8640000000000005,0.8536361995141514,0.8640000000000005,0.8676688379023364,0.8640000000000005,0.8778876737914424,0.8640000000000005,0.8439878686195127,0.8640000000000005,0.78778265324026,0.8640000000000005,0.8093947815470202,0.8640000000000005,0.76014744588635,0.8640000000000005,0.7598302695473712,0.8640000000000005,0.7985142838649574,0.8640000000000005,0.8277399358747235,0.8640000000000005,0.7843928881817896,0.8640000000000005,0.7986284482632415,0.8640000000000005,0.8034992868382299,0.8640000000000005,0.7755362094828,0.8640000000000005,0.8702061599915643,0.8640000000000005,0.8971117115117122,0.8640000000000005,0.8396325198648956,0.8640000000000005,0.8393695515997618,0.8640000000000005,0.8756346886938011,0.8640000000000005,0.9130922226540039,0.8640000000000005,0.8634335753508561,0.8640000000000005,0.8780381524867916,0.8640000000000005,0.8894641327258533,0.8640000000000005,0.8532758127335323,0.8640000000000005,0.8120613511522041,0.8640000000000005,0.8338838517469105,0.8640000000000005,0.7842114060892762,0.8640000000000005,0.7843098144506973,0.8640000000000005,0.8230737628952342,0.8640000000000005,0.8526181230464005,0.8640000000000005,0.8088578167838459,0.8640000000000005,0.823597053086299,0.8640000000000005,0.8277379426322176,0.8640000000000005,0.7995406909259911,0.8640000000000005,0.8640000000000005,0.8640000000000005,0.8640000000000005,0.8640000000000005,0.8640000000000005,0.8640000000000005,0.8640000000000005,0.8640000000000005,0.8640000000000005,0.8640000000000005,0.8640000000000005,0.8640000000000005,0.8640000000000005,0.8640000000000005,0.8640000000000005,0.8640000000000005,0.8640000000000005,0.8640000000000005,0.8640000000000005,0.8640000000000005,0.8640000000000005,0.8640000000000005,0.8640000000000005,0.8640000000000005,0.8640000000000005,0.8640000000000005,0.8640000000000005,0.8640000000000005,0.8640000000000005,0.8640000000000005,0.8640000000000005,0.8640000000000005,0.8640000000000005,0.8640000000000005,0.8640000000000005,0.8640000000000005,0.8640000000000005,0.8640000000000005,0.8640000000000005,0.8640000000000005,0.8640000000000005,0.8640000000000005,0.8640000000000005,0.8640000000000005,0.8640000000000005,0.8640000000000005,0.8640000000000005,0.8640000000000005,0.8640000000000005,0.8640000000000005,0.8640000000000005,0.8640000000000005,0.8640000000000005,0.8640000000000005,0.8640000000000005,0.8640000000000005,0.8640000000000005,0.8640000000000005,0.8640000000000005,0.8640000000000005,0.8640000000000005,0.8640000000000005,0.8640000000000005,0.8640000000000005,0.8640000000000005,0.8640000000000005,0.8640000000000005,0.8640000000000005,0.8640000000000005,0.8640000000000005,0.8640000000000005,0.8640000000000005,0.8640000000000005,0.8640000000000005,0.8640000000000005,0.8640000000000005,0.8640000000000005,0.8640000000000005,0.8640000000000005
0.9000000000000006,0.02414327015421124,0.9000000000000006,0.02375004270735473,0.9000000000000006,0.02559659044464583,0.9000000000000006,0.02379378670758058,0.9000000000000006,0.02554843749995742,0.9000000000000006,0.02237792904417244,0.9000000000000006,0.02517225056888798,0.9000000000000006,0.02346989273439019,0.9000000000000006,0.02568234258439955,0.9000000000000006,0.0273304789845613,0.9000000000000006,0.00991078377021028,0.9000000000000006,0.009614515607015718,0.9000000000000006,0.01065299899790411,0.9000000000000006,0.009704619003872619,0.9000000000000006,0.01069889183663717,0.9000000000000006,0.008894676331189726,0.9000000000000006,0.01041471849731927,0.9000000000000006,0.009527659143265671,0.9000000000000006,0.01072628653292097,0.9000000000000006,0.01172253970374818,0.9000000000000006,0.02454475602454924,0.9000000000000006,0.02426612871060155,0.9000000000000006,0.02624782753963594,0.9000000000000006,0.02420169688211841,0.9000000000000006,0.02608750966646756,0.9000000000000006,0.02262277470626607,0.9000000000000006,0.02581829268417721,0.9000000000000006,0.02379412421013841,0.9000000000000006,0.0263442027895242,0.9000000000000006,0.02817921108824841,0.9000000000000006,0.008575267486695565,0.9000000000000006,0.008304231746897817,0.9000000000000006,0.009345208062552292,0.9000000000000006,0.008376018002988211,0.9000000000000006,0.009373180617740211,0.9000000000000006,0.007553233445513676,0.9000000000000006,0.009112485164009535,0.9000000000000006,0.00818529910676793,0.9000000000000006,0.009423432309380506,0.9000000000000006,0.01045435965764586,0.9000000000000006,0.7971671514373641,0.9000000000000006,0.8215592877992017,0.9000000000000006,0.7683502314721837,0.9000000000000006,0.7681622309928651,0.9000000000000006,0.8038445552742873,0.9000000000000006,0.8376429123558152,0.9000000000000006,0.7915512770721338,0.9000000000000006,0.8055972345597759,0.9000000000000006,0.8146614070998387,0.9000000000000006,0.7820043957157868,0.9000000000000006,0.7336274081835883,0.9000000000000006,0.7546509819299863,0.9000000000000006,0.7063743085577486,0.9000000000000006,0.7060831251058436,0.9000000000000006,0.7449292919984369,0.9000000000000006,0.7732331438838832,0.9000000000000006,0.7306199136944797,0.9000000000000006,0.7448071664635597,0.9000000000000006,0.7489425602177904,0.9000000000000006,0.7219069112588313,0.9000000000000006,0.8078499502605538,0.9000000000000006,0.8330886719225281,0.9000000000000006,0.7783227433368047,0.9000000000000006,0.7783061875086882,0.9000000000000006,0.8145164881127598,0.9000000000000006,0.8495300283971177,0.9000000000000006,0.8020598056022163,0.9000000000000006,0.8166155517071132,0.9000000000000006,0.8258448895602448,0.9000000000000006,0.7920838169221014,0.9000000000000006,0.761117930550155,0.9000000000000006,0.7820361830978788,0.9000000000000006,0.7338386451991183,0.9000000000000006,0.7339405825850542,0.9000000000000006,0.7728892322641895,0.9000000000000006,0.8010351471416749,0.9000000000000006,0.7584433802790207,0.9000000000000006,0.773066594966029,0.9000000000000006,0.776178546047911,0.9000000000000006,0.7493600935885377,0.9000000000000006,0.9000000000000006,0.9000000000000006,0.9000000000000006,0.9000000000000006,0.9000000000000006,0.9000000000000006,0.9000000000000006,0.9000000000000006,0.9000000000000006,0.9000000000000006,0.9000000000000006,0.9000000000000006,0.9000000000000006,0.9000000000000006,0.9000000000000006,0.9000000000000006,0.9000000000000006,0.9000000000000006,0.9000000000000006,0.9000000000000006,0.9000000000000006,0.9000000000000006,0.9000000000000006,0.9000000000000006,0.9000000000000006,0.9000000000000006,0.9000000000000006,0.9000000000000006,0.9000000000000006,0.9000000000000006,0.9000000000000006,0.9000000000000006,0.9000000000000006,0.9000000000000006,0.9000000000000006,0.9000000000000006,0.9000000000000006,0.9000000000000006,0.9000000000000006,0.9000000000000006,0.9000000000000006,0.9000000000000006,0.9000000000000006,0.9000000000000006,0.9000000000000006,0.9000000000000006,0.9000000000000006,0.9000000000000006,0.9000000000000006,0.9000000000000006,0.9000000000000006,0.9000000000000006,0.9000000000000006,0.9000000000000006,0.9000000000000006,0.9000000000000006,0.9000000000000006,0.9000000000000006,0.9000000000000006,0.9000000000000006,0.9000000000000006,0.9000000000000006,0.9000000000000006,0.9000000000000006,0.9000000000000006,0.9000000000000006,0.9000000000000006,0.9000000000000006,0.9000000000000006,0.9000000000000006,0.9000000000000006,0.9000000000000006,0.9000000000000006,0.9000000000000006,0.9000000000000006,0.9000000000000006,0.9000000000000006,0.9000000000000006,0.9000000000000006
0.9360000000000006,0.0206346588238592,0.9360000000000006,0.02021469730928945,0.9360000000000006,0.02190862852335342,0.9360000000000006,0.02030458315026755,0.9360000000000006,0.02191762615614477,0.9360000000000006,0.01900505863530263,0.9360000000000006,0.02151627960992228,0.9360000000000006,0.02001802158320929,0.9360000000000006,0.02199994634880993,0.9360000000000006,0.02353801457537256,0.9360000000000006,0.007975413482915045,0.9360000000000006,0.00767973282201975,0.9360000000000006,0.008606896612272636,0.9360000000000006,0.00778628899189401,0.9360000000000006,0.008676510573582142,0.9360000000000006,0.007065213572598586,0.9360000000000006,0.008392046037738965,0.9360000000000006,0.007634397938341476,0.9360000000000006,0.008678959812829071,0.9360000000000006,0.009584840218851268,0.9360000000000006,0.02057343309096937,0.9360000000000006,0.02023071283168345,0.9360000000000006,0.0220315377792841,0.9360000000000006,0.02024642027698505,0.9360000000000006,0.02196324931718745,0.9360000000000006,0.01881956380002973,0.9360000000000006,0.02163411142968077,0.9360000000000006,0.01989661659915361,0.9360000000000006,0.02213374629368399,0.9360000000000006,0.02382467429849192,0.9360000000000006,0.006641340241592276,0.9360000000000006,0.006366532303647651,0.9360000000000006,0.007275665348693752,0.9360000000000006,0.006460844068287458,0.9360000000000006,0.007334927963040464,0.9360000000000006,0.005748169983685122,0.9360000000000006,0.007068962633777843,0.9360000000000006,0.006303110733405675,0.9360000000000006,0.00735105750889544,0.9360000000000006,0.008269419278490682,0.9360000000000006,0.7363832245754112,0.9360000000000006,0.7600373871153403,0.9360000000000006,0.7080678360157521,0.9360000000000006,0.7079963243673068,0.9360000000000006,0.743760748945223,0.9360000000000006,0.7764312546516573,0.9360000000000006,0.7312702822372005,0.9360000000000006,0.7453085667957752,0.9360000000000006,0.7533358632440574,0.9360000000000006,0.7218330288874082,0.9360000000000006,0.6807438315395165,0.9360000000000006,0.7011907104454818,0.9360000000000006,0.6539239382174351,0.9360000000000006,0.6536761714050323,0.9360000000000006,0.6925464950440744,0.9360000000000006,0.7199678755837422,0.9360000000000006,0.6780982444291003,0.9360000000000006,0.6922159755366325,0.9360000000000006,0.6956588572179152,0.9360000000000006,0.6695299759793201,0.9360000000000006,0.7487806992345605,0.9360000000000006,0.7728458809850386,0.9360000000000006,0.7200009241768116,0.9360000000000006,0.7201036158630867,0.9360000000000006,0.7564204287193158,0.9360000000000006,0.7896630490973741,0.9360000000000006,0.7437086068715628,0.9360000000000006,0.7581991779948665,0.9360000000000006,0.7659245330695531,0.9360000000000006,0.7339287071494905,0.9360000000000006,0.7117556885323854,0.9360000000000006,0.7319545362494435,0.9360000000000006,0.684942438687786,0.9360000000000006,0.6850185602032177,0.9360000000000006,0.7241757437412827,0.9360000000000006,0.7511875153265989,0.9360000000000006,0.7095122881769623,0.9360000000000006,0.724023277844658,0.9360000000000006,0.7263447296901362,0.9360000000000006,0.7006527628862935,0.9360000000000006,0.9360000000000006,0.9360000000000006,0.9360000000000006,0.9360000000000006,0.9360000000000006,0.9360000000000006,0.9360000000000006,0.9360000000000006,0.9360000000000006,0.9360000000000006,0.9360000000000006,0.9360000000000006,0.9360000000000006,0.9360000000000006,0.9360000000000006,0.9360000000000006,0.9360000000000006,0.9360000000000006,0.9360000000000006,0.9360000000000006,0.9360000000000006,0.9360000000000006,0.9360000000000006,0.9360000000000006,0.9360000000000006,0.9360000000000006,0.9360000000000006,0.9360000000000006,0.9360000000000006,0.9360000000000006,0.9360000000000006,0.9360000000000006,0.9360000000000006,0.9360000000000006,0.9360000000000006,0.9360000000000006,0.9360000000000006,0.9360000000000006,0.9360000000000006,0.9360000000000006,0.9360000000000006,0.9360000000000006,0.9360000000000006,0.9360000000000006,0.9360000000000006,0.9360000000000006,0.9360000000000006,0.9360000000000006,0.9360000000000006,0.9360000000000006,0.9360000000000006,0.9360000000000006,0.9360000000000006,0.9360000000000006,0.9360000000000006,0.9360000000000006,0.9360000000000006,0.9360000000000006,0.9360000000000006,0.9360000000000006,0.9360000000000006,0.9360000000000006,0.9360000000000006,0.9360000000000006,0.9360000000000006,0.9360000000000006,0.9360000000000006,0.9360000000000006,0.9360000000000006,0.9360000000000006,0.9360000000000006,0.9360000000000006,0.9360000000000006,0.9360000000000006,0.9360000000000006,0.9360000000000006,0.9360000000000006,0.9360000000000006,0.9360000000000006
0.9720000000000006,0.01747822428389234,0.9720000000000006,0.01704469843894237,0.9720000000000006,0.01859423242704108,0.9720000000000006,0.01716852608624188,0.9720000000000006,0.01864746500865046,0.9720000000000006,0.01597830024140547,0.9720000000000006,0.01823303959927713,0.9720000000000006,0.01691455324076841,0.9720000000000006,0.01868906505397722,0.9720000000000006,0.02012128748200384,0.9720000000000006,0.006293652996858458,0.9720000000000006,0.006007683631108852,0.9720000000000006,0.006827418988583206,0.9720000000000006,0.006122512461212339,0.9720000000000006,0.006912307139675369,0.9720000000000006,0.005487052734488968,0.9720000000000006,0.006635766018006303,0.9720000000000006,0.005992831056698987,0.9720000000000006,0.006896859663190753,0.9720000000000006,0.007714246545526536,0.9720000000000006,0.01706750136171961,0.9720000000000006,0.01668483960303893,0.9720000000000006,0.01831576195813888,0.9720000000000006,0.01675916203363979,0.9720000000000006,0.01831725582533519,0.9720000000000006,0.01547256624468291,0.9720000000000006,0.01795038623071284,0.9720000000000006,0.01645829535203639,0.9720000000000006,0.01842100624086741,0.9720000000000006,0.01997558322589758,0.9720000000000006,0.005011236704297516,0.9720000000000006,0.004746782221614203,0.9720000000000006,0.005528230323378162,0.9720000000000006,0.004851322228827617,0.9720000000000006,0.005606165381008145,0.9720000000000006,0.004244472848812244,0.9720000000000006,0.005347780803843113,0.9720000000000006,0.004722249974789271,0.9720000000000006,0.005598866588066058,0.9720000000000006,0.006406783482111478,0.9720000000000006,0.6775131153446332,0.9720000000000006,0.700390057620089,0.9720000000000006,0.6498296473395386,0.9720000000000006,0.6498948712594776,0.9720000000000006,0.6855013208185272,0.9720000000000006,0.7170214622068356,0.9720000000000006,0.672894829567283,0.9720000000000006,0.6868692323325283,0.9720000000000006,0.6938888308044091,0.9720000000000006,0.6635925223057441,0.9720000000000006,0.6293232475874495,0.9720000000000006,0.6491288868762071,0.9720000000000006,0.6030866729896124,0.9720000000000006,0.6029189047284871,0.9720000000000006,0.6415352031575635,0.9720000000000006,0.6680180040986132,0.9720000000000006,0.627040872681736,0.9720000000000006,0.6410347479358594,0.9720000000000006,0.6437771876006898,0.9720000000000006,0.6186345449627159,0.9720000000000006,0.6921353903761813,0.9720000000000006,0.7152479981943332,0.9720000000000006,0.6639996684976048,0.9720000000000006,0.6641749304017134,0.9720000000000006,0.7005899456442015,0.9720000000000006,0.7323794650815708,0.9720000000000006,0.6876529137369435,0.9720000000000006,0.7020594228627417,0.9720000000000006,0.7086064825769585,0.9720000000000006,0.6780748636945992,0.9720000000000006,0.6637223643976166,0.9720000000000006,0.6832794872852646,0.9720000000000006,0.6373592267641031,0.9720000000000006,0.6374088582095929,0.9720000000000006,0.6767121533271619,0.9720000000000006,0.7027115157635146,0.9720000000000006,0.6618620290773433,0.9720000000000006,0.676253305027767,0.9720000000000006,0.677894929053436,0.9720000000000006,0.6532203245494077,0.9720000000000006,0.9720000000000006,0.9720000000000006,0.9720000000000006,0.9720000000000006,0.9720000000000006,0.9720000000000006,0.9720000000000006,0.9720000000000006,0.9720000000000006,0.9720000000000006,0.9720000000000006,0.9720000000000006,0.9720000000000006,0.9720000000000006,0.9720000000000006,0.9720000000000006,0.9720000000000006,0.9720000000000006,0.9720000000000006,0.9720000000000006,0.9720000000000006,0.9720000000000006,0.9720000000000006,0.9720000000000006,0.9720000000000006,0.9720000000000006,0.9720000000000006,0.9720000000000006,0.9720000000000006,0.9720000000000006,0.9720000000000006,0.9720000000000006,0.9720000000000006,0.9720000000000006,0.9720000000000006,0.9720000000000006,0.9720000000000006,0.9720000000000006,0.9720000000000006,0.9720000000000006,0.9720000000000006,0.9720000000000006,0.9720000000000006,0.9720000000000006,0.9720000000000006,0.9720000000000006,0.9720000000000006,0.9720000000000006,0.9720000000000006,0.9720000000000006,0.9720000000000006,0.9720000000000006,0.9720000000000006,0.9720000000000006,0.9720000000000006,0.9720000000000006,0.9720000000000006,0.9720000000000006,0.9720000000000006,0.9720000000000006,0.9720000000000006,0.9720000000000006,0.9720000000000006,0.9720000000000006,0.9720000000000006,0.9720000000000006,0.9720000000000006,0.9720000000000006,0.9720000000000006,0.9720000000000006,0.9720000000000006,0.9720000000000006,0.9720000000000006,0.9720000000000006,0.9720000000000006,0.9720000000000006,0.9720000000000006,0.9720000000000006,0.9720000000000006
1.008000000000001,0.01464542614783363,1.008000000000001,0.01420918000781581,1.008000000000001,0.0156214263069557,1.008000000000001,0.01435681493256789,1.008000000000001,0.0157081005652532,1.008000000000001,0.0132702816469002,1.008000000000001,0.01529051709068764,1.008000000000001,0.01413164584572827,1.008000000000001,0.0157179200550117,1.008000000000001,0.01704756180986727,1.008000000000001,0.004847650411679805,1.008000000000001,0.004579387903476122,1.008000000000001,0.005294305213577726,1.008000000000001,0.004695413355216432,1.008000000000001,0.005387176460348765,1.008000000000001,0.004143734266727392,1.008000000000001,0.005125718814934357,1.008000000000001,0.00458578158508658,1.008000000000001,0.005359753827486809,1.008000000000001,0.006089303006291819,1.008000000000001,0.01398002935043148,1.008000000000001,0.013576912170453,1.008000000000001,0.01504698281194839,1.008000000000001,0.01369241425657159,1.008000000000001,0.01510022933840055,1.008000000000001,0.01253687697931609,1.008000000000001,0.01471344380095439,1.008000000000001,0.01343350787323607,1.008000000000001,0.01515285700784308,1.008000000000001,0.01657712643843338,1.008000000000001,0.003660394997439761,1.008000000000001,0.003418194201067691,1.008000000000001,0.004074769846326719,1.008000000000001,0.003522678835972414,1.008000000000001,0.004160768369109129,1.008000000000001,0.003018751623163193,1.008000000000001,0.003920851389699037,1.008000000000001,0.003418919861513528,1.008000000000001,0.004138867642983291,1.008000000000001,0.00483698144309312,1.008000000000001,0.6209502214341922,1.008000000000001,0.6428920764922122,1.008000000000001,0.594187970497142,1.008000000000001,0.594437182169909,1.008000000000001,0.629421068852191,1.008000000000001,0.6596215838833981,1.008000000000001,0.6168511588385467,1.008000000000001,0.6306500754695692,1.008000000000001,0.6366173498101644,1.008000000000001,0.6077376988902055,1.008000000000001,0.5797980565930644,1.008000000000001,0.5988082346568789,1.008000000000001,0.5544233798332547,1.008000000000001,0.5543939330757383,1.008000000000001,0.5922821753530251,1.008000000000001,0.6176629727939397,1.008000000000001,0.5778990002225589,1.008000000000001,0.5916667070551969,1.008000000000001,0.5936567984623984,1.008000000000001,0.5696945465842059,1.008000000000001,0.6376287706362861,1.008000000000001,0.6598558650283153,1.008000000000001,0.6101706272821853,1.008000000000001,0.6104147248069665,1.008000000000001,0.6467742904155903,1.008000000000001,0.6772271126844746,1.008000000000001,0.6336767587225642,1.008000000000001,0.6479596103448604,1.008000000000001,0.653476645975036,1.008000000000001,0.624313996305411,1.008000000000001,0.6170120298560677,1.008000000000001,0.63593045163353,1.008000000000001,0.5911592667503899,1.008000000000001,0.5912008581868223,1.008000000000001,0.6304950449152834,1.008000000000001,0.6555080936377248,1.008000000000001,0.6155150840915813,1.008000000000001,0.6297605383000821,1.008000000000001,0.6307622994971492,1.008000000000001,0.6070937241210733,1.008000000000001,1.008000000000001,1.008000000000001,1.008000000000001,1.008000000000001,1.008000000000001,1.008000000000001,1.008000000000001,1.008000000000001,1.008000000000001,1.008000000000001,1.008000000000001,1.008000000000001,1.008000000000001,1.008000000000001,1.008000000000001,1.008000000000001,1.008000000000001,1.008000000000001,1.008000000000001,1.008000000000001,1.008000000000001,1.008000000000001,1.008000000000001,1.008000000000001,1.008000000000001,1.008000000000001,1.008000000000001,1.008000000000001,1.008000000000001,1.008000000000001,1.008000000000001,1.008000000000001,1.008000000000001,1.008000000000001,1.008000000000001,1.008000000000001,1.008000000000001,1.008000000000001,1.008000000000001,1.008000000000001,1.008000000000001,1.008000000000001,1.008000000000001,1.008000000000001,1.008000000000001,1.008000000000001,1.008000000000001,1.008000000000001,1.008000000000001,1.008000000000001,1.008000000000001,1.008000000000001,1.008000000000001,1.008000000000001,1.008000000000001,1.008000000000001,1.008000000000001,1.008000000000001,1.008000000000001,1.008000000000001,1.008000000000001,1.008000000000001,1.008000000000001,1.008000000000001,1.008000000000001,1.008000000000001,1.008000000000001,1.008000000000001,1.008000000000001,1.008000000000001,1.008000000000001,1.008000000000001,1.008000000000001,1.008000000000001,1.008000000000001,1.008000000000001,1.008000000000001,1.008000000000001,1.008000000000001
1.044000000000001,0.01211210594631238,1.044000000000001,0.01168226888403767,1.044000000000001,0.01296315801054365,1.044000000000001,0.01184515173778671,1.044000000000001,0.01307413277727729,1.044000000000001,0.01085809239479713,1.044000000000001,0.01266169886124567,1.044000000000001,0.01164580276808992,1.044000000000001,0.01305959738614952,1.044000000000001,0.01428895382075279,1.044000000000001,0.00362308874416098,1.044000000000001,0.003379710535205368,1.044000000000001,0.003991222910841366,1.044000000000001,0.00349069791548732,1.044000000000001,0.004085642988502515,1.044000000000001,0.003022124241390917,1.044000000000001,0.003845712511448672,1.044000000000001,0.003399520392521219,1.044000000000001,0.004051310095164498,1.044000000000001,0.004692434236047701,1.044000000000001,0.01127239665887271,1.044000000000001,0.01086486080124214,1.044000000000001,0.01218124097868042,1.044000000000001,0.01100719528796286,1.044000000000001,0.01227140958685457,1.044000000000001,0.009975952485401417,1.044000000000001,0.01187927792665575,1.044000000000001,0.01078480239945483,1.044000000000001,0.01228558218094117,1.044000000000001,0.01358386624144715,1.044000000000001,0.002568249597431947,1.044000000000001,0.00235796587567155,1.044000000000001,0.002892122659455446,1.044000000000001,0.002454001899952436,1.044000000000001,0.002977272643484165,1.044000000000001,0.002050340163318491,1.044000000000001,0.002764923579783786,1.044000000000001,0.002372883020555683,1.044000000000001,0.00294805634557457,1.044000000000001,0.003535999648753926,1.044000000000001,0.5674757557579035,1.044000000000001,0.5881792585040928,1.044000000000001,0.5421233788022752,1.044000000000001,0.5426296544672983,1.044000000000001,0.5762316591757877,1.044000000000001,0.6047651609749017,1.044000000000001,0.5639514564272271,1.044000000000001,0.5773841690788095,1.044000000000001,0.5821859584760249,1.044000000000001,0.5551216391907597,1.044000000000001,0.5328925357243952,1.044000000000001,0.5508437320525027,1.044000000000001,0.508817344172803,1.044000000000001,0.5090069959735958,1.044000000000001,0.545436904311712,1.044000000000001,0.5694243662198051,1.044000000000001,0.5314126261888251,1.044000000000001,0.5447863595867249,1.044000000000001,0.545932773134946,1.044000000000001,0.5234796829045449,1.044000000000001,0.5853557757680024,1.044000000000001,0.6066442323827477,1.044000000000001,0.5587427860529343,1.044000000000001,0.5590832046749667,1.044000000000001,0.5950633614419962,1.044000000000001,0.6241422560389862,1.044000000000001,0.5819190118043994,1.044000000000001,0.5960026352935125,1.044000000000001,0.6005312063759658,1.044000000000001,0.5728023251479498,1.044000000000001,0.571811890660773,1.044000000000001,0.5900293152418046,1.044000000000001,0.5466117808646886,1.044000000000001,0.5466818210231857,1.044000000000001,0.5856885173587582,1.044000000000001,0.6096649670847859,1.044000000000001,0.570675467986834,1.044000000000001,0.5847224735074984,1.044000000000001,0.5850806102284232,1.044000000000001,0.5624873748677675,1.044000000000001,1.044000000000001,1.044000000000001,1.044000000000001,1.044000000000001,1.044000000000001,1.044000000000001,1.044000000000001,1.044000000000001,1.044000000000001,1.044000000000001,1.044000000000001,1.044000000000001,1.044000000000001,1.044000000000001,1.044000000000001,1.044000000000001,1.044000000000001,1.044000000000001,1.044000000000001,1.044000000000001,1.044000000000001,1.044000000000001,1.044000000000001,1.044000000000001,1.044000000000001,1.044000000000001,1.044000000000001,1.044000000000001,1.044000000000001,1.044000000000001,1.044000000000001,1.044000000000001,1.044000000000001,1.044000000000001,1.044000000000001,1.044000000000001,1.044000000000001,1.044000000000001,1.044000000000001,1.044000000000001,1.044000000000001,1.044000000000001,1.044000000000001,1.044000000000001,1.044000000000001,1.044000000000001,1.044000000000001,1.044000000000001,1.044000000000001,1.044000000000001,1.044000000000001,1.044000000000001,1.044000000000001,1.044000000000001,1.044000000000001,1.044000000000001,1.044000000000001,1.044000000000001,1.044000000000001,1.044000000000001,1.044000000000001,1.044000000000001,1.044000000000001,1.044000000000001,1.044000000000001,1.044000000000001,1.044000000000001,1.044000000000001,1.044000000000001,1.044000000000001,1.044000000000001,1.044000000000001,1.044000000000001,1.044000000000001,1.044000000000001,1.044000000000001,1.044000000000001,1.044000000000001,1.044000000000001
1.080000000000001,0.009858120363935038,1.080000000000001,0.009442647941855705,1.080000000000001,0.01059679083580826,1.080000000000001,0.009613371956920694,1.080000000000001,0.01072417784836005,1.080000000000001,0.00872299417786215,1.080000000000001,0.01032406796488763,1.080000000000001,0.009437544061136824,1.080000000000001,0.01069154194873577,1.080000000000001,0.01182185904521539,1.080000000000001,0.002608422375090843,1.080000000000001,0.002396291337469355,1.080000000000001,0.002905077189224763,1.080000000000001,0.002496783767598746,1.080000000000001,0.002995306103572971,1.080000000000001,0.002111152179016571,1.080000000000001,0.00278274989364539,1.080000000000001,0.002422860472061149,1.080000000000001,0.002958449514815379,1.080000000000001,0.003509510973454384,1.080000000000001,0.008913288709634615,1.080000000000001,0.008514957196986882,1.080000000000001,0.009682814177584332,1.080000000000001,0.008672032178827095,1.080000000000001,0.009797448988212366,1.080000000000001,0.007760673569170897,1.080000000000001,0.009412247565564935,1.080000000000001,0.008481973567157798,1.080000000000001,0.00978358867494554,1.080000000000001,0.01095840153134796,1.080000000000001,0.001715713442640943,1.080000000000001,0.001544191651220588,1.080000000000001,0.001959763637479703,1.080000000000001,0.001625515850479537,1.080000000000001,0.002036856573064834,1.080000000000001,0.001317892897454389,1.080000000000001,0.001859079957390574,1.080000000000001,0.001564650701991516,1.080000000000001,0.002006206918867946,1.080000000000001,0.002483759300552282,1.080000000000001,0.51829558509972,1.080000000000001,0.5373089487340184,1.080000000000001,0.4950105595726242,1.080000000000001,0.4958532996514121,1.080000000000001,0.5270494762544327,1.080000000000001,0.5533756499167071,1.080000000000001,0.5154207839978983,1.080000000000001,0.5282101902497531,1.080000000000001,0.5316843258957744,1.080000000000001,0.5070126691954345,1.080000000000001,0.4896459993689144,1.080000000000001,0.5061668744051887,1.080000000000001,0.4674384364229143,1.080000000000001,0.4679340894911009,1.080000000000001,0.5019444605864567,1.080000000000001,0.5241143922454128,1.080000000000001,0.4886263145447032,1.080000000000001,0.5013684934285011,1.080000000000001,0.5015577579397651,1.080000000000001,0.481064146819588,1.080000000000001,0.5357518176129088,1.080000000000001,0.5559270177270015,1.080000000000001,0.5103091593816323,1.080000000000001,0.5108019332982076,1.080000000000001,0.5458546631183974,1.080000000000001,0.5733724044877432,1.080000000000001,0.5328484571431118,1.080000000000001,0.5466033885893222,1.080000000000001,0.5501066585925319,1.080000000000001,0.5240350912011794,1.080000000000001,0.5284973575023242,1.080000000000001,0.5458849796909223,1.080000000000001,0.5041911883086366,1.080000000000001,0.5043472488748771,1.080000000000001,0.5426144932478386,1.080000000000001,0.5654355925206015,1.080000000000001,0.5277262663960138,1.080000000000001,0.5414854942116505,1.080000000000001,0.5411695149126259,1.080000000000001,0.5197959121278325,1.080000000000001,1.080000000000001,1.080000000000001,1.080000000000001,1.080000000000001,1.080000000000001,1.080000000000001,1.080000000000001,1.080000000000001,1.080000000000001,1.080000000000001,1.080000000000001,1.080000000000001,1.080000000000001,1.080000000000001,1.080000000000001,1.080000000000001,1.080000000000001,1.080000000000001,1.080000000000001,1.080000000000001,1.080000000000001,1.080000000000001,1.080000000000001,1.080000000000001,1.080000000000001,1.080000000000001,1.080000000000001,1.080000000000001,1.080000000000001,1.080000000000001,1.080000000000001,1.080000000000001,1.080000000000001,1.080000000000001,1.080000000000001,1.080000000000001,1.080000000000001,1.080000000000001,1.080000000000001,1.080000000000001,1.080000000000001,1.080000000000001,1.080000000000001,1.080000000000001,1.080000000000001,1.080000000000001,1.080000000000001,1.080000000000001,1.080000000000001,1.080000000000001,1.080000000000001,1.080000000000001,1.080000000000001,1.080000000000001,1.080000000000001,1.080000000000001,1.080000000000001,1.080000000000001,1.080000000000001,1.080000000000001,1.080000000000001,1.080000000000001,1.080000000000001,1.080000000000001,1.080000000000001,1.080000000000001,1.080000000000001,1.080000000000001,1.080000000000001,1.080000000000001,1.080000000000001,1.080000000000001,1.080000000000001,1.080000000000001,1.080000000000001,1.080000000000001,1.080000000000001,1.080000000000001,1.080000000000001
1.116000000000001,0.007867157893256297,1.116000000000001,0.007473318110077389,1.116000000000001,0.00850380863117883,1.116000000000001,0.007645259414584832,1.116000000000001,0.008640623475712612,1.116000000000001,0.006850290333372573,1.116000000000001,0.008259313521220083,1.116000000000001,0.007491253585906822,1.116000000000001,0.008595261764304198,1.116000000000001,0.009626584446852703,1.116000000000001,0.001793404446830274,1.116000000000001,0.001617614042028281,1.116000000000001,0.002024737700974704,1.116000000000001,0.001703153141157763,1.116000000000001,0.002105773514675381,1.116000000000001,0.001399547037134779,1.116000000000001,0.001925610877819169,1.116000000000001,0.001645435269645565,1.116000000000001,0.002070153235622025,1.116000000000001,0.002529118300268433,1.116000000000001,0.006877944398132236,1.116000000000001,0.006500854969430696,1.116000000000001,0.007523246409137568,1.116000000000001,0.00666217369102457,1.116000000000001,0.007651603287476144,1.116000000000001,0.005868540660383697,1.116000000000001,0.007284096419553944,1.116000000000001,0.006501324227583623,1.116000000000001,0.00761845914215443,1.116000000000001,0.008670377470225792,1.116000000000001,0.001081628516592942,1.116000000000001,0.0009518316920195532,1.116000000000001,0.001256426320723679,1.116000000000001,0.001014851208995822,1.116000000000001,0.001320309596930101,1.116000000000001,0.0007953068135223818,1.116000000000001,0.001181175138478216,1.116000000000001,0.000971705596445212,1.116000000000001,0.001292623140182054,1.116000000000001,0.001661719002070762,1.116000000000001,0.4748146198382031,1.116000000000001,0.4916668686667954,1.116000000000001,0.4541522170790304,1.116000000000001,0.4553595591711418,1.116000000000001,0.4832419965687849,1.116000000000001,0.5067431352663805,1.116000000000001,0.472638531008209,1.116000000000001,0.4844942269219047,1.116000000000001,0.4865123316710063,1.116000000000001,0.4647927644704494,1.116000000000001,0.4512342721393961,1.116000000000001,0.465944416002142,1.116000000000001,0.4313795123801391,1.116000000000001,0.432223433376479,1.116000000000001,0.4629349207754389,1.116000000000001,0.4828140696237173,1.116000000000001,0.4506928280013752,1.116000000000001,0.4625525004652338,1.116000000000001,0.4617064991389012,1.116000000000001,0.4436025050284012,1.116000000000001,0.4896106900273641,1.116000000000001,0.5083656924940034,1.116000000000001,0.4658371169645893,1.116000000000001,0.4665604998409658,1.116000000000001,0.4998727999914466,1.116000000000001,0.5254804775935619,1.116000000000001,0.4872839754473974,1.116000000000001,0.500510039181275,1.116000000000001,0.5028899734561469,1.116000000000001,0.4788650630729135,1.116000000000001,0.4876485157025168,1.116000000000001,0.5040064236157216,1.116000000000001,0.464594962537827,1.116000000000001,0.4649177900637174,1.116000000000001,0.5017647092090143,1.116000000000001,0.5232455052866677,1.116000000000001,0.487245643468477,1.116000000000001,0.5005791018933222,1.116000000000001,0.4995474701153493,1.116000000000001,0.479610449305283,1.116000000000001,1.116000000000001,1.116000000000001,1.116000000000001,1.116000000000001,1.116000000000001,1.116000000000001,1.116000000000001,1.116000000000001,1.116000000000001,1.116000000000001,1.116000000000001,1.116000000000001,1.116000000000001,1.116000000000001,1.116000000000001,1.116000000000001,1.116000000000001,1.116000000000001,1.116000000000001,1.116000000000001,1.116000000000001,1.116000000000001,1.116000000000001,1.116000000000001,1.116000000000001,1.116000000000001,1.116000000000001,1.116000000000001,1.116000000000001,1.116000000000001,1.116000000000001,1.116000000000001,1.116000000000001,1.116000000000001,1.116000000000001,1.116000000000001,1.116000000000001,1.116000000000001,1.116000000000001,1.116000000000001,1.116000000000001,1.116000000000001,1.116000000000001,1.116000000000001,1.116000000000001,1.116000000000001,1.116000000000001,1.116000000000001,1.116000000000001,1.116000000000001,1.116000000000001,1.116000000000001,1.116000000000001,1.116000000000001,1.116000000000001,1.116000000000001,1.116000000000001,1.116000000000001,1.116000000000001,1.116000000000001,1.116000000000001,1.116000000000001,1.116000000000001,1.116000000000001,1.116000000000001,1.116000000000001,1.116000000000001,1.116000000000001,1.116000000000001,1.116000000000001,1.116000000000001,1.116000000000001,1.116000000000001,1.116000000000001,1.116000000000001,1.116000000000001,1.116000000000001,1.116000000000001,1.116000000000001
1.152000000000001,0.006126671221421331,1.152000000000001,0.005761457807189372,1.152000000000001,0.006669677721506822,1.152000000000001,0.005928465583095237,1.152000000000001,0.006809533951212785,1.152000000000001,0.005229221715221762,1.152000000000001,0.006453189195981284,1.152000000000001,0.005795115699693546,1.152000000000001,0.006756191415691997,1.152000000000001,0.00768716016778327,1.152000000000001,0.001166558409855541,1.152000000000001,0.00102996005693469,1.152000000000001,0.001338790950928092,1.152000000000001,0.001097617967827617,1.152000000000001,0.001406689968598548,1.152000000000001,0.000872491024271212,1.152000000000001,0.001262412618488694,1.152000000000001,0.001054875557915174,1.152000000000001,0.001375327455112954,1.152000000000001,0.001741161548740191,1.152000000000001,0.005147430986119485,1.152000000000001,0.004802574576418035,1.152000000000001,0.005680528832829139,1.152000000000001,0.004958786887319147,1.152000000000001,0.005813073125225817,1.152000000000001,0.004282638645903841,1.152000000000001,0.005473085195692447,1.152000000000001,0.004824874412760726,1.152000000000001,0.005768164883215974,1.152000000000001,0.006695751696529919,1.152000000000001,0.0006389759922216837,1.152000000000001,0.0005490432695113783,1.152000000000001,0.0007561535361538063,1.152000000000001,0.0005933097584544345,1.152000000000001,0.0008042698681326631,1.152000000000001,0.0004487343278333272,1.152000000000001,0.0007038640458669718,1.152000000000001,0.000564867344753603,1.152000000000001,0.00078223693228014,1.152000000000001,0.00104950900921549,1.152000000000001,0.437873289818826,1.152000000000001,0.4523924713299644,1.152000000000001,0.4198779832803179,1.152000000000001,0.4213858393918763,1.152000000000001,0.4457806722382747,1.152000000000001,0.4661257983695189,1.152000000000001,0.43635731193308,1.152000000000001,0.4471499942798464,1.152000000000001,0.4477641107105355,1.152000000000001,0.4291316271227163,1.152000000000001,0.4183937775275501,1.152000000000001,0.4311392411727061,1.152000000000001,0.4009657426517978,1.152000000000001,0.4021154782553677,1.152000000000001,0.4292628760759288,1.152000000000001,0.446582047119164,1.152000000000001,0.4182909562969032,1.152000000000001,0.429141864386811,1.152000000000001,0.4273110519888765,1.152000000000001,0.4117158431204654,1.152000000000001,0.4480374102880266,1.152000000000001,0.464966555468533,1.152000000000001,0.4265085376047537,1.152000000000001,0.4275299455771036,1.152000000000001,0.458148589086317,1.152000000000001,0.4813603482099866,1.152000000000001,0.4463341531566973,1.152000000000001,0.4587737423577881,1.152000000000001,0.45990991238361,1.152000000000001,0.4384260179062167,1.152000000000001,0.4500501564397377,1.152000000000001,0.4651150519922369,1.152000000000001,0.4287041095239577,1.152000000000001,0.4292845691631105,1.152000000000001,0.4638148300658382,1.152000000000001,0.4837075586848389,1.152000000000001,0.450005382468475,1.152000000000001,0.4627220974809566,1.152000000000001,0.4609428068963135,1.152000000000001,0.4427162570303487,1.152000000000001,1.152000000000001,1.152000000000001,1.152000000000001,1.152000000000001,1.152000000000001,1.152000000000001,1.152000000000001,1.152000000000001,1.152000000000001,1.152000000000001,1.152000000000001,1.152000000000001,1.152000000000001,1.152000000000001,1.152000000000001,1.152000000000001,1.152000000000001,1.152000000000001,1.152000000000001,1.152000000000001,1.152000000000001,1.152000000000001,1.152000000000001,1.152000000000001,1.152000000000001,1.152000000000001,1.152000000000001,1.152000000000001,1.152000000000001,1.152000000000001,1.152000000000001,1.152000000000001,1.152000000000001,1.152000000000001,1.152000000000001,1.152000000000001,1.152000000000001,1.152000000000001,1.152000000000001,1.152000000000001,1.152000000000001,1.152000000000001,1.152000000000001,1.152000000000001,1.152000000000001,1.152000000000001,1.152000000000001,1.152000000000001,1.152000000000001,1.152000000000001,1.152000000000001,1.152000000000001,1.152000000000001,1.152000000000001,1.152000000000001,1.152000000000001,1.152000000000001,1.152000000000001,1.152000000000001,1.152000000000001,1.152000000000001,1.152000000000001,1.152000000000001,1.152000000000001,1.152000000000001,1.152000000000001,1.152000000000001,1.152000000000001,1.152000000000001,1.152000000000001,1.152000000000001,1.152000000000001,1.152000000000001,1.152000000000001,1.152000000000001,1.152000000000001,1.152000000000001,1.152000000000001,1.152000000000001
1.188000000000001,0.00462775621986995,1.188000000000001,0.004298146564967848,1.188000000000001,0.005083728995620741,1.188000000000001,0.00445433924862297,1.188000000000001,0.005220593828312347,1.188000000000001,0.003852593803785234,1.188000000000001,0.004895364305180882,1.188000000000001,0.004340934164240317,1.188000000000001,0.005163589073437004,1.188000000000001,0.00599126648004329,1.188000000000001,0.0007117597967492322,1.188000000000001,0.000613760502535561,1.188000000000001,0.0008322690390654088,1.188000000000001,0.0006628031077202981,1.188000000000001,0.000884715463894354,1.188000000000001,0.0005081246755919711,1.188000000000001,0.0007772007898127027,1.188000000000001,0.000633279150512136,1.188000000000001,0.0008596281376103606,1.188000000000001,0.00113447532816834,1.188000000000001,0.003707513549765774,1.188000000000001,0.003404898635279043,1.188000000000001,0.004138051143915243,1.188000000000001,0.003547665085024319,1.188000000000001,0.004266168096650506,1.188000000000001,0.002989755013495062,1.188000000000001,0.003962823481674193,1.188000000000001,0.003439022451436599,1.188000000000001,0.004216082742172364,1.188000000000001,0.005016097885609805,1.188000000000001,0.0003529402162941484,1.188000000000001,0.0002963911828759322,1.188000000000001,0.0004255176020332769,1.188000000000001,0.0003244095922170281,1.188000000000001,0.0004581935218300973,1.188000000000001,0.0002373329100684744,1.188000000000001,0.0003921731633283047,1.188000000000001,0.0003071675833077983,1.188000000000001,0.0004426724206197414,1.188000000000001,0.0006213120807317356,1.188000000000001,0.4071061612688834,1.188000000000001,0.4195435120890265,1.188000000000001,0.3913733609557259,1.188000000000001,0.3930760149480665,1.188000000000001,0.4145202602757159,1.188000000000001,0.4319296224116535,1.188000000000001,0.4061395328869916,1.188000000000001,0.4159562252874496,1.188000000000001,0.4154119732434783,1.188000000000001,0.3994932790583274,1.188000000000001,0.3908996953761352,1.188000000000001,0.4018662133254682,1.188000000000001,0.375574240521372,1.188000000000001,0.3769426138681786,1.188000000000001,0.4009250743595912,1.188000000000001,0.4158390679313306,1.188000000000001,0.3911462459360457,1.188000000000001,0.4010492991310683,1.188000000000001,0.398425917798547,1.188000000000001,0.3850514931833454,1.188000000000001,0.4120730521377498,1.188000000000001,0.4268569675770119,1.188000000000001,0.3931094717271291,1.188000000000001,0.3944251246128928,1.188000000000001,0.4217420862014141,1.188000000000001,0.4421135276453602,1.188000000000001,0.4109954556306719,1.188000000000001,0.4224382314735266,1.188000000000001,0.4222880520209583,1.188000000000001,0.4036868780477496,1.188000000000001,0.4165606790364462,1.188000000000001,0.4300751239374451,1.188000000000001,0.3973107204891039,1.188000000000001,0.3982034862086968,1.188000000000001,0.4295665663292345,1.188000000000001,0.4476002518525196,1.188000000000001,0.4168377975589016,1.188000000000001,0.4287324231961953,1.188000000000001,0.4262182906720532,1.188000000000001,0.4099471941663312,1.188000000000001,1.188000000000001,1.188000000000001,1.188000000000001,1.188000000000001,1.188000000000001,1.188000000000001,1.188000000000001,1.188000000000001,1.188000000000001,1.188000000000001,1.188000000000001,1.188000000000001,1.188000000000001,1.188000000000001,1.188000000000001,1.188000000000001,1.188000000000001,1.188000000000001,1.188000000000001,1.188000000000001,1.188000000000001,1.188000000000001,1.188000000000001,1.188000000000001,1.188000000000001,1.188000000000001,1.188000000000001,1.188000000000001,1.188000000000001,1.188000000000001,1.188000000000001,1.188000000000001,1.188000000000001,1.188000000000001,1.188000000000001,1.188000000000001,1.188000000000001,1.188000000000001,1.188000000000001,1.188000000000001,1.188000000000001,1.188000000000001,1.188000000000001,1.188000000000001,1.188000000000001,1.188000000000001,1.188000000000001,1.188000000000001,1.188000000000001,1.188000000000001,1.188000000000001,1.188000000000001,1.188000000000001,1.188000000000001,1.188000000000001,1.188000000000001,1.188000000000001,1.188000000000001,1.188000000000001,1.188000000000001,1.188000000000001,1.188000000000001,1.188000000000001,1.188000000000001,1.188000000000001,1.188000000000001,1.188000000000001,1.188000000000001,1.188000000000001,1.188000000000001,1.188000000000001,1.188000000000001,1.188000000000001,1.188000000000001,1.188000000000001,1.188000000000001,1.188000000000001,1.188000000000001,1.188000000000001
1.224000000000001,0.003364621796347637,1.224000000000001,0.003077499957577068,1.224000000000001,0.003738762731146658,1.224000000000001,0.003217271552857792,1.224000000000001,0.003866835573924115,1.224000000000001,0.002715598489173343,1.224000000000001,0.003578936488658881,1.224000000000001,0.00312341742474983,1.224000000000001,0.003810188829106454,1.224000000000001,0.004530116203559469,1.224000000000001,0.0004052705808527669,1.224000000000001,0.0003412122683927299,1.224000000000001,0.0004833121557678837,1.224000000000001,0.0003734142940610315,1.224000000000001,0.0005201731063316919,1.224000000000001,0.0002761887735234935,1.224000000000001,0.0004467335185245089,1.224000000000001,0.0003546632624478662,1.224000000000001,0.0005020900071660922,1.224000000000001,0.0006935737072024254,1.224000000000001,0.002546454867395135,1.224000000000001,0.002294434817264031,1.224000000000001,0.002882707590466389,1.224000000000001,0.002416750140155605,1.224000000000001,0.002998738600376352,1.224000000000001,0.001976904266148501,1.224000000000001,0.002740149262467467,1.224000000000001,0.002331948983373296,1.224000000000001,0.00294922584347857,1.224000000000001,0.003617535118966465,1.224000000000001,0.0001832075417517358,1.224000000000001,0.0001508897684755961,1.224000000000001,0.0002245435832532962,1.224000000000001,0.0001669396636913293,1.224000000000001,0.0002445077302813199,1.224000000000001,0.0001188392621107486,1.224000000000001,0.0002051233152735575,1.224000000000001,0.0001573355489556602,1.224000000000001,0.000234788153227631,1.224000000000001,0.0003439435525427995,1.224000000000001,0.3814253369520708,1.224000000000001,0.3921808717163919,1.224000000000001,0.3674839533156997,1.224000000000001,0.3692914237724626,1.224000000000001,0.3884750947896414,1.224000000000001,0.4034545075676153,1.224000000000001,0.380897205521235,1.224000000000001,0.3899030468660243,1.224000000000001,0.3884756576522893,1.224000000000001,0.374758282192281,1.224000000000001,0.3678647689553848,1.224000000000001,0.377394273020415,1.224000000000001,0.3542188993594789,1.224000000000001,0.355728944290394,1.224000000000001,0.3771482859319813,1.224000000000001,0.3900908029997883,1.224000000000001,0.3683625119395008,1.224000000000001,0.3774655327131312,1.224000000000001,0.3742826901708109,1.224000000000001,0.3626775140764444,1.224000000000001,0.381972284980199,1.224000000000001,0.3946359412189086,1.224000000000001,0.3654022057876188,1.224000000000001,0.3669351810952539,1.224000000000001,0.3910889366777426,1.224000000000001,0.408548712413273,1.224000000000001,0.3814475816391396,1.224000000000001,0.3918694607578216,1.224000000000001,0.3905660588137497,1.224000000000001,0.3747395518674874,1.224000000000001,0.3876966177759064,1.224000000000001,0.3995762841587202,1.224000000000001,0.3706010717016661,1.224000000000001,0.3717850229566856,1.224000000000001,0.3996557150547098,1.224000000000001,0.4156807465331313,1.224000000000001,0.388226519734632,1.224000000000001,0.399187948930083,1.224000000000001,0.3960407074263159,1.224000000000001,0.3817533309228404,1.224000000000001,1.224000000000001,1.224000000000001,1.224000000000001,1.224000000000001,1.224000000000001,1.224000000000001,1.224000000000001,1.224000000000001,1.224000000000001,1.224000000000001,1.224000000000001,1.224000000000001,1.224000000000001,1.224000000000001,1.224000000000001,1.224000000000001,1.224000000000001,1.224000000000001,1.224000000000001,1.224000000000001,1.224000000000001,1.224000000000001,1.224000000000001,1.224000000000001,1.224000000000001,1.224000000000001,1.224000000000001,1.224000000000001,1.224000000000001,1.224000000000001,1.224000000000001,1.224000000000001,1.224000000000001,1.224000000000001,1.224000000000001,1.224000000000001,1.224000000000001,1.224000000000001,1.224000000000001,1.224000000000001,1.224000000000001,1.224000000000001,1.224000000000001,1.224000000000001,1.224000000000001,1.224000000000001,1.224000000000001,1.224000000000001,1.224000000000001,1.224000000000001,1.224000000000001,1.224000000000001,1.224000000000001,1.224000000000001,1.224000000000001,1.224000000000001,1.224000000000001,1.224000000000001,1.224000000000001,1.224000000000001,1.224000000000001,1.224000000000001,1.224000000000001,1.224000000000001,1.224000000000001,1.224000000000001,1.224000000000001,1.224000000000001,1.224000000000001,1.224000000000001,1.224000000000001,1.224000000000001,1.224000000000001,1.224000000000001,1.224000000000001,1.224000000000001,1.224000000000001,1.224000000000001,1.224000000000001
1.260000000000001,0.002333054817385092,1.260000000000001,0.002094534224767663,1.260000000000001,0.002629843037520202,1.260000000000001,0.002212923483602601,1.260000000000001,0.002743673107376581,1.260000000000001,0.001813117607079368,1.260000000000001,0.002499033720088696,1.260000000000001,0.002138281027082349,1.260000000000001,0.002691099210862468,1.260000000000001,0.003297955814523569,1.260000000000001,0.0002156736239692787,1.260000000000001,0.0001777113992041678,1.260000000000001,0.0002620099568714853,1.260000000000001,0.0001968078086921515,1.260000000000001,0.0002853793872213288,1.260000000000001,0.0001410712099775728,1.260000000000001,0.0002398445819325072,1.260000000000001,0.0001859240784233631,1.260000000000001,0.0002737043995457045,1.260000000000001,0.0003957841169411089,1.260000000000001,0.001651080263122309,1.260000000000001,0.001454802238449814,1.260000000000001,0.001901432983890999,1.260000000000001,0.001551848073633213,1.260000000000001,0.001999166881933744,1.260000000000001,0.001225983676082273,1.260000000000001,0.001791344751329176,1.260000000000001,0.001489182059495882,1.260000000000001,0.001954965282206167,1.260000000000001,0.002488650357090947,1.260000000000001,9.042873285879452e-05,1.260000000000001,7.338432428187445e-05,1.260000000000001,0.000112248167423675,1.260000000000001,8.185524504203238e-05,1.260000000000001,0.0001233321120136064,1.260000000000001,5.709406539135855e-05,1.260000000000001,0.0001018320395364492,1.260000000000001,7.687715601352541e-05,1.260000000000001,0.0001178474671082308,1.260000000000001,0.0001789082727958269,1.260000000000001,0.3597679141050759,1.260000000000001,0.3691811786156892,1.260000000000001,0.3472444724348561,1.260000000000001,0.3490936523120995,1.260000000000001,0.3665759179654439,1.260000000000001,0.379596728513986,1.260000000000001,0.3595950138493904,1.260000000000001,0.3679367234805345,1.260000000000001,0.3658375218527073,1.260000000000001,0.3538982960322919,1.260000000000001,0.3483360485530982,1.260000000000001,0.3567512115108072,1.260000000000001,0.336010664442434,1.260000000000001,0.3376098356725442,1.260000000000001,0.3569787729978375,1.260000000000001,0.3684012781856187,1.260000000000001,0.3489999667230922,1.260000000000001,0.3574458504698938,1.260000000000001,0.3539044948284216,1.260000000000001,0.3436541622569544,1.260000000000001,0.3570433336128628,1.260000000000001,0.3679010152007981,1.260000000000001,0.3424403338977383,1.260000000000001,0.3441034337862857,1.260000000000001,0.3656674095786323,1.260000000000001,0.3805731335658442,1.260000000000001,0.3569633123625096,1.260000000000001,0.3664914104777744,1.260000000000001,0.3642796467208592,1.260000000000001,0.3507907785733886,1.260000000000001,0.3632470177959183,1.260000000000001,0.3736612719148224,1.260000000000001,0.3480387301410585,1.260000000000001,0.3494472527641846,1.260000000000001,0.3741182152974258,1.260000000000001,0.388259009202788,1.260000000000001,0.363946914747698,1.260000000000001,0.374018208853849,1.260000000000001,0.370414999742821,1.260000000000001,0.3578613895499341,1.260000000000001,1.260000000000001,1.260000000000001,1.260000000000001,1.260000000000001,1.260000000000001,1.260000000000001,1.260000000000001,1.260000000000001,1.260000000000001,1.260000000000001,1.260000000000001,1.260000000000001,1.260000000000001,1.260000000000001,1.260000000000001,1.260000000000001,1.260000000000001,1.260000000000001,1.260000000000001,1.260000000000001,1.260000000000001,1.260000000000001,1.260000000000001,1.260000000000001,1.260000000000001,1.260000000000001,1.260000000000001,1.260000000000001,1.260000000000001,1.260000000000001,1.260000000000001,1.260000000000001,1.260000000000001,1.260000000000001,1.260000000000001,1.260000000000001,1.260000000000001,1.260000000000001,1.260000000000001,1.260000000000001,1.260000000000001,1.260000000000001,1.260000000000001,1.260000000000001,1.260000000000001,1.260000000000001,1.260000000000001,1.260000000000001,1.260000000000001,1.260000000000001,1.260000000000001,1.260000000000001,1.260000000000001,1.260000000000001,1.260000000000001,1.260000000000001,1.260000000000001,1.260000000000001,1.260000000000001,1.260000000000001,1.260000000000001,1.260000000000001,1.260000000000001,1.260000000000001,1.260000000000001,1.260000000000001,1.260000000000001,1.260000000000001,1.260000000000001,1.260000000000001,1.260000000000001,1.260000000000001,1.260000000000001,1.260000000000001,1.260000000000001,1.260000000000001,1.260000000000001,1.260000000000001,1.260000000000001
1.296000000000001,0.001527209837798215,1.296000000000001,0.001341168534757551,1.296000000000001,0.001751587364055587,1.296000000000001,0.001434691688711075,1.296000000000001,0.001846570244945298,1.296000000000001,0.00113512245932147,1.296000000000001,0.001649810677281484,1.296000000000001,0.00137854954530272,1.296000000000001,0.001801260336312414,1.296000000000001,0.00229061738694466,1.296000000000001,0.0001082664637398419,1.296000000000001,8.769122786151663e-05,1.296000000000001,0.0001335464005587435,1.296000000000001,9.803182459337936e-05,1.296000000000001,0.0001469424695468087,1.296000000000001,6.857331732039252e-05,1.296000000000001,0.0001212687150467709,1.296000000000001,9.221559284174237e-05,1.296000000000001,0.000140164854193605,1.296000000000001,0.0002110808700424259,1.296000000000001,0.001001226747690554,1.296000000000001,0.0008606243351866883,1.296000000000001,0.00117594242117817,1.296000000000001,0.0009308839160709242,1.296000000000001,0.001251544991282905,1.296000000000001,0.0007079451033369826,1.296000000000001,0.001096623382975587,1.296000000000001,0.0008878135560646149,1.296000000000001,0.001215940212737054,1.296000000000001,0.001616768453793462,1.296000000000001,4.299624103121611e-05,1.296000000000001,3.450079066760058e-05,1.296000000000001,5.387093343322136e-05,1.296000000000001,3.872638475429657e-05,1.296000000000001,5.959025590633932e-05,1.296000000000001,2.658451348070827e-05,1.296000000000001,4.862230894158722e-05,1.296000000000001,3.627482660630806e-05,1.296000000000001,5.673022686611461e-05,1.296000000000001,8.846546635348145e-05,1.296000000000001,0.341318148198883,1.296000000000001,0.3496419854585024,1.296000000000001,0.3299363927407014,1.296000000000001,0.3317858754757697,1.296000000000001,0.3479690581634483,1.296000000000001,0.3593982820648176,1.296000000000001,0.3414378282073931,1.296000000000001,0.3492285806064518,1.296000000000001,0.346609656960815,1.296000000000001,0.3361282852363763,1.296000000000001,0.3315384676613783,1.296000000000001,0.339096222773598,1.296000000000001,0.3202600258723459,1.296000000000001,0.3219144823844439,1.296000000000001,0.3396170626085409,1.296000000000001,0.3498832257324181,1.296000000000001,0.3323021832521227,1.296000000000001,0.3402047994366941,1.296000000000001,0.3364584181753173,1.296000000000001,0.3272371876084549,1.296000000000001,0.3362724073356907,1.296000000000001,0.3456852705768961,1.296000000000001,0.3232260948009353,1.296000000000001,0.3249560046153264,1.296000000000001,0.3444938643040029,1.296000000000001,0.3573456504409375,1.296000000000001,0.3365339326014591,1.296000000000001,0.3453238772134667,1.296000000000001,0.3424426816930674,1.296000000000001,0.3308156814231951,1.296000000000001,0.3425012852671237,1.296000000000001,0.3517304983122161,1.296000000000001,0.3288265284894843,1.296000000000001,0.3303927629057073,1.296000000000001,0.3524022923376542,1.296000000000001,0.3649715841610566,1.296000000000001,0.343303257860103,1.296000000000001,0.3526073302722729,1.296000000000001,0.3487228434589381,1.296000000000001,0.3375553113365458,1.296000000000001,1.296000000000001,1.296000000000001,1.296000000000001,1.296000000000001,1.296000000000001,1.296000000000001,1.296000000000001,1.296000000000001,1.296000000000001,1.296000000000001,1.296000000000001,1.296000000000001,1.296000000000001,1.296000000000001,1.296000000000001,1.296000000000001,1.296000000000001,1.296000000000001,1.296000000000001,1.296000000000001,1.296000000000001,1.296000000000001,1.296000000000001,1.296000000000001,1.296000000000001,1.296000000000001,1.296000000000001,1.296000000000001,1.296000000000001,1.296000000000001,1.296000000000001,1.296000000000001,1.296000000000001,1.296000000000001,1.296000000000001,1.296000000000001,1.296000000000001,1.296000000000001,1.296000000000001,1.296000000000001,1.296000000000001,1.296000000000001,1.296000000000001,1.296000000000001,1.296000000000001,1.296000000000001,1.296000000000001,1.296000000000001,1.296000000000001,1.296000000000001,1.296000000000001,1.296000000000001,1.296000000000001,1.296000000000001,1.296000000000001,1.296000000000001,1.296000000000001,1.296000000000001,1.296000000000001,1.296000000000001,1.296000000000001,1.296000000000001,1.296000000000001,1.296000000000001,1.296000000000001,1.296000000000001,1.296000000000001,1.296000000000001,1.296000000000001,1.296000000000001,1.296000000000001,1.296000000000001,1.296000000000001,1.296000000000001,1.296000000000001,1.296000000000001,1.296000000000001,1.296000000000001,1.296000000000001
1.332000000000001,0.0009346666363081948,1.332000000000001,0.0008007886844245218,1.332000000000001,0.001093608124180942,1.332000000000001,0.0008685475701800582,1.332000000000001,0.001166886120981488,1.332000000000001,0.0006612208804430623,1.332000000000001,0.001019627325072986,1.332000000000001,0.0008293182619133666,1.332000000000001,0.001131055963471534,1.332000000000001,0.001502471336696525,1.332000000000001,5.195091054445909e-05,1.332000000000001,4.153403537570311e-05,1.332000000000001,6.482072794554882e-05,1.332000000000001,4.676537510811848e-05,1.332000000000001,7.188123198952878e-05,1.332000000000001,3.210470153314052e-05,1.332000000000001,5.850452798370135e-05,1.332000000000001,4.384802522582961e-05,1.332000000000001,6.827937744612205e-05,1.332000000000001,0.0001061650531929444,1.332000000000001,0.0005646708047701419,1.332000000000001,0.0004733274481516973,1.332000000000001,0.0006771097758039232,1.332000000000001,0.0005191766227717564,1.332000000000001,0.0007300772495304662,1.332000000000001,0.0003802207478202473,1.332000000000001,0.0006246708546231869,1.332000000000001,0.0004920600027657478,1.332000000000001,0.0007044018027058651,1.332000000000001,0.0009826464618367602,1.332000000000001,1.985270074528089e-05,1.332000000000001,1.577199152226447e-05,1.332000000000001,2.506788051375454e-05,1.332000000000001,1.780388156232313e-05,1.332000000000001,2.788112242233188e-05,1.332000000000001,1.204399947199683e-05,1.332000000000001,2.253020362473175e-05,1.332000000000001,1.663729390273763e-05,1.332000000000001,2.646407205070027e-05,1.332000000000001,4.213045148917319e-05,1.332000000000001,0.3254668024484794,1.332000000000001,0.3328943432136027,1.332000000000001,0.3150176201763079,1.332000000000001,0.3168425869264858,1.332000000000001,0.3320018534675599,1.332000000000001,0.3421331264478237,1.332000000000001,0.3258245630337521,1.332000000000001,0.3331514938350928,1.332000000000001,0.3301323081974444,1.332000000000001,0.3208518058176106,1.332000000000001,0.316889393257965,1.332000000000001,0.3237828777575179,1.332000000000001,0.3064548760215647,1.332000000000001,0.3081417668022911,1.332000000000001,0.3244669493966707,1.332000000000001,0.3338436073901754,1.332000000000001,0.31770615263066,1.332000000000001,0.3251524759052049,1.332000000000001,0.3213093366007793,1.332000000000001,0.3128777666891046,1.332000000000001,0.3187615405472498,1.332000000000001,0.3270371071509422,1.332000000000001,0.3069458917592234,1.332000000000001,0.3087047561777959,1.332000000000001,0.3266312417089434,1.332000000000001,0.3378872284266529,1.332000000000001,0.3192727200066175,1.332000000000001,0.3274567163235207,1.332000000000001,0.3241065627948577,1.332000000000001,0.313930834007707,1.332000000000001,0.3247066049227347,1.332000000000001,0.3330043763181872,1.332000000000001,0.3122615982556302,1.332000000000001,0.3139331900084036,1.332000000000001,0.3337895897204397,1.332000000000001,0.3451069451700619,1.332000000000001,0.3255657856888811,1.332000000000001,0.3342277887439047,1.332000000000001,0.3301896448869331,1.332000000000001,0.3201088555048353,1.332000000000001,1.332000000000001,1.332000000000001,1.332000000000001,1.332000000000001,1.332000000000001,1.332000000000001,1.332000000000001,1.332000000000001,1.332000000000001,1.332000000000001,1.332000000000001,1.332000000000001,1.332000000000001,1.332000000000001,1.332000000000001,1.332000000000001,1.332000000000001,1.332000000000001,1.332000000000001,1.332000000000001,1.332000000000001,1.332000000000001,1.332000000000001,1.332000000000001,1.332000000000001,1.332000000000001,1.332000000000001,1.332000000000001,1.332000000000001,1.332000000000001,1.332000000000001,1.332000000000001,1.332000000000001,1.332000000000001,1.332000000000001,1.332000000000001,1.332000000000001,1.332000000000001,1.332000000000001,1.332000000000001,1.332000000000001,1.332000000000001,1.332000000000001,1.332000000000001,1.332000000000001,1.332000000000001,1.332000000000001,1.332000000000001,1.332000000000001,1.332000000000001,1.332000000000001,1.332000000000001,1.332000000000001,1.332000000000001,1.332000000000001,1.332000000000001,1.332000000000001,1.332000000000001,1.332000000000001,1.332000000000001,1.332000000000001,1.332000000000001,1.332000000000001,1.332000000000001,1.332000000000001,1.332000000000001,1.332000000000001,1.332000000000001,1.332000000000001,1.332000000000001,1.332000000000001,1.332000000000001,1.332000000000001,1.332000000000001,1.332000000000001,1.332000000000001,1.332000000000001,1.332000000000001,1.332000000000001
1.368000000000001,0.0005314762851435232,1.368000000000001,0.0004439459061078038,1.368000000000001,0.00063521142795284,1.368000000000001,0.0004883337392504057,1.368000000000001,0.000686648378339913,1.368000000000001,0.0003576802025887424,1.368000000000001,0.0005858323177576609,1.368000000000001,0.0004632647251974103,1.368000000000001,0.0006610144776705926,1.368000000000001,0.0009216910240182786,1.368000000000001,2.407793783968442e-05,1.368000000000001,1.904055438641254e-05,1.368000000000001,3.031932985346309e-05,1.368000000000001,2.156993065036117e-05,1.368000000000001,3.382766996932492e-05,1.368000000000001,1.456679358370188e-05,1.368000000000001,2.723369505814674e-05,1.368000000000001,2.016853602051413e-05,1.368000000000001,3.202832996529818e-05,1.368000000000001,5.102865695828734e-05,1.368000000000001,0.0002966196687530388,1.368000000000001,0.0002430638788160478,1.368000000000001,0.0003626900694475111,1.368000000000001,0.0002699598927534245,1.368000000000001,0.000395996984826594,1.368000000000001,0.0001912777376332438,1.368000000000001,0.0003312063129844681,1.368000000000001,0.000254416075547223,1.368000000000001,0.0003795167068592672,1.368000000000001,0.0005555349421305152,1.368000000000001,8.922867179974961e-06,1.368000000000001,7.020179297643329e-06,1.368000000000001,1.135208466311264e-05,1.368000000000001,7.968277089344597e-06,1.368000000000001,1.269128004421532e-05,1.368000000000001,5.313617818362732e-06,1.368000000000001,1.016166528630354e-05,1.368000000000001,7.428712619692849e-06,1.368000000000001,1.201277589983996e-05,1.368000000000001,1.948479596921014e-05,1.368000000000001,0.311738750276436,1.368000000000001,0.318430132254232,1.368000000000001,0.3020560437627703,1.368000000000001,0.3038446867857973,1.368000000000001,0.318158496166604,1.368000000000001,0.327245572624695,1.368000000000001,0.3122797444284239,1.368000000000001,0.3192120393075487,1.368000000000001,0.3159001264464316,1.368000000000001,0.3075942714831954,1.368000000000001,0.3039619459745402,1.368000000000001,0.3103312717378785,1.368000000000001,0.2942209500628447,1.368000000000001,0.2959234834616239,1.368000000000001,0.3110963951355683,1.368000000000001,0.3197716770493737,1.368000000000001,0.3048022424432228,1.368000000000001,0.3118588148089345,1.368000000000001,0.3079892135915649,1.368000000000001,0.3001783133909223,1.368000000000001,0.3038005571650261,1.368000000000001,0.3111895935881939,1.368000000000001,0.29296425795112,1.368000000000001,0.2947325463395565,1.368000000000001,0.3113306837813147,1.368000000000001,0.3213700790106211,1.368000000000001,0.3044795235796376,1.368000000000001,0.3121614091125383,1.368000000000001,0.3085097927177523,1.368000000000001,0.2994446479374016,1.368000000000001,0.3092575061244631,1.368000000000001,0.3168168264742393,1.368000000000001,0.2978089108046415,1.368000000000001,0.2995474315755427,1.368000000000001,0.3176587833956009,1.368000000000001,0.3279785832122338,1.368000000000001,0.3101465574951817,1.368000000000001,0.3182697646414475,1.368000000000001,0.3141608782953386,1.368000000000001,0.3049431018276993,1.368000000000001,1.368000000000001,1.368000000000001,1.368000000000001,1.368000000000001,1.368000000000001,1.368000000000001,1.368000000000001,1.368000000000001,1.368000000000001,1.368000000000001,1.368000000000001,1.368000000000001,1.368000000000001,1.368000000000001,1.368000000000001,1.368000000000001,1.368000000000001,1.368000000000001,1.368000000000001,1.368000000000001,1.368000000000001,1.368000000000001,1.368000000000001,1.368000000000001,1.368000000000001,1.368000000000001,1.368000000000001,1.368000000000001,1.368000000000001,1.368000000000001,1.368000000000001,1.368000000000001,1.368000000000001,1.368000000000001,1.368000000000001,1.368000000000001,1.368000000000001,1.368000000000001,1.368000000000001,1.368000000000001,1.368000000000001,1.368000000000001,1.368000000000001,1.368000000000001,1.368000000000001,1.368000000000001,1.368000000000001,1.368000000000001,1.368000000000001,1.368000000000001,1.368000000000001,1.368000000000001,1.368000000000001,1.368000000000001,1.368000000000001,1.368000000000001,1.368000000000001,1.368000000000001,1.368000000000001,1.368000000000001,1.368000000000001,1.368000000000001,1.368000000000001,1.368000000000001,1.368000000000001,1.368000000000001,1.368000000000001,1.368000000000001,1.368000000000001,1.368000000000001,1.368000000000001,1.368000000000001,1.368000000000001,1.368000000000001,1.368000000000001,1.368000000000001,1.368000000000001,1.368000000000001,1.368000000000001
1.404000000000001,0.0002809669709708767,1.404000000000001,0.0002293139061244726,1.404000000000001,0.0003426744961772217,1.404000000000001,0.0002554765233776492,1.404000000000001,0.0003751592478067563,1.404000000000001,0.0001808109189055486,1.404000000000001,0.0003127557363369832,1.404000000000001,0.0002409280468106368,1.404000000000001,0.0003587354628194783,1.404000000000001,0.00052542030594896,1.404000000000001,1.08248646340764e-05,1.404000000000001,8.471126415944213e-06,1.404000000000001,1.374783658672552e-05,1.404000000000001,9.65280329032151e-06,1.404000000000001,1.542345594439917e-05,1.404000000000001,6.415949341386527e-06,1.404000000000001,1.229409631491973e-05,1.404000000000001,9.001591085727887e-06,1.404000000000001,1.456066175660145e-05,1.404000000000001,2.368962837525813e-05,1.404000000000001,0.0001465117655137441,1.404000000000001,0.0001178879103158787,1.404000000000001,0.0001820639584173823,1.404000000000001,0.0001322486739570362,1.404000000000001,0.000200921361843726,1.404000000000001,9.128455768323332e-05,1.404000000000001,0.0001648505129573003,1.404000000000001,0.0001240679219414817,1.404000000000001,0.0001914579406935655,1.404000000000001,0.0002925019300172212,1.404000000000001,3.907096182069953e-06,1.404000000000001,3.046345056960828e-06,1.404000000000001,5.006921231497027e-06,1.404000000000001,3.475313989888784e-06,1.404000000000001,5.625572616579032e-06,1.404000000000001,2.287569208661385e-06,1.404000000000001,4.464476431904695e-06,1.404000000000001,3.232888977780242e-06,1.404000000000001,5.310536256516735e-06,1.404000000000001,8.772980423852943e-06,1.404000000000001,0.2997428999953407,1.404000000000001,0.3058405751184513,1.404000000000001,0.2906900203909905,1.404000000000001,0.2924398656474014,1.404000000000001,0.3060199851765227,1.404000000000001,0.3142891580192309,1.404000000000001,0.3004109063020376,1.404000000000001,0.3070048299785617,1.404000000000001,0.3035035076774997,1.404000000000001,0.2959649652030937,1.404000000000001,0.292444621926352,1.404000000000001,0.298389930890705,1.404000000000001,0.283284159310788,1.404000000000001,0.2849893790566523,1.404000000000001,0.2991897522591304,1.404000000000001,0.3072960886981988,1.404000000000001,0.2932912709564012,1.404000000000001,0.3000099409499351,1.404000000000001,0.2961566534650286,1.404000000000001,0.28884813522869,1.404000000000001,0.290837418705945,1.404000000000001,0.2975425501130901,1.404000000000001,0.2807879129345893,1.404000000000001,0.2825563378748028,1.404000000000001,0.2980255074752844,1.404000000000001,0.3071459025539976,1.404000000000001,0.2916161918860502,1.404000000000001,0.298876263016071,1.404000000000001,0.2950585186488052,1.404000000000001,0.2868314067944584,1.404000000000001,0.2957003717008437,1.404000000000001,0.3026631804509027,1.404000000000001,0.2850718870523188,1.404000000000001,0.2868495564931738,1.404000000000001,0.3035311410345725,1.404000000000001,0.3130437045393637,1.404000000000001,0.2966027116233518,1.404000000000001,0.3042684179362058,1.404000000000001,0.3001413444451398,1.404000000000001,0.2916229471653495,1.404000000000001,1.404000000000001,1.404000000000001,1.404000000000001,1.404000000000001,1.404000000000001,1.404000000000001,1.404000000000001,1.404000000000001,1.404000000000001,1.404000000000001,1.404000000000001,1.404000000000001,1.404000000000001,1.404000000000001,1.404000000000001,1.404000000000001,1.404000000000001,1.404000000000001,1.404000000000001,1.404000000000001,1.404000000000001,1.404000000000001,1.404000000000001,1.404000000000001,1.404000000000001,1.404000000000001,1.404000000000001,1.404000000000001,1.404000000000001,1.404000000000001,1.404000000000001,1.404000000000001,1.404000000000001,1.404000000000001,1.404000000000001,1.404000000000001,1.404000000000001,1.404000000000001,1.404000000000001,1.404000000000001,1.404000000000001,1.404000000000001,1.404000000000001,1.404000000000001,1.404000000000001,1.404000000000001,1.404000000000001,1.404000000000001,1.404000000000001,1.404000000000001,1.404000000000001,1.404000000000001,1.404000000000001,1.404000000000001,1.404000000000001,1.404000000000001,1.404000000000001,1.404000000000001,1.404000000000001,1.404000000000001,1.404000000000001,1.404000000000001,1.404000000000001,1.404000000000001,1.404000000000001,1.404000000000001,1.404000000000001,1.404000000000001,1.404000000000001,1.404000000000001,1.404000000000001,1.404000000000001,1.404000000000001,1.404000000000001,1.404000000000001,1.404000000000001,1.404000000000001,1.404000000000001,1.404000000000001
1.440000000000001,0.0001393192717555163,1.440000000000001,0.0001115812500416225,1.440000000000001,0.0001728333468734399,1.440000000000001,0.0001255990465797839,1.440000000000001,0.0001913063588478225,1.440000000000001,8.648347405395483e-05,1.440000000000001,0.0001563570596205978,1.440000000000001,0.0001178746176192641,1.440000000000001,0.0001818699706561685,1.440000000000001,0.000278443682438138,1.440000000000001,4.72623551117034e-06,1.440000000000001,3.662174713213408e-06,1.440000000000001,6.052347254637671e-06,1.440000000000001,4.196056602898453e-06,1.440000000000001,6.826432629692267e-06,1.440000000000001,2.748113007945801e-06,1.440000000000001,5.389186310468217e-06,1.440000000000001,3.903038141633382e-06,1.440000000000001,6.426476757105068e-06,1.440000000000001,1.066922683661351e-05,1.440000000000001,6.894531393437143e-05,1.440000000000001,5.468651195691901e-05,1.440000000000001,8.67544788154433e-05,1.440000000000001,6.183463674746085e-05,1.440000000000001,9.654577256659002e-05,1.440000000000001,4.179836678513949e-05,1.440000000000001,7.803539689415213e-05,1.440000000000001,5.78017871284338e-05,1.440000000000001,9.158625284271595e-05,1.440000000000001,0.0001447761617346353,1.440000000000001,1.67150483015739e-06,1.440000000000001,1.293682063194158e-06,1.440000000000001,2.155288775092488e-06,1.440000000000001,1.481923885949108e-06,1.440000000000001,2.432299044008977e-06,1.440000000000001,9.655379888367649e-07,1.440000000000001,1.915362888760023e-06,1.440000000000001,1.376077001388808e-06,1.440000000000001,2.290638426731634e-06,1.440000000000001,3.848431805311001e-06,1.440000000000001,0.2891506288066633,1.440000000000001,0.2947813932920927,1.440000000000001,0.2806155914924807,1.440000000000001,0.2823289585012083,1.440000000000001,0.2952507323250517,1.440000000000001,0.3028941700939272,1.440000000000001,0.289894050264759,1.440000000000001,0.2961953930049646,1.440000000000001,0.2925982724896545,1.440000000000001,0.2856459040105404,1.440000000000001,0.2821064936520263,1.440000000000001,0.2877004155001033,1.440000000000001,0.2734395913340681,1.440000000000001,0.2751374788759519,1.440000000000001,0.2885104844398398,1.440000000000001,0.2961437768125675,1.440000000000001,0.2829497667346566,1.440000000000001,0.2893718986342988,1.440000000000001,0.2855602643372719,1.440000000000001,0.2786692049033724,1.440000000000001,0.279451107878302,1.440000000000001,0.2856291709867352,1.440000000000001,0.2700431372352351,1.440000000000001,0.2718062674849208,1.440000000000001,0.2863010668803589,1.440000000000001,0.2947208497159877,1.440000000000001,0.2802804435934346,1.440000000000001,0.2871805456040654,1.440000000000001,0.2832955826151933,1.440000000000001,0.2757031860555869,1.440000000000001,0.2836963166763737,1.440000000000001,0.2901682116071859,1.440000000000001,0.2737531830715385,1.440000000000001,0.275549948424509,1.440000000000001,0.2910452281549438,1.440000000000001,0.2998930156990797,1.440000000000001,0.2846016326939207,1.440000000000001,0.2918738489821804,1.440000000000001,0.2877621828860925,1.440000000000001,0.2798215146354437,1.440000000000001,1.440000000000001,1.440000000000001,1.440000000000001,1.440000000000001,1.440000000000001,1.440000000000001,1.440000000000001,1.440000000000001,1.440000000000001,1.440000000000001,1.440000000000001,1.440000000000001,1.440000000000001,1.440000000000001,1.440000000000001,1.440000000000001,1.440000000000001,1.440000000000001,1.440000000000001,1.440000000000001,1.440000000000001,1.440000000000001,1.440000000000001,1.440000000000001,1.440000000000001,1.440000000000001,1.440000000000001,1.440000000000001,1.440000000000001,1.440000000000001,1.440000000000001,1.440000000000001,1.440000000000001,1.440000000000001,1.440000000000001,1.440000000000001,1.440000000000001,1.440000000000001,1.440000000000001,1.440000000000001,1.440000000000001,1.440000000000001,1.440000000000001,1.440000000000001,1.440000000000001,1.440000000000001,1.440000000000001,1.440000000000001,1.440000000000001,1.440000000000001,1.440000000000001,1.440000000000001,1.440000000000001,1.440000000000001,1.440000000000001,1.440000000000001,1.440000000000001,1.440000000000001,1.440000000000001,1.440000000000001,1.440000000000001,1.440000000000001,1.440000000000001,1.440000000000001,1.440000000000001,1.440000000000001,1.440000000000001,1.440000000000001,1.440000000000001,1.440000000000001,1.440000000000001,1.440000000000001,1.440000000000001,1.440000000000001,1.440000000000001,1.440000000000001,1.440000000000001,1.440000000000001,1.440000000000001
1.476000000000001,6.564883632875147e-05,1.476000000000001,5.180452758431692e-05,1.476000000000001,8.253158054677439e-05,1.476000000000001,5.87884982811622e-05,1.476000000000001,9.214730955497045e-05,1.476000000000001,3.960142715167657e-05,1.476000000000001,7.415094385417999e-05,1.476000000000001,5.496171860360145e-05,1.476000000000001,8.720189515567572e-05,1.476000000000001,0.0001383663286730221,1.476000000000001,2.008989572757973e-06,1.476000000000001,1.543692108937989e-06,1.476000000000001,2.591591102462557e-06,1.476000000000001,1.77693032002491e-06,1.476000000000001,2.937286967576182e-06,1.476000000000001,1.149717836336825e-06,1.476000000000001,2.298842634941865e-06,1.476000000000001,1.649259299743588e-06,1.476000000000001,2.758146657781896e-06,1.476000000000001,4.666950177969518e-06,1.476000000000001,3.120911353758048e-05,1.476000000000001,2.444782434733606e-05,1.476000000000001,3.96831542295903e-05,1.476000000000001,2.78361088570652e-05,1.476000000000001,4.446484951994654e-05,1.476000000000001,1.846663516979956e-05,1.476000000000001,3.550063663447728e-05,1.476000000000001,2.5938691445731e-05,1.476000000000001,4.202757533006832e-05,1.476000000000001,6.825438024768446e-05,1.476000000000001,7.025376710347241e-07,1.476000000000001,5.410687379396831e-07,1.476000000000001,9.0982911798098e-07,1.476000000000001,6.214784452646365e-07,1.476000000000001,1.03023111088403e-06,1.476000000000001,4.024191330117517e-07,1.476000000000001,8.065907979858306e-07,1.476000000000001,5.764033271749584e-07,1.476000000000001,9.684638222980175e-07,1.476000000000001,1.649246755607103e-06,1.476000000000001,0.2796942139818896,1.476000000000001,0.2849630091298196,1.476000000000001,0.2715886326706424,1.476000000000001,0.2732684673099742,1.476000000000001,0.2855941744117659,1.476000000000001,0.2927596142844865,1.476000000000001,0.2804733638490873,1.476000000000001,0.2865188577429515,1.476000000000001,0.2828992799034751,1.476000000000001,0.2763907943481633,1.476000000000001,0.272771488656219,1.476000000000001,0.2780685039784462,1.476000000000001,0.2645294457342262,1.476000000000001,0.2662123810241966,1.476000000000001,0.2788761828370232,1.476000000000001,0.2861086258125884,1.476000000000001,0.2736058216081867,1.476000000000001,0.2797651571761368,1.476000000000001,0.2760101953226562,1.476000000000001,0.2694731054238877,1.476000000000001,0.2693308562562781,1.476000000000001,0.2750958508669186,1.476000000000001,0.2604562163105931,1.476000000000001,0.262209272771759,1.476000000000001,0.2758595575274933,1.476000000000001,0.2837300372079497,1.476000000000001,0.2701800523001595,1.476000000000001,0.2767681155472516,1.476000000000001,0.2728794373651804,1.476000000000001,0.2657803237756305,1.476000000000001,0.2729878901827353,1.476000000000001,0.2790492339541095,1.476000000000001,0.2636252026010998,1.476000000000001,0.2654265586840122,1.476000000000001,0.2799256496580318,1.476000000000001,0.2882172342111107,1.476000000000001,0.2738895878413709,1.476000000000001,0.2808194070469333,1.476000000000001,0.2767448863567536,1.476000000000001,0.2692892606001258,1.476000000000001,1.476000000000001,1.476000000000001,1.476000000000001,1.476000000000001,1.476000000000001,1.476000000000001,1.476000000000001,1.476000000000001,1.476000000000001,1.476000000000001,1.476000000000001,1.476000000000001,1.476000000000001,1.476000000000001,1.476000000000001,1.476000000000001,1.476000000000001,1.476000000000001,1.476000000000001,1.476000000000001,1.476000000000001,1.476000000000001,1.476000000000001,1.476000000000001,1.476000000000001,1.476000000000001,1.476000000000001,1.476000000000001,1.476000000000001,1.476000000000001,1.476000000000001,1.476000000000001,1.476000000000001,1.476000000000001,1.476000000000001,1.476000000000001,1.476000000000001,1.476000000000001,1.476000000000001,1.476000000000001,1.476000000000001,1.476000000000001,1.476000000000001,1.476000000000001,1.476000000000001,1.476000000000001,1.476000000000001,1.476000000000001,1.476000000000001,1.476000000000001,1.476000000000001,1.476000000000001,1.476000000000001,1.476000000000001,1.476000000000001,1.476000000000001,1.476000000000001,1.476000000000001,1.476000000000001,1.476000000000001,1.476000000000001,1.476000000000001,1.476000000000001,1.476000000000001,1.476000000000001,1.476000000000001,1.476000000000001,1.476000000000001,1.476000000000001,1.476000000000001,1.476000000000001,1.476000000000001,1.476000000000001,1.476000000000001,1.476000000000001,1.476000000000001,1.476000000000001,1.476000000000001,1.476000000000001
1.512000000000001,2.969729393061127e-05,1.512000000000001,2.313747050764436e-05,1.512000000000001,3.774883795394529e-05,1.512000000000001,2.644276802394e-05,1.512000000000001,4.244396552361038e-05,1.512000000000001,1.746945822960552e-05,1.512000000000001,3.372428659478538e-05,1.512000000000001,2.463910164089068e-05,1.512000000000001,4.00185216982595e-05,1.512000000000001,6.532449771107345e-05,1.512000000000001,8.357737130706282e-07,1.512000000000001,6.383448650273874e-07,1.512000000000001,1.084165570522067e-06,1.512000000000001,7.372088158688895e-07,1.512000000000001,1.233553913156914e-06,1.512000000000001,4.730592306654346e-07,1.512000000000001,9.588847039405093e-07,1.512000000000001,6.831594192842628e-07,1.512000000000001,1.155970953661032e-06,1.512000000000001,1.98735203408597e-06,1.512000000000001,1.364424812443828e-05,1.512000000000001,1.056350468112789e-05,1.512000000000001,1.751919725026569e-05,1.512000000000001,1.210649391377356e-05,1.512000000000001,1.975366206729055e-05,1.512000000000001,7.890801106313094e-06,1.512000000000001,1.559356593109297e-05,1.512000000000001,1.124755631211436e-05,1.512000000000001,1.860915631672785e-05,1.512000000000001,3.095340200714102e-05,1.512000000000001,2.924263568908138e-07,1.512000000000001,2.24880230396344e-07,1.512000000000001,3.793954040073559e-07,1.512000000000001,2.584941867974094e-07,1.512000000000001,4.304254477141685e-07,1.512000000000001,1.673082525264751e-07,1.512000000000001,3.35964328723457e-07,1.512000000000001,2.396666941164891e-07,1.512000000000001,4.041955718639204e-07,1.512000000000001,6.942576836861424e-07,1.512000000000001,0.2711682409385238,1.512000000000001,0.2761535856537485,1.512000000000001,0.2634248903376252,1.512000000000001,0.2650726772787046,1.512000000000001,0.2768619715413468,1.512000000000001,0.283652875988558,1.512000000000001,0.2719576933831199,1.512000000000001,0.2777766132674339,1.512000000000001,0.2741829340370001,1.512000000000001,0.2680179126745614,1.512000000000001,0.2643014178045358,1.512000000000001,0.2693438585439416,1.512000000000001,0.2564287526203976,1.512000000000001,0.2580910480316152,1.512000000000001,0.2701425968067076,1.512000000000001,0.2770304783668695,1.512000000000001,0.2651235661478125,1.512000000000001,0.2710481478944312,1.512000000000001,0.2673587601257648,1.512000000000001,0.2611263280031427,1.512000000000001,0.2602519528726226,1.512000000000001,0.2656835438275006,1.512000000000001,0.2518293469887489,1.512000000000001,0.2535676284287415,1.512000000000001,0.26648512200754,1.512000000000001,0.2739096891339345,1.512000000000001,0.2611039129796638,1.512000000000001,0.2674178128400334,1.512000000000001,0.2635620007358057,1.512000000000001,0.256860460044386,1.512000000000001,0.2633754833983952,1.512000000000001,0.2690888497563714,1.512000000000001,0.2545100578064662,1.512000000000001,0.2563054979873307,1.512000000000001,0.2699589669524362,1.512000000000001,0.2777788607279903,1.512000000000001,0.2642692542337506,1.512000000000001,0.2708981321377213,1.512000000000001,0.2668748892102599,1.512000000000001,0.2598319827966307,1.512000000000001,1.512000000000001,1.512000000000001,1.512000000000001,1.512000000000001,1.512000000000001,1.512000000000001,1.512000000000001,1.512000000000001,1.512000000000001,1.512000000000001,1.512000000000001,1.512000000000001,1.512000000000001,1.512000000000001,1.512000000000001,1.512000000000001,1.512000000000001,1.512000000000001,1.512000000000001,1.512000000000001,1.512000000000001,1.512000000000001,1.512000000000001,1.512000000000001,1.512000000000001,1.512000000000001,1.512000000000001,1.512000000000001,1.512000000000001,1.512000000000001,1.512000000000001,1.512000000000001,1.512000000000001,1.512000000000001,1.512000000000001,1.512000000000001,1.512000000000001,1.512000000000001,1.512000000000001,1.512000000000001,1.512000000000001,1.512000000000001,1.512000000000001,1.512000000000001,1.512000000000001,1.512000000000001,1.512000000000001,1.512000000000001,1.512000000000001,1.512000000000001,1.512000000000001,1.512000000000001,1.512000000000001,1.512000000000001,1.512000000000001,1.512000000000001,1.512000000000001,1.512000000000001,1.512000000000001,1.512000000000001,1.512000000000001,1.512000000000001,1.512000000000001,1.512000000000001,1.512000000000001,1.512000000000001,1.512000000000001,1.512000000000001,1.512000000000001,1.512000000000001,1.512000000000001,1.512000000000001,1.512000000000001,1.512000000000001,1.512000000000001,1.512000000000001,1.512000000000001,1.512000000000001,1.512000000000001
1.548000000000001,1.295725757297444e-05,1.548000000000001,9.976218698368537e-06,1.548000000000001,1.66384796718176e-05,1.548000000000001,1.147643696710264e-05,1.548000000000001,1.88271174521797e-05,1.548000000000001,7.446070873733272e-06,1.548000000000001,1.47878811911326e-05,1.548000000000001,1.066027333256556e-05,1.548000000000001,1.769271777190762e-05,1.548000000000001,2.960617134560902e-05,1.548000000000001,3.428892445700651e-07,1.548000000000001,2.611362227801106e-07,1.548000000000001,4.462071592431006e-07,1.548000000000001,3.020336742641163e-07,1.548000000000001,5.089604439380958e-07,1.548000000000001,1.932143731294059e-07,1.548000000000001,3.939691050023797e-07,1.548000000000001,2.796682244981044e-07,1.548000000000001,4.763291025324892e-07,1.548000000000001,8.281105870069987e-07,1.548000000000001,5.774704309872923e-06,1.548000000000001,4.423893960415904e-06,1.548000000000001,7.48196745697498e-06,1.548000000000001,5.099781673541082e-06,1.548000000000001,8.485895013781722e-06,1.548000000000001,3.272713386226794e-06,1.548000000000001,6.628399778671311e-06,1.548000000000001,4.725173097657434e-06,1.548000000000001,7.969523423287804e-06,1.548000000000001,1.355887408984479e-05,1.548000000000001,1.21977985507231e-07,1.548000000000001,9.417904554254431e-08,1.548000000000001,1.579214765253383e-07,1.548000000000001,1.079951843539462e-07,1.548000000000001,1.791227625966675e-07,1.548000000000001,7.054847353010699e-08,1.548000000000001,1.399569108167985e-07,1.548000000000001,1.002362027370117e-07,1.548000000000001,1.682193821895517e-07,1.548000000000001,2.893727072682389e-07,1.548000000000001,0.2634220387430929,1.548000000000001,0.2681786408538446,1.548000000000001,0.2559900473919501,1.548000000000001,0.2576058063515448,1.548000000000001,0.2689163445153813,1.548000000000001,0.2754023937540303,1.548000000000001,0.2642076721850222,1.548000000000001,0.2698236759954856,1.548000000000001,0.2662833270148269,1.548000000000001,0.2603947424890152,1.548000000000001,0.256585169578022,1.548000000000001,0.2614068932367841,1.548000000000001,0.2490362677508879,1.548000000000001,0.2506737631309353,1.548000000000001,0.2621932763432117,1.548000000000001,0.268781729079098,1.548000000000001,0.2573932220506557,1.548000000000001,0.2631067170816409,1.548000000000001,0.2594880538655079,1.548000000000001,0.2535207919311805,1.548000000000001,0.2520501457049929,1.548000000000001,0.2572044792184345,1.548000000000001,0.2440168060971879,1.548000000000001,0.2457360621606274,1.548000000000001,0.2580163642418825,1.548000000000001,0.2650679078626621,1.548000000000001,0.252895861763905,1.548000000000001,0.2589663008003765,1.548000000000001,0.2551631605627595,1.548000000000001,0.2487928192426384,1.548000000000001,0.2547013135601971,1.548000000000001,0.2601164298089266,1.548000000000001,0.246266071223127,1.548000000000001,0.248047997562404,1.548000000000001,0.2609767810445643,1.548000000000001,0.2683920878505359,1.548000000000001,0.2555843096452356,1.548000000000001,0.2619464184295248,1.548000000000001,0.2579835651098004,1.548000000000001,0.2512957487655471,1.548000000000001,1.548000000000001,1.548000000000001,1.548000000000001,1.548000000000001,1.548000000000001,1.548000000000001,1.548000000000001,1.548000000000001,1.548000000000001,1.548000000000001,1.548000000000001,1.548000000000001,1.548000000000001,1.548000000000001,1.548000000000001,1.548000000000001,1.548000000000001,1.548000000000001,1.548000000000001,1.548000000000001,1.548000000000001,1.548000000000001,1.548000000000001,1.548000000000001,1.548000000000001,1.548000000000001,1.548000000000001,1.548000000000001,1.548000000000001,1.548000000000001,1.548000000000001,1.548000000000001,1.548000000000001,1.548000000000001,1.548000000000001,1.548000000000001,1.548000000000001,1.548000000000001,1.548000000000001,1.548000000000001,1.548000000000001,1.548000000000001,1.548000000000001,1.548000000000001,1.548000000000001,1.548000000000001,1.548000000000001,1.548000000000001,1.548000000000001,1.548000000000001,1.548000000000001,1.548000000000001,1.548000000000001,1.548000000000001,1.548000000000001,1.548000000000001,1.548000000000001,1.548000000000001,1.548000000000001,1.548000000000001,1.548000000000001,1.548000000000001,1.548000000000001,1.548000000000001,1.548000000000001,1.548000000000001,1.548000000000001,1.548000000000001,1.548000000000001,1.548000000000001,1.548000000000001,1.548000000000001,1.548000000000001,1.548000000000001,1.548000000000001,1.548000000000001,1.548000000000001,1.548000000000001,1.548000000000001
1.584000000000001,5.46843861525412e-06,1.584000000000001,4.166208568843203e-06,1.584000000000001,7.087596594647775e-06,1.584000000000001,4.820575433067281e-06,1.584000000000001,8.067123610647606e-06,1.584000000000001,3.078779840123303e-06,1.584000000000001,6.269509983452172e-06,1.584000000000001,4.465251940979359e-06,1.584000000000001,7.557984131475619e-06,1.584000000000001,1.294288593501353e-05,1.584000000000001,1.401931834843571e-07,1.584000000000001,1.069563522123575e-07,1.584000000000001,1.823934571457656e-07,1.584000000000001,1.235632952832194e-07,1.584000000000001,2.081735209117592e-07,1.584000000000001,7.944186922307341e-08,1.584000000000001,1.610366706608216e-07,1.584000000000001,1.144584734255448e-07,1.584000000000001,1.94765378883726e-07,1.584000000000001,3.402226407829757e-07,1.584000000000001,2.376364894775755e-06,1.584000000000001,1.805158841661658e-06,1.584000000000001,3.102179684561476e-06,1.584000000000001,2.090634311478199e-06,1.584000000000001,3.536225380891632e-06,1.584000000000001,1.325542510028686e-06,1.584000000000001,2.737469555354454e-06,1.584000000000001,1.932849376062657e-06,1.584000000000001,3.312215171799618e-06,1.584000000000001,5.749811146155706e-06,1.584000000000001,5.203439492294745e-08,1.584000000000001,4.074263962557404e-08,1.584000000000001,6.675606507959835e-08,1.584000000000001,4.633794379682639e-08,1.584000000000001,7.542317378784273e-08,1.584000000000001,3.110077765863252e-08,1.584000000000001,5.941380968728697e-08,1.584000000000001,4.316545473496389e-08,1.584000000000001,7.097293260585411e-08,1.584000000000001,1.208473516378532e-07,1.584000000000001,0.256345188567529,1.584000000000001,0.2609108689530857,1.584000000000001,0.2491850391926195,1.584000000000001,0.2507680805870566,1.584000000000001,0.2616533663418217,1.584000000000001,0.2678826128820471,1.584000000000001,0.2571198025237592,1.584000000000001,0.26255250335652,1.584000000000001,0.2590794497716869,1.584000000000001,0.2534219890928251,1.584000000000001,0.2495316705212583,1.584000000000001,0.2541603718481356,1.584000000000001,0.2422684814601284,1.584000000000001,0.2438782108888836,1.584000000000001,0.2549326220901955,1.584000000000001,0.2612586322456131,1.584000000000001,0.2503245129716485,1.584000000000001,0.255847152759574,1.584000000000001,0.2523019754965831,1.584000000000001,0.2465675103646106,1.584000000000001,0.2446012713577576,1.584000000000001,0.249519584673641,1.584000000000001,0.2369072230944895,1.584000000000001,0.2386039511023637,1.584000000000001,0.2503282526667144,1.584000000000001,0.2570607596078009,1.584000000000001,0.2454360808954078,1.584000000000001,0.2512885312054361,1.584000000000001,0.2475484299309558,1.584000000000001,0.2414608679560003,1.584000000000001,0.2468385025971732,1.584000000000001,0.2519955852745355,1.584000000000001,0.2387785443285211,1.584000000000001,0.2405414960055582,1.584000000000001,0.2528440178200028,1.584000000000001,0.259908956185469,1.584000000000001,0.2477088454287456,1.584000000000001,0.2538327581003519,1.584000000000001,0.2499360011908728,1.584000000000001,0.2435565306180147,1.584000000000001,1.584000000000001,1.584000000000001,1.584000000000001,1.584000000000001,1.584000000000001,1.584000000000001,1.584000000000001,1.584000000000001,1.584000000000001,1.584000000000001,1.584000000000001,1.584000000000001,1.584000000000001,1.584000000000001,1.584000000000001,1.584000000000001,1.584000000000001,1.584000000000001,1.584000000000001,1.584000000000001,1.584000000000001,1.584000000000001,1.584000000000001,1.584000000000001,1.584000000000001,1.584000000000001,1.584000000000001,1.584000000000001,1.584000000000001,1.584000000000001,1.584000000000001,1.584000000000001,1.584000000000001,1.584000000000001,1.584000000000001,1.584000000000001,1.584000000000001,1.584000000000001,1.584000000000001,1.584000000000001,1.584000000000001,1.584000000000001,1.584000000000001,1.584000000000001,1.584000000000001,1.584000000000001,1.584000000000001,1.584000000000001,1.584000000000001,1.584000000000001,1.584000000000001,1.584000000000001,1.584000000000001,1.584000000000001,1.584000000000001,1.584000000000001,1.584000000000001,1.584000000000001,1.584000000000001,1.584000000000001,1.584000000000001,1.584000000000001,1.584000000000001,1.584000000000001,1.584000000000001,1.584000000000001,1.584000000000001,1.584000000000001,1.584000000000001,1.584000000000001,1.584000000000001,1.584000000000001,1.584000000000001,1.584000000000001,1.584000000000001,1.584000000000001,1.584000000000001,1.584000000000001,1.584000000000001
1.620000000000001,2.242895761999243e-06,1.620000000000001,1.694531997475312e-06,1.620000000000001,2.929466662143831e-06,1.620000000000001,1.969657006660764e-06,1.620000000000001,3.351040293051717e-06,1.620000000000001,1.242723261092014e-06,1.620000000000001,2.581135310160153e-06,1.620000000000001,1.820372766060793e-06,1.620000000000001,3.131423357801795e-06,1.620000000000001,5.473062821607536e-06,1.620000000000001,5.809608692194254e-08,1.620000000000001,4.476982413072508e-08,1.620000000000001,7.51301443283877e-08,1.620000000000001,5.141436308118954e-08,1.620000000000001,8.554106907701864e-08,1.620000000000001,3.371812528852707e-08,1.620000000000001,6.651988538930685e-08,1.620000000000001,4.77460134816741e-08,1.620000000000001,8.013320389985983e-08,1.620000000000001,1.392699741760095e-07,1.620000000000001,9.57268654299072e-07,1.620000000000001,7.230058556196874e-07,1.620000000000001,1.256411502870527e-06,1.620000000000001,8.399581049266048e-07,1.620000000000001,1.437673887442032e-06,1.620000000000001,5.284608265854455e-07,1.620000000000001,1.105536500996946e-06,1.620000000000001,7.754018258641121e-07,1.620000000000001,1.343899837244589e-06,1.620000000000001,2.370399551173359e-06,1.620000000000001,2.356267954781782e-08,1.620000000000001,1.903741244193452e-08,1.620000000000001,2.957713434760909e-08,1.620000000000001,2.126314418418851e-08,1.620000000000001,3.306358722704368e-08,1.620000000000001,1.510057363559934e-08,1.620000000000001,2.660151594716487e-08,1.620000000000001,1.996842191210512e-08,1.620000000000001,3.128376619996709e-08,1.620000000000001,5.160542062413629e-08,1.620000000000001,0.2498539322568328,1.620000000000001,0.2542559570218314,1.620000000000001,0.24293382956575,1.620000000000001,0.2444833470292065,1.620000000000001,0.2549914090540586,1.620000000000001,0.2609988859565411,1.620000000000001,0.2506140504146482,1.620000000000001,0.2558801058075185,1.620000000000001,0.2524807801769418,1.620000000000001,0.2470220983159627,1.620000000000001,0.2430651187165433,1.620000000000001,0.2475238480764885,1.620000000000001,0.2360555197191501,1.620000000000001,0.2376354451417791,1.620000000000001,0.2482810639123874,1.620000000000001,0.2543754575637765,1.620000000000001,0.2438421361693706,1.620000000000001,0.2491914024604129,1.620000000000001,0.2457208944713527,1.620000000000001,0.2401922056055955,1.620000000000001,0.2378079625786914,1.620000000000001,0.2425219745628917,1.620000000000001,0.2304123841874759,1.620000000000001,0.2320838933253273,1.620000000000001,0.2433209678328672,1.620000000000001,0.2497763101061725,1.620000000000001,0.2386294860851161,1.620000000000001,0.2442854740252819,1.620000000000001,0.2406135661304016,1.620000000000001,0.2347716281182769,1.620000000000001,0.2396834952299027,1.620000000000001,0.2446155551994781,1.620000000000001,0.2319533046982812,1.620000000000001,0.2336934058959947,1.620000000000001,0.2454507340576916,1.620000000000001,0.2522097715367061,1.620000000000001,0.2405399727242546,1.620000000000001,0.2464498833695787,1.620000000000001,0.242622564995238,1.620000000000001,0.2365129551594074,1.620000000000001,1.620000000000001,1.620000000000001,1.620000000000001,1.620000000000001,1.620000000000001,1.620000000000001,1.620000000000001,1.620000000000001,1.620000000000001,1.620000000000001,1.620000000000001,1.620000000000001,1.620000000000001,1.620000000000001,1.620000000000001,1.620000000000001,1.620000000000001,1.620000000000001,1.620000000000001,1.620000000000001,1.620000000000001,1.620000000000001,1.620000000000001,1.620000000000001,1.620000000000001,1.620000000000001,1.620000000000001,1.620000000000001,1.620000000000001,1.620000000000001,1.620000000000001,1.620000000000001,1.620000000000001,1.620000000000001,1.620000000000001,1.620000000000001,1.620000000000001,1.620000000000001,1.620000000000001,1.620000000000001,1.620000000000001,1.620000000000001,1.620000000000001,1.620000000000001,1.620000000000001,1.620000000000001,1.620000000000001,1.620000000000001,1.620000000000001,1.620000000000001,1.620000000000001,1.620000000000001,1.620000000000001,1.620000000000001,1.620000000000001,1.620000000000001,1.620000000000001,1.620000000000001,1.620000000000001,1.620000000000001,1.620000000000001,1.620000000000001,1.620000000000001,1.620000000000001,1.620000000000001,1.620000000000001,1.620000000000001,1.620000000000001,1.620000000000001,1.620000000000001,1.620000000000001,1.620000000000001,1.620000000000001,1.620000000000001,1.620000000000001,1.620000000000001,1.620000000000001,1.620000000000001,1.620000000000001
1.656000000000001,9.002214718988709e-07,1.656000000000001,6.762808997507305e-07,1.656000000000001,1.182326716679444e-06,1.656000000000001,7.884841305346535e-07,1.656000000000001,1.357556503494164e-06,1.656000000000001,4.935687000547536e-07,1.656000000000001,1.038774648655553e-06,1.656000000000001,7.275817763695977e-07,1.656000000000001,1.266139210446008e-06,1.656000000000001,2.248824343660892e-06,1.656000000000001,2.51757168274461e-08,1.656000000000001,1.98977567581249e-08,1.656000000000001,3.201291824694687e-08,1.656000000000001,2.251685740162606e-08,1.656000000000001,3.615525380134894e-08,1.656000000000001,1.546961684406295e-08,1.656000000000001,2.857500434677091e-08,1.656000000000001,2.104562737629009e-08,1.656000000000001,3.401210366029518e-08,1.656000000000001,5.777196683609212e-08,1.656000000000001,3.806782458974358e-07,1.656000000000001,2.868239869417865e-07,1.656000000000001,5.010434302559697e-07,1.656000000000001,3.336329118823072e-07,1.656000000000001,5.746519997831063e-07,1.656000000000001,2.094307322266655e-07,1.656000000000001,4.401953677436688e-07,1.656000000000001,3.077880872828629e-07,1.656000000000001,5.365204291101969e-07,1.656000000000001,9.563622629117788e-07,1.656000000000001,1.201700496359385e-08,1.656000000000001,1.0241186556112e-08,1.656000000000001,1.449061289516338e-08,1.656000000000001,1.109791642628864e-08,1.656000000000001,1.58600045683633e-08,1.656000000000001,8.615481972255778e-09,1.656000000000001,1.329267792839518e-08,1.656000000000001,1.056590968729681e-08,1.656000000000001,1.517208313713178e-08,1.656000000000001,2.338929661847342e-08,1.656000000000001,0.2438819722781277,1.656000000000001,0.2481411180254125,1.656000000000001,0.2371755637010932,1.656000000000001,0.2386909225179464,1.656000000000001,0.2488640946242952,1.656000000000001,0.2546768403589105,1.656000000000001,0.2446260379442675,1.656000000000001,0.249739859286674,1.656000000000001,0.2464166646370936,1.656000000000001,0.2411322121663378,1.656000000000001,0.2371216387283465,1.656000000000001,0.2414298405490326,1.656000000000001,0.2303382391521339,1.656000000000001,0.2318870407536642,1.656000000000001,0.2421716119720069,1.656000000000001,0.2480604202746807,1.656000000000001,0.237882545038626,1.656000000000001,0.2430736829662811,1.656000000000001,0.2396779497745926,1.656000000000001,0.2343321746754898,1.656000000000001,0.2315915221929273,1.656000000000001,0.2361265848749173,1.656000000000001,0.2244604041545891,1.656000000000001,0.2261047526398006,1.656000000000001,0.236912923762944,1.656000000000001,0.2431247917240011,1.656000000000001,0.2323985867944332,1.656000000000001,0.2378765693626809,1.656000000000001,0.2342750798352338,1.656000000000001,0.228649055009288,1.656000000000001,0.2331506784205217,1.656000000000001,0.2378851553962904,1.656000000000001,0.225712088892888,1.656000000000001,0.227426649299776,1.656000000000001,0.2387062822712451,1.656000000000001,0.2451963596721726,1.656000000000001,0.2339925499349009,1.656000000000001,0.2397091726467473,1.656000000000001,0.2359529619671908,1.656000000000001,0.2300811261166938,1.656000000000001,1.656000000000001,1.656000000000001,1.656000000000001,1.656000000000001,1.656000000000001,1.656000000000001,1.656000000000001,1.656000000000001,1.656000000000001,1.656000000000001,1.656000000000001,1.656000000000001,1.656000000000001,1.656000000000001,1.656000000000001,1.656000000000001,1.656000000000001,1.656000000000001,1.656000000000001,1.656000000000001,1.656000000000001,1.656000000000001,1.656000000000001,1.656000000000001,1.656000000000001,1.656000000000001,1.656000000000001,1.656000000000001,1.656000000000001,1.656000000000001,1.656000000000001,1.656000000000001,1.656000000000001,1.656000000000001,1.656000000000001,1.656000000000001,1.656000000000001,1.656000000000001,1.656000000000001,1.656000000000001,1.656000000000001,1.656000000000001,1.656000000000001,1.656000000000001,1.656000000000001,1.656000000000001,1.656000000000001,1.656000000000001,1.656000000000001,1.656000000000001,1.656000000000001,1.656000000000001,1.656000000000001,1.656000000000001,1.656000000000001,1.656000000000001,1.656000000000001,1.656000000000001,1.656000000000001,1.656000000000001,1.656000000000001,1.656000000000001,1.656000000000001,1.656000000000001,1.656000000000001,1.656000000000001,1.656000000000001,1.656000000000001,1.656000000000001,1.656000000000001,1.656000000000001,1.656000000000001,1.656000000000001,1.656000000000001,1.656000000000001,1.656000000000001,1.656000000000001,1.656000000000001,1.656000000000001
1.692000000000001,3.565390355974492e-07,1.692000000000001,2.671880149838625e-07,1.692000000000001,4.696791967120863e-07,1.692000000000001,3.119048561895239e-07,1.692000000000001,5.405162864458351e-07,1.692000000000001,1.947304528825536e-07,1.692000000000001,4.120071795622914e-07,1.692000000000001,2.875967803704597e-07,1.692000000000001,5.035395313269012e-07,1.692000000000001,9.039973496311496e-07,1.692000000000001,1.204924296937245e-08,1.692000000000001,9.991975083683626e-09,1.692000000000001,1.479897569089199e-08,1.692000000000001,1.100065868475479e-08,1.692000000000001,1.641751488299162e-08,1.692000000000001,8.207071387752567e-09,1.692000000000001,1.343606876703783e-08,1.692000000000001,1.04089809023014e-08,1.692000000000001,1.558879343637582e-08,1.692000000000001,2.505571741906867e-08,1.692000000000001,1.511006649424641e-07,1.692000000000001,1.141311543251472e-07,1.692000000000001,1.987251591092706e-07,1.692000000000001,1.325473163497641e-07,1.692000000000001,2.279966641992333e-07,1.692000000000001,8.373404827845537e-08,1.692000000000001,1.746313371438061e-07,1.692000000000001,1.223522165275081e-07,1.692000000000001,2.128302384184654e-07,1.692000000000001,3.80814346424404e-07,1.692000000000001,7.331021811605653e-09,1.692000000000001,6.665873636117315e-09,1.692000000000001,8.372422376723815e-09,1.692000000000001,6.969818960860635e-09,1.692000000000001,8.883431348021407e-09,1.692000000000001,5.972743755793969e-09,1.692000000000001,7.893756110064213e-09,1.692000000000001,6.746047638478492e-09,1.692000000000001,8.638284986627695e-09,1.692000000000001,1.193755843560722e-08,1.692000000000001,0.2383749360698854,1.692000000000001,0.2425078178079826,1.692000000000001,0.2318598935032404,1.692000000000001,0.2333407325866479,1.692000000000001,0.2432160151824259,1.692000000000001,0.2488558918136583,1.692000000000001,0.2391023683995293,1.692000000000001,0.2440765949442844,1.692000000000001,0.2408297864996203,1.692000000000001,0.2356999318443199,1.692000000000001,0.2316468565642496,1.692000000000001,0.2358211079851986,1.692000000000001,0.2250661008691492,1.692000000000001,0.2265830137692733,1.692000000000001,0.2365473195426166,1.692000000000001,0.242252755411117,1.692000000000001,0.2323915923366801,1.692000000000001,0.237438002732332,1.692000000000001,0.2341163942102855,1.692000000000001,0.228933981970576,1.692000000000001,0.2258868604706164,1.692000000000001,0.2302638363964142,1.692000000000001,0.2189914366556208,1.692000000000001,0.2206073225548154,1.692000000000001,0.2310362267802364,1.692000000000001,0.2370324802882587,1.692000000000001,0.2266789434913718,1.692000000000001,0.2319949291855966,1.692000000000001,0.2284643882674428,1.692000000000001,0.2230297735788085,1.692000000000001,0.2271684771833472,1.692000000000001,0.2317284281228945,1.692000000000001,0.2199891642529755,1.692000000000001,0.2216763868171409,1.692000000000001,0.2325350731655534,1.692000000000001,0.2387872208335092,1.692000000000001,0.2279953426152093,1.692000000000001,0.2335365853711317,1.692000000000001,0.2298519527521296,1.692000000000001,0.2241908483351099,1.692000000000001,1.692000000000001,1.692000000000001,1.692000000000001,1.692000000000001,1.692000000000001,1.692000000000001,1.692000000000001,1.692000000000001,1.692000000000001,1.692000000000001,1.692000000000001,1.692000000000001,1.692000000000001,1.692000000000001,1.692000000000001,1.692000000000001,1.692000000000001,1.692000000000001,1.692000000000001,1.692000000000001,1.692000000000001,1.692000000000001,1.692000000000001,1.692000000000001,1.692000000000001,1.692000000000001,1.692000000000001,1.692000000000001,1.692000000000001,1.692000000000001,1.692000000000001,1.692000000000001,1.692000000000001,1.692000000000001,1.692000000000001,1.692000000000001,1.692000000000001,1.692000000000001,1.692000000000001,1.692000000000001,1.692000000000001,1.692000000000001,1.692000000000001,1.692000000000001,1.692000000000001,1.692000000000001,1.692000000000001,1.692000000000001,1.692000000000001,1.692000000000001,1.692000000000001,1.692000000000001,1.692000000000001,1.692000000000001,1.692000000000001,1.692000000000001,1.692000000000001,1.692000000000001,1.692000000000001,1.692000000000001,1.692000000000001,1.692000000000001,1.692000000000001,1.692000000000001,1.692000000000001,1.692000000000001,1.692000000000001,1.692000000000001,1.692000000000001,1.692000000000001,1.692000000000001,1.692000000000001,1.692000000000001,1.692000000000001,1.692000000000001,1.692000000000001,1.692000000000001,1.692000000000001,1.692000000000001
1.728000000000001,1.408163950471266e-07,1.728000000000001,1.057552696247263e-07,1.728000000000001,1.854303764858624e-07,1.728000000000001,1.232807928393573e-07,1.728000000000001,2.134820878687423e-07,1.728000000000001,7.738984827425215e-08,1.728000000000001,1.626804611883958e-07,1.728000000000001,1.137219626557995e-07,1.728000000000001,1.988447639299816e-07,1.728000000000001,3.584908404020417e-07,1.728000000000001,6.822934331952341e-09,1.728000000000001,6.046132128998496e-09,1.728000000000001,7.94518025207416e-09,1.728000000000001,6.414760188139089e-09,1.728000000000001,8.556364341858707e-09,1.728000000000001,5.310707727699101e-09,1.728000000000001,7.408674017573934e-09,1.728000000000001,6.173002899401844e-09,1.728000000000001,8.252146554848241e-09,1.728000000000001,1.199890480137489e-08,1.728000000000001,6.094816457431205e-08,1.728000000000001,4.656910123079103e-08,1.728000000000001,7.959831801259468e-08,1.728000000000001,5.371611140459081e-08,1.728000000000001,9.105657500964467e-08,1.728000000000001,3.471296601258407e-08,1.728000000000001,7.017723077933029e-08,1.728000000000001,4.972937838509705e-08,1.728000000000001,8.512809039969197e-08,1.728000000000001,1.513115437383985e-07,1.728000000000001,5.413754730481447e-09,1.728000000000001,5.195406051613221e-09,1.728000000000001,5.877311031019811e-09,1.728000000000001,5.27726133235859e-09,1.728000000000001,6.042321652530063e-09,1.728000000000001,4.877896656522149e-09,1.728000000000001,5.688644369155674e-09,1.728000000000001,5.177646878241144e-09,1.728000000000001,5.97560981771058e-09,1.728000000000001,7.287255798714295e-09,1.728000000000001,0.2332870462740894,1.728000000000001,0.2373074461767248,1.728000000000001,0.2269441488940991,1.728000000000001,0.2283903915036186,1.728000000000001,0.2380000395937219,1.728000000000001,0.243485334695687,1.728000000000001,0.2339977590826882,1.728000000000001,0.2388435891143593,1.728000000000001,0.2356722660396552,1.728000000000001,0.2306806862829267,1.728000000000001,0.2265940895603352,1.728000000000001,0.2306486454439775,1.728000000000001,0.2201955694981552,1.728000000000001,0.2216802572302659,1.728000000000001,0.2313593707624047,1.728000000000001,0.2369005529666588,1.728000000000001,0.2273227570846469,1.728000000000001,0.2322363020999663,1.728000000000001,0.2289876298253173,1.728000000000001,0.2239517171078476,1.728000000000001,0.2206392085665936,1.728000000000001,0.2248756325268717,1.728000000000001,0.2139548621987148,1.728000000000001,0.2155415066570203,1.728000000000001,0.2256335958750083,1.728000000000001,0.2314377280375812,1.728000000000001,0.2214161525628334,1.728000000000001,0.2265841564758346,1.728000000000001,0.2231240737657088,1.728000000000001,0.2178602145212945,1.728000000000001,0.2216764628010121,1.728000000000001,0.2260814454942217,1.728000000000001,0.2147288070777432,1.728000000000001,0.2163875719122757,1.728000000000001,0.2268734400521569,1.728000000000001,0.2329139778207966,1.728000000000001,0.2224881714028256,1.728000000000001,0.2278696497208146,1.728000000000001,0.224256200439701,1.728000000000001,0.2187828209319191,1.728000000000001,1.728000000000001,1.728000000000001,1.728000000000001,1.728000000000001,1.728000000000001,1.728000000000001,1.728000000000001,1.728000000000001,1.728000000000001,1.728000000000001,1.728000000000001,1.728000000000001,1.728000000000001,1.728000000000001,1.728000000000001,1.728000000000001,1.728000000000001,1.728000000000001,1.728000000000001,1.728000000000001,1.728000000000001,1.728000000000001,1.728000000000001,1.728000000000001,1.728000000000001,1.728000000000001,1.728000000000001,1.728000000000001,1.728000000000001,1.728000000000001,1.728000000000001,1.728000000000001,1.728000000000001,1.728000000000001,1.728000000000001,1.728000000000001,1.728000000000001,1.728000000000001,1.728000000000001,1.728000000000001,1.728000000000001,1.728000000000001,1.728000000000001,1.728000000000001,1.728000000000001,1.728000000000001,1.728000000000001,1.728000000000001,1.728000000000001,1.728000000000001,1.728000000000001,1.728000000000001,1.728000000000001,1.728000000000001,1.728000000000001,1.728000000000001,1.728000000000001,1.728000000000001,1.728000000000001,1.728000000000001,1.728000000000001,1.728000000000001,1.728000000000001,1.728000000000001,1.728000000000001,1.728000000000001,1.728000000000001,1.728000000000001,1.728000000000001,1.728000000000001,1.728000000000001,1.728000000000001,1.728000000000001,1.728000000000001,1.728000000000001,1.728000000000001,1.728000000000001,1.728000000000001,1.728000000000001
1.764000000000001,5.640114214806952e-08,1.764000000000001,4.281006593209694e-08,1.764000000000001,7.380896529499749e-08,1.764000000000001,4.959040115953794e-08,1.764000000000001,8.475014067655468e-08,1.764000000000001,3.178590499586329e-08,1.764000000000001,6.494605050527405e-08,1.764000000000001,4.586493223246237e-08,1.764000000000001,7.905074395106322e-08,1.764000000000001,1.417264413830304e-07,1.764000000000001,4.733588885005334e-09,1.764000000000001,4.463762502362021e-09,1.764000000000001,5.210273582595562e-09,1.764000000000001,4.57913855507931e-09,1.764000000000001,5.421732067304753e-09,1.764000000000001,4.143779643346122e-09,1.764000000000001,5.001495127887408e-09,1.764000000000001,4.475998476223143e-09,1.764000000000001,5.325581126426545e-09,1.764000000000001,6.797068578160656e-09,1.764000000000001,2.585401961879863e-08,1.764000000000001,2.032698745713099e-08,1.764000000000001,3.312772648461365e-08,1.764000000000001,2.305967702909673e-08,1.764000000000001,3.755051603539202e-08,1.764000000000001,1.570612506998761e-08,1.764000000000001,2.947549961147445e-08,1.764000000000001,2.150505724498678e-08,1.764000000000001,3.527257662386112e-08,1.764000000000001,6.107675001112636e-08,1.764000000000001,4.612122559159786e-09,1.764000000000001,4.57284626715451e-09,1.764000000000001,4.842463885575423e-09,1.764000000000001,4.565983691241971e-09,1.764000000000001,4.868807643819711e-09,1.764000000000001,4.406643570841992e-09,1.764000000000001,4.770563752894879e-09,1.764000000000001,4.516250271957735e-09,1.764000000000001,4.873577732698817e-09,1.764000000000001,5.38476014004075e-09,1.764000000000001,0.2285790435445417,1.764000000000001,0.2324986885895543,1.764000000000001,0.2223915564899785,1.764000000000001,0.2238033809556771,1.764000000000001,0.2331755381034509,1.764000000000001,0.2385219028943657,1.764000000000001,0.2292732066522109,1.764000000000001,0.2340006392045713,1.764000000000001,0.2309032618968715,1.764000000000001,0.2260360224809187,1.764000000000001,0.2219229616918187,1.764000000000001,0.2258701692908173,1.764000000000001,0.2156888792012626,1.764000000000001,0.2171413358049835,1.764000000000001,0.2265656102613167,1.764000000000001,0.2319591159170124,1.764000000000001,0.2226357808371393,1.764000000000001,0.2274270258370258,1.764000000000001,0.2242497160099649,1.764000000000001,0.2193456518842424,1.764000000000001,0.215801888328321,1.764000000000001,0.2199127202418247,1.764000000000001,0.2093073583523823,1.764000000000001,0.2108643988253726,1.764000000000001,0.2206561840317224,1.764000000000001,0.2262882815667451,1.764000000000001,0.2165637542951385,1.764000000000001,0.2215961421254755,1.764000000000001,0.2182053833005847,1.764000000000001,0.2130946036318675,1.764000000000001,0.2166231714921632,1.764000000000001,0.220889914273777,1.764000000000001,0.209883386779253,1.764000000000001,0.2115130897089599,1.764000000000001,0.2216672785752311,1.764000000000001,0.227518723403646,1.764000000000001,0.2174197564844583,1.764000000000001,0.2226551910130826,1.764000000000001,0.2191119050966088,1.764000000000001,0.2138065146246348,1.764000000000001,1.764000000000001,1.764000000000001,1.764000000000001,1.764000000000001,1.764000000000001,1.764000000000001,1.764000000000001,1.764000000000001,1.764000000000001,1.764000000000001,1.764000000000001,1.764000000000001,1.764000000000001,1.764000000000001,1.764000000000001,1.764000000000001,1.764000000000001,1.764000000000001,1.764000000000001,1.764000000000001,1.764000000000001,1.764000000000001,1.764000000000001,1.764000000000001,1.764000000000001,1.764000000000001,1.764000000000001,1.764000000000001,1.764000000000001,1.764000000000001,1.764000000000001,1.764000000000001,1.764000000000001,1.764000000000001,1.764000000000001,1.764000000000001,1.764000000000001,1.764000000000001,1.764000000000001,1.764000000000001,1.764000000000001,1.764000000000001,1.764000000000001,1.764000000000001,1.764000000000001,1.764000000000001,1.764000000000001,1.764000000000001,1.764000000000001,1.764000000000001,1.764000000000001,1.764000000000001,1.764000000000001,1.764000000000001,1.764000000000001,1.764000000000001,1.764000000000001,1.764000000000001,1.764000000000001,1.764000000000001,1.764000000000001,1.764000000000001,1.764000000000001,1.764000000000001,1.764000000000001,1.764000000000001,1.764000000000001,1.764000000000001,1.764000000000001,1.764000000000001,1.764000000000001,1.764000000000001,1.764000000000001,1.764000000000001,1.764000000000001,1.764000000000001,1.764000000000001,1.764000000000001,1.764000000000001
1.8,2.365792461731552e-08,1.8,1.844635604480259e-08,1.8,3.041847435772341e-08,1.8,2.103497479239399e-08,1.8,3.463113481513751e-08,1.8,1.41683062731521e-08,1.8,2.69948422794568e-08,1.8,1.958777551255938e-08,1.8,3.24460906700913e-08,1.8,5.679961956925075e-08,1.8,3.886566505666319e-09,1.8,3.816930627193621e-09,1.8,4.107519610731531e-09,1.8,3.832461778985909e-09,1.8,4.161079053388781e-09,1.8,3.661136485104821e-09,1.8,4.028472626259159e-09,1.8,3.784027164404195e-09,1.8,4.147134662721199e-09,1.8,4.717223380975371e-09,1.8,1.22555934207687e-08,1.8,1.016739332830168e-08,1.8,1.510350464374962e-08,1.8,1.118560621070048e-08,1.8,1.67788296399162e-08,1.8,8.350651727520613e-09,1.8,1.369711028449368e-08,1.8,1.057608957402932e-08,1.8,1.592657617757187e-08,1.8,2.591441132447782e-08,1.8,4.260432384588836e-09,1.8,4.292580062569109e-09,1.8,4.396240668677984e-09,1.8,4.250616527608257e-09,1.8,4.367474132370709e-09,1.8,4.187477466973505e-09,1.8,4.371408589933862e-09,1.8,4.220855744805337e-09,1.8,4.400646049849711e-09,1.8,4.590396934488701e-09,1.8,0.2242168263989191,1.8,0.2280458630526574,1.8,0.2181700576786822,1.8,0.2195478549873995,1.8,0.2287071466854443,1.8,0.2339281759841383,1.8,0.2248947490930349,1.8,0.2295127678185949,1.8,0.226487428765164,1.8,0.2217324317674208,1.8,0.2175983233407398,1.8,0.2214489453595559,1.8,0.2115130648705986,1.8,0.212933538975575,1.8,0.2221293939497118,1.8,0.2273896894127298,1.8,0.218295600131207,1.8,0.2229740077426637,1.8,0.2198662122563036,1.8,0.2150811874743436,1.8,0.2113347268898039,1.8,0.2153328678706012,1.8,0.2050115111620623,1.8,0.2065389110845558,1.8,0.2160619746173915,1.8,0.2215393866095607,1.8,0.2120817154664338,1.8,0.2169894704818748,1.8,0.2136664785014653,1.8,0.2086934888154132,1.8,0.2119644324830672,1.8,0.2161073502163342,1.8,0.2054118879929694,1.8,0.2070123187395462,1.8,0.2168702424388672,1.8,0.2225520061158769,1.8,0.2127460631446832,1.8,0.2178475917545712,1.8,0.2143729991630675,1.8,0.2092185418217938,1.8,1.8,1.8,1.8,1.8,1.8,1.8,1.8,1.8,1.8,1.8,1.8,1.8,1.8,1.8,1.8,1.8,1.8,1.8,1.8,1.8,1.8,1.8,1.8,1.8,1.8,1.8,1.8,1.8,1.8,1.8,1.8,1.8,1.8,1.8,1.8,1.8,1.8,1.8,1.8,1.8,1.8,1.8,1.8,1.8,1.8,1.8,1.8,1.8,1.8,1.8,1.8,1.8,1.8,1.8,1.8,1.8,1.8,1.8,1.8,1.8,1.8,1.8,1.8,1.8,1.8,1.8,1.8,1.8,1.8,1.8,1.8,1.8,1.8,1.8,1.8,1.8,1.8,1.8,1.8
