drDefineDisplay(
;( DisplayName )
 ( display       )
 ( psb           )
 ( quote         )
 ( tsl_plot      )
 ( printer       )
 ( hp8           )
 ( versatecb     )
 ( plot          )
)
drDefineColor(
;( DisplayName   ColorsName   Red      Green    Blue     )
 ( display       black        0        0        0        )
 ( display       blinkRed     255      0        0        t )
 ( display       blinkWhite   255      255      255      t )
 ( display       blinkYellow  255      255      0        t )
 ( display       blue         0        216      255      )
 ( display       blue1        0        114      237      )
 ( display       blueB        0        0        255      t )
 ( display       brown        191      64       38       )
 ( display       brownB       191      64       38       t )
 ( display       cadetBlue    161      163      0        )
 ( display       charcoal     41       41       41       )
 ( display       chocolate    128      38       38       )
 ( display       clay         128      0        0        )
 ( display       cream        255      255      204      )
 ( display       cyan         0        255      255      )
 ( display       forest       0        226      107      )
 ( display       forest1      180      163      0        )
 ( display       gold         217      204      0        )
 ( display       goldB        217      204      0        t )
 ( display       gray         204      204      217      )
 ( display       gray3        115      115      115      )
 ( display       gray4        166      166      166      )
 ( display       gray5        189      204      204      )
 ( display       gray6        199      199      199      )
 ( display       gray7        204      204      204      )
 ( display       gray8        225      225      225      )
 ( display       grayB        204      204      217      t )
 ( display       grayBlink    199      199      199      t )
 ( display       green        118      190      57       )
 ( display       greenB       0        204      102      t )
 ( display       joy1         0        204      242      )
 ( display       lime         0        255      0        )
 ( display       magenta      255      20       254      )
 ( display       magenta1     255      78       196      )
 ( display       maroon       230      31       13       )
 ( display       met1navy     0        157      255      )
 ( display       navy         51       51       153      )
 ( display       orange       255      171      0        )
 ( display       orangeB      255      128      0        t )
 ( display       perple       153      22       255      )
 ( display       pink         255      184      242      )
 ( display       pinkB        255      191      242      t )
 ( display       pinki        255      163      255      )
 ( display       purple       153      0        230      )
 ( display       purpleB      153      0        230      t )
 ( display       red          255      0        0        )
 ( display       redMagenta   255      85       170      )
 ( display       salmon       234      128      112      )
 ( display       silver       217      230      255      )
 ( display       silverB      217      230      255      t )
 ( display       skyBlue      50       153      204      )
 ( display       slate        140      140      166      )
 ( display       slateBlue    0        127      255      )
 ( display       snablue      0        0        255      )
 ( display       snabluegreen 127      255      255      )
 ( display       snacadetblue 0        191      255      )
 ( display       snacyan      0        255      255      )
 ( display       snagold      218      165      32       )
 ( display       snagreen     0        255      0        )
 ( display       snagreenyellow 255      255      0        )
 ( display       snalime      173      255      47       )
 ( display       snaorange    255      127      80       )
 ( display       snared       255      0        0        )
 ( display       snasalmon    250      128      114      )
 ( display       snayellow    255      215      0        )
 ( display       tan          255      230      191      )
 ( display       vccm2        216      165      255      )
 ( display       violet       65       0        255      )
 ( display       vlcBlack     0        0        0        )
 ( display       vlcBrown     191      64       38       )
 ( display       vlcCream     255      255      204      )
 ( display       vlcFill      51       51       51       )
 ( display       vlcNavy      51       51       153      )
 ( display       vlcOrange    255      128      0        )
 ( display       vlcOrange1   240      145      15       )
 ( display       vlcOrange2   225      160      30       )
 ( display       vlcOrange3   210      175      45       )
 ( display       vlcOrange4   195      190      60       )
 ( display       vlcOutline   224      224      224      )
 ( display       vlcPurple    153      0        230      )
 ( display       white        255      255      255      )
 ( display       whiteBlink   255      255      255      t )
 ( display       winBack      224      224      224      )
 ( display       winColor1    166      166      166      )
 ( display       winColor2    115      115      115      )
 ( display       winColor3    189      204      204      )
 ( display       winColor4    204      204      204      )
 ( display       winColor5    199      199      199      )
 ( display       winColor5B   199      199      199      t )
 ( display       winFore      128      0        0        )
 ( display       winText      51       51       51       )
 ( display       yellow       255      255      0        )
)
drDefineStipple(
;( DisplayName   StippleName  Bitmap     )
 ( display       dots         ( ( 0 1 0 0 0 1 0 0 0 1 0 0 0 1 0 0  )
                                ( 0 0 0 0 0 0 0 0 0 0 0 0 0 0 0 0  )
                                ( 0 0 0 1 0 0 0 1 0 0 0 1 0 0 0 1  )
                                ( 0 0 0 0 0 0 0 0 0 0 0 0 0 0 0 0  )
                                ( 0 1 0 0 0 1 0 0 0 1 0 0 0 1 0 0  )
                                ( 0 0 0 0 0 0 0 0 0 0 0 0 0 0 0 0  )
                                ( 0 0 0 1 0 0 0 1 0 0 0 1 0 0 0 1  )
                                ( 0 0 0 0 0 0 0 0 0 0 0 0 0 0 0 0  )
                                ( 0 1 0 0 0 1 0 0 0 1 0 0 0 1 0 0  )
                                ( 0 0 0 0 0 0 0 0 0 0 0 0 0 0 0 0  )
                                ( 0 0 0 1 0 0 0 1 0 0 0 1 0 0 0 1  )
                                ( 0 0 0 0 0 0 0 0 0 0 0 0 0 0 0 0  )
                                ( 0 1 0 0 0 1 0 0 0 1 0 0 0 1 0 0  )
                                ( 0 0 0 0 0 0 0 0 0 0 0 0 0 0 0 0  )
                                ( 0 0 0 1 0 0 0 1 0 0 0 1 0 0 0 1  )
                                ( 0 0 0 0 0 0 0 0 0 0 0 0 0 0 0 0  ) ) )
 ( display       dots1        ( ( 0 0 0 0 0 0 0 0 0 0 0 0 0 0 0 0  )
                                ( 0 0 1 0 0 0 1 0 0 0 1 0 0 0 1 0  )
                                ( 0 0 0 0 0 0 0 0 0 0 0 0 0 0 0 0  )
                                ( 0 0 0 0 0 0 0 0 0 0 0 0 0 0 0 0  )
                                ( 0 0 0 0 0 0 0 0 0 0 0 0 0 0 0 0  )
                                ( 1 0 0 0 1 0 0 0 1 0 0 0 1 0 0 0  )
                                ( 0 0 0 0 0 0 0 0 0 0 0 0 0 0 0 0  )
                                ( 0 0 0 0 0 0 0 0 0 0 0 0 0 0 0 0  )
                                ( 0 0 0 0 0 0 0 0 0 0 0 0 0 0 0 0  )
                                ( 0 0 1 0 0 0 1 0 0 0 1 0 0 0 1 0  )
                                ( 0 0 0 0 0 0 0 0 0 0 0 0 0 0 0 0  )
                                ( 0 0 0 0 0 0 0 0 0 0 0 0 0 0 0 0  )
                                ( 0 0 0 0 0 0 0 0 0 0 0 0 0 0 0 0  )
                                ( 1 0 0 0 1 0 0 0 1 0 0 0 1 0 0 0  )
                                ( 0 0 0 0 0 0 0 0 0 0 0 0 0 0 0 0  )
                                ( 0 0 0 0 0 0 0 0 0 0 0 0 0 0 0 0  ) ) )
 ( display       hLine        ( ( 0 0 0 0 0 0 0 0 0 0 0 0 0 0 0 0  )
                                ( 0 0 0 0 0 0 0 0 0 0 0 0 0 0 0 0  )
                                ( 0 0 0 0 0 0 0 0 0 0 0 0 0 0 0 0  )
                                ( 1 1 1 1 1 1 1 1 1 1 1 1 1 1 1 1  )
                                ( 0 0 0 0 0 0 0 0 0 0 0 0 0 0 0 0  )
                                ( 0 0 0 0 0 0 0 0 0 0 0 0 0 0 0 0  )
                                ( 0 0 0 0 0 0 0 0 0 0 0 0 0 0 0 0  )
                                ( 1 1 1 1 1 1 1 1 1 1 1 1 1 1 1 1  )
                                ( 0 0 0 0 0 0 0 0 0 0 0 0 0 0 0 0  )
                                ( 0 0 0 0 0 0 0 0 0 0 0 0 0 0 0 0  )
                                ( 0 0 0 0 0 0 0 0 0 0 0 0 0 0 0 0  )
                                ( 1 1 1 1 1 1 1 1 1 1 1 1 1 1 1 1  )
                                ( 0 0 0 0 0 0 0 0 0 0 0 0 0 0 0 0  )
                                ( 0 0 0 0 0 0 0 0 0 0 0 0 0 0 0 0  )
                                ( 0 0 0 0 0 0 0 0 0 0 0 0 0 0 0 0  )
                                ( 1 1 1 1 1 1 1 1 1 1 1 1 1 1 1 1  ) ) )
 ( display       vLine        ( ( 0 0 1 0 0 0 1 0 0 0 1 0 0 0 1 0  )
                                ( 0 0 1 0 0 0 1 0 0 0 1 0 0 0 1 0  )
                                ( 0 0 1 0 0 0 1 0 0 0 1 0 0 0 1 0  )
                                ( 0 0 1 0 0 0 1 0 0 0 1 0 0 0 1 0  )
                                ( 0 0 1 0 0 0 1 0 0 0 1 0 0 0 1 0  )
                                ( 0 0 1 0 0 0 1 0 0 0 1 0 0 0 1 0  )
                                ( 0 0 1 0 0 0 1 0 0 0 1 0 0 0 1 0  )
                                ( 0 0 1 0 0 0 1 0 0 0 1 0 0 0 1 0  )
                                ( 0 0 1 0 0 0 1 0 0 0 1 0 0 0 1 0  )
                                ( 0 0 1 0 0 0 1 0 0 0 1 0 0 0 1 0  )
                                ( 0 0 1 0 0 0 1 0 0 0 1 0 0 0 1 0  )
                                ( 0 0 1 0 0 0 1 0 0 0 1 0 0 0 1 0  )
                                ( 0 0 1 0 0 0 1 0 0 0 1 0 0 0 1 0  )
                                ( 0 0 1 0 0 0 1 0 0 0 1 0 0 0 1 0  )
                                ( 0 0 1 0 0 0 1 0 0 0 1 0 0 0 1 0  )
                                ( 0 0 1 0 0 0 1 0 0 0 1 0 0 0 1 0  ) ) )
 ( display       cross        ( ( 1 0 0 0 1 0 0 0 1 0 0 0 1 0 0 0  )
                                ( 0 1 0 1 0 1 0 1 0 1 0 1 0 1 0 1  )
                                ( 0 0 1 0 0 0 1 0 0 0 1 0 0 0 1 0  )
                                ( 0 1 0 1 0 1 0 1 0 1 0 1 0 1 0 1  )
                                ( 1 0 0 0 1 0 0 0 1 0 0 0 1 0 0 0  )
                                ( 0 1 0 1 0 1 0 1 0 1 0 1 0 1 0 1  )
                                ( 0 0 1 0 0 0 1 0 0 0 1 0 0 0 1 0  )
                                ( 0 1 0 1 0 1 0 1 0 1 0 1 0 1 0 1  )
                                ( 1 0 0 0 1 0 0 0 1 0 0 0 1 0 0 0  )
                                ( 0 1 0 1 0 1 0 1 0 1 0 1 0 1 0 1  )
                                ( 0 0 1 0 0 0 1 0 0 0 1 0 0 0 1 0  )
                                ( 0 1 0 1 0 1 0 1 0 1 0 1 0 1 0 1  )
                                ( 1 0 0 0 1 0 0 0 1 0 0 0 1 0 0 0  )
                                ( 0 1 0 1 0 1 0 1 0 1 0 1 0 1 0 1  )
                                ( 0 0 1 0 0 0 1 0 0 0 1 0 0 0 1 0  )
                                ( 0 1 0 1 0 1 0 1 0 1 0 1 0 1 0 1  ) ) )
 ( display       grid         ( ( 0 0 0 1 0 0 0 1 0 0 0 1 0 0 0 1  )
                                ( 0 0 0 1 0 0 0 1 0 0 0 1 0 0 0 1  )
                                ( 0 0 0 1 0 0 0 1 0 0 0 1 0 0 0 1  )
                                ( 1 1 1 1 1 1 1 1 1 1 1 1 1 1 1 1  )
                                ( 0 0 0 1 0 0 0 1 0 0 0 1 0 0 0 1  )
                                ( 0 0 0 1 0 0 0 1 0 0 0 1 0 0 0 1  )
                                ( 0 0 0 1 0 0 0 1 0 0 0 1 0 0 0 1  )
                                ( 1 1 1 1 1 1 1 1 1 1 1 1 1 1 1 1  )
                                ( 0 0 0 1 0 0 0 1 0 0 0 1 0 0 0 1  )
                                ( 0 0 0 1 0 0 0 1 0 0 0 1 0 0 0 1  )
                                ( 0 0 0 1 0 0 0 1 0 0 0 1 0 0 0 1  )
                                ( 1 1 1 1 1 1 1 1 1 1 1 1 1 1 1 1  )
                                ( 0 0 0 1 0 0 0 1 0 0 0 1 0 0 0 1  )
                                ( 0 0 0 1 0 0 0 1 0 0 0 1 0 0 0 1  )
                                ( 0 0 0 1 0 0 0 1 0 0 0 1 0 0 0 1  )
                                ( 1 1 1 1 1 1 1 1 1 1 1 1 1 1 1 1  ) ) )
 ( display       slash        ( ( 0 0 0 1 0 0 0 1 0 0 0 1 0 0 0 1  )
                                ( 0 0 1 0 0 0 1 0 0 0 1 0 0 0 1 0  )
                                ( 0 1 0 0 0 1 0 0 0 1 0 0 0 1 0 0  )
                                ( 1 0 0 0 1 0 0 0 1 0 0 0 1 0 0 0  )
                                ( 0 0 0 1 0 0 0 1 0 0 0 1 0 0 0 1  )
                                ( 0 0 1 0 0 0 1 0 0 0 1 0 0 0 1 0  )
                                ( 0 1 0 0 0 1 0 0 0 1 0 0 0 1 0 0  )
                                ( 1 0 0 0 1 0 0 0 1 0 0 0 1 0 0 0  )
                                ( 0 0 0 1 0 0 0 1 0 0 0 1 0 0 0 1  )
                                ( 0 0 1 0 0 0 1 0 0 0 1 0 0 0 1 0  )
                                ( 0 1 0 0 0 1 0 0 0 1 0 0 0 1 0 0  )
                                ( 1 0 0 0 1 0 0 0 1 0 0 0 1 0 0 0  )
                                ( 0 0 0 1 0 0 0 1 0 0 0 1 0 0 0 1  )
                                ( 0 0 1 0 0 0 1 0 0 0 1 0 0 0 1 0  )
                                ( 0 1 0 0 0 1 0 0 0 1 0 0 0 1 0 0  )
                                ( 1 0 0 0 1 0 0 0 1 0 0 0 1 0 0 0  ) ) )
 ( display       backSlash    ( ( 1 0 0 0 1 0 0 0 1 0 0 0 1 0 0 0  )
                                ( 0 1 0 0 0 1 0 0 0 1 0 0 0 1 0 0  )
                                ( 0 0 1 0 0 0 1 0 0 0 1 0 0 0 1 0  )
                                ( 0 0 0 1 0 0 0 1 0 0 0 1 0 0 0 1  )
                                ( 1 0 0 0 1 0 0 0 1 0 0 0 1 0 0 0  )
                                ( 0 1 0 0 0 1 0 0 0 1 0 0 0 1 0 0  )
                                ( 0 0 1 0 0 0 1 0 0 0 1 0 0 0 1 0  )
                                ( 0 0 0 1 0 0 0 1 0 0 0 1 0 0 0 1  )
                                ( 1 0 0 0 1 0 0 0 1 0 0 0 1 0 0 0  )
                                ( 0 1 0 0 0 1 0 0 0 1 0 0 0 1 0 0  )
                                ( 0 0 1 0 0 0 1 0 0 0 1 0 0 0 1 0  )
                                ( 0 0 0 1 0 0 0 1 0 0 0 1 0 0 0 1  )
                                ( 1 0 0 0 1 0 0 0 1 0 0 0 1 0 0 0  )
                                ( 0 1 0 0 0 1 0 0 0 1 0 0 0 1 0 0  )
                                ( 0 0 1 0 0 0 1 0 0 0 1 0 0 0 1 0  )
                                ( 0 0 0 1 0 0 0 1 0 0 0 1 0 0 0 1  ) ) )
 ( display       hZigZag      ( ( 1 1 0 0 0 0 0 0 1 1 0 0 0 0 0 0  )
                                ( 0 0 1 0 0 0 0 0 0 0 1 0 0 0 0 0  )
                                ( 0 0 0 1 1 0 0 0 0 0 0 1 1 0 0 0  )
                                ( 0 0 0 0 0 1 0 0 0 0 0 0 0 1 0 0  )
                                ( 0 0 0 0 0 0 1 1 0 0 0 0 0 0 1 1  )
                                ( 1 0 0 0 0 0 0 0 1 0 0 0 0 0 0 0  )
                                ( 0 1 1 0 0 0 0 0 0 1 1 0 0 0 0 0  )
                                ( 0 0 0 1 0 0 0 0 0 0 0 1 0 0 0 0  )
                                ( 0 0 0 0 1 1 0 0 0 0 0 0 1 1 0 0  )
                                ( 0 0 0 0 0 0 1 0 0 0 0 0 0 0 1 0  )
                                ( 1 0 0 0 0 0 0 1 1 0 0 0 0 0 0 1  )
                                ( 0 1 0 0 0 0 0 0 0 1 0 0 0 0 0 0  )
                                ( 0 0 1 1 0 0 0 0 0 0 1 1 0 0 0 0  )
                                ( 0 0 0 0 1 0 0 0 0 0 0 0 1 0 0 0  )
                                ( 0 0 0 0 0 1 1 0 0 0 0 0 0 1 1 0  )
                                ( 0 0 0 0 0 0 0 1 0 0 0 0 0 0 0 1  ) ) )
 ( display       vZigZag      ( ( 1 0 0 0 0 1 0 0 0 0 1 0 0 0 0 0  )
                                ( 1 0 0 0 0 0 1 0 0 0 0 1 0 0 0 0  )
                                ( 0 1 0 0 0 0 1 0 0 0 0 0 1 0 0 0  )
                                ( 0 0 1 0 0 0 0 1 0 0 0 0 1 0 0 0  )
                                ( 0 0 1 0 0 0 0 0 1 0 0 0 0 1 0 0  )
                                ( 0 0 0 1 0 0 0 0 1 0 0 0 0 0 1 0  )
                                ( 0 0 0 0 1 0 0 0 0 1 0 0 0 0 1 0  )
                                ( 0 0 0 0 1 0 0 0 0 0 1 0 0 0 0 1  )
                                ( 1 0 0 0 0 1 0 0 0 0 1 0 0 0 0 0  )
                                ( 1 0 0 0 0 0 1 0 0 0 0 1 0 0 0 0  )
                                ( 0 1 0 0 0 0 1 0 0 0 0 0 1 0 0 0  )
                                ( 0 0 1 0 0 0 0 1 0 0 0 0 1 0 0 0  )
                                ( 0 0 1 0 0 0 0 0 1 0 0 0 0 1 0 0  )
                                ( 0 0 0 1 0 0 0 0 1 0 0 0 0 0 1 0  )
                                ( 0 0 0 0 1 0 0 0 0 1 0 0 0 0 1 0  )
                                ( 0 0 0 0 1 0 0 0 0 0 1 0 0 0 0 1  ) ) )
 ( display       hCurb        ( ( 0 0 0 0 0 0 0 0 0 0 0 0 0 0 0 0  )
                                ( 0 0 0 0 0 0 0 0 0 0 0 0 0 0 0 0  )
                                ( 0 0 0 1 1 1 1 1 0 0 0 1 1 1 1 1  )
                                ( 0 0 0 1 0 0 0 1 0 0 0 1 0 0 0 1  )
                                ( 0 0 0 1 0 0 0 1 0 0 0 1 0 0 0 1  )
                                ( 1 1 1 1 0 0 0 1 1 1 1 1 0 0 0 1  )
                                ( 0 0 0 0 0 0 0 0 0 0 0 0 0 0 0 0  )
                                ( 0 0 0 0 0 0 0 0 0 0 0 0 0 0 0 0  )
                                ( 0 0 0 0 0 0 0 0 0 0 0 0 0 0 0 0  )
                                ( 0 0 0 0 0 0 0 0 0 0 0 0 0 0 0 0  )
                                ( 0 0 0 1 1 1 1 1 0 0 0 1 1 1 1 1  )
                                ( 0 0 0 1 0 0 0 1 0 0 0 1 0 0 0 1  )
                                ( 0 0 0 1 0 0 0 1 0 0 0 1 0 0 0 1  )
                                ( 1 1 1 1 0 0 0 1 1 1 1 1 0 0 0 1  )
                                ( 0 0 0 0 0 0 0 0 0 0 0 0 0 0 0 0  )
                                ( 0 0 0 0 0 0 0 0 0 0 0 0 0 0 0 0  ) ) )
 ( display       vCurb        ( ( 0 0 0 0 0 1 0 0 0 0 0 0 0 1 0 0  )
                                ( 0 0 0 0 0 1 0 0 0 0 0 0 0 1 0 0  )
                                ( 0 0 0 0 0 1 0 0 0 0 0 0 0 1 0 0  )
                                ( 0 0 1 1 1 1 0 0 0 0 1 1 1 1 0 0  )
                                ( 0 0 1 0 0 0 0 0 0 0 1 0 0 0 0 0  )
                                ( 0 0 1 0 0 0 0 0 0 0 1 0 0 0 0 0  )
                                ( 0 0 1 0 0 0 0 0 0 0 1 0 0 0 0 0  )
                                ( 0 0 1 1 1 1 0 0 0 0 1 1 1 1 0 0  )
                                ( 0 0 0 0 0 1 0 0 0 0 0 0 0 1 0 0  )
                                ( 0 0 0 0 0 1 0 0 0 0 0 0 0 1 0 0  )
                                ( 0 0 0 0 0 1 0 0 0 0 0 0 0 1 0 0  )
                                ( 0 0 1 1 1 1 0 0 0 0 1 1 1 1 0 0  )
                                ( 0 0 1 0 0 0 0 0 0 0 1 0 0 0 0 0  )
                                ( 0 0 1 0 0 0 0 0 0 0 1 0 0 0 0 0  )
                                ( 0 0 1 0 0 0 0 0 0 0 1 0 0 0 0 0  )
                                ( 0 0 1 1 1 1 0 0 0 0 1 1 1 1 0 0  ) ) )
 ( display       brick        ( ( 1 1 1 1 1 1 1 1 1 1 1 1 1 1 1 1  )
                                ( 0 0 1 0 0 0 0 0 0 0 1 0 0 0 0 0  )
                                ( 0 0 1 0 0 0 0 0 0 0 1 0 0 0 0 0  )
                                ( 0 0 1 0 0 0 0 0 0 0 1 0 0 0 0 0  )
                                ( 1 1 1 1 1 1 1 1 1 1 1 1 1 1 1 1  )
                                ( 0 0 0 0 0 0 1 0 0 0 0 0 0 0 1 0  )
                                ( 0 0 0 0 0 0 1 0 0 0 0 0 0 0 1 0  )
                                ( 0 0 0 0 0 0 1 0 0 0 0 0 0 0 1 0  )
                                ( 1 1 1 1 1 1 1 1 1 1 1 1 1 1 1 1  )
                                ( 0 0 1 0 0 0 0 0 0 0 1 0 0 0 0 0  )
                                ( 0 0 1 0 0 0 0 0 0 0 1 0 0 0 0 0  )
                                ( 0 0 1 0 0 0 0 0 0 0 1 0 0 0 0 0  )
                                ( 1 1 1 1 1 1 1 1 1 1 1 1 1 1 1 1  )
                                ( 0 0 0 0 0 0 1 0 0 0 0 0 0 0 1 0  )
                                ( 0 0 0 0 0 0 1 0 0 0 0 0 0 0 1 0  )
                                ( 0 0 0 0 0 0 1 0 0 0 0 0 0 0 1 0  ) ) )
 ( display       dagger       ( ( 0 0 0 0 0 0 0 0 0 0 0 0 0 0 0 0  )
                                ( 0 0 1 0 0 0 0 0 0 0 1 0 0 0 0 0  )
                                ( 0 0 1 0 0 0 0 0 0 0 1 0 0 0 0 0  )
                                ( 0 0 1 0 0 0 0 0 0 0 1 0 0 0 0 0  )
                                ( 1 1 1 1 1 0 0 0 1 1 1 1 1 0 0 0  )
                                ( 0 0 1 0 0 0 0 0 0 0 1 0 0 0 0 0  )
                                ( 0 0 1 0 0 0 0 0 0 0 1 0 0 0 0 0  )
                                ( 0 0 1 0 0 0 0 0 0 0 1 0 0 0 0 0  )
                                ( 0 0 0 0 0 0 0 0 0 0 0 0 0 0 0 0  )
                                ( 0 0 0 0 0 1 0 0 0 0 0 0 0 1 0 0  )
                                ( 0 0 0 0 0 1 0 0 0 0 0 0 0 1 0 0  )
                                ( 0 0 0 0 0 1 0 0 0 0 0 0 0 1 0 0  )
                                ( 0 0 0 1 1 1 1 1 0 0 0 1 1 1 1 1  )
                                ( 0 0 0 0 0 1 0 0 0 0 0 0 0 1 0 0  )
                                ( 0 0 0 0 0 1 0 0 0 0 0 0 0 1 0 0  )
                                ( 0 0 0 0 0 1 0 0 0 0 0 0 0 1 0 0  ) ) )
 ( display       triangle     ( ( 0 0 0 0 0 0 0 0 0 0 0 0 0 0 0 0  )
                                ( 0 0 0 0 1 0 0 0 0 0 0 0 0 0 0 0  )
                                ( 0 0 0 1 0 1 0 0 0 0 0 0 0 0 0 0  )
                                ( 0 0 1 0 0 0 1 0 0 0 0 0 0 0 0 0  )
                                ( 0 1 0 0 0 0 0 1 0 0 0 0 0 0 0 0  )
                                ( 1 1 1 1 1 1 1 1 1 0 0 0 0 0 0 0  )
                                ( 0 0 0 0 0 0 0 0 0 0 0 0 0 0 0 0  )
                                ( 0 0 0 0 0 0 0 0 0 0 0 0 0 0 0 0  )
                                ( 0 0 0 0 0 0 0 0 0 0 0 0 0 0 0 0  )
                                ( 0 0 0 0 0 0 0 0 0 0 0 1 0 0 0 0  )
                                ( 0 0 0 0 0 0 0 0 0 0 1 0 1 0 0 0  )
                                ( 0 0 0 0 0 0 0 0 0 1 0 0 0 1 0 0  )
                                ( 0 0 0 0 0 0 0 0 1 0 0 0 0 0 1 0  )
                                ( 0 0 0 0 0 0 0 1 1 1 1 1 1 1 1 1  )
                                ( 0 0 0 0 0 0 0 0 0 0 0 0 0 0 0 0  )
                                ( 0 0 0 0 0 0 0 0 0 0 0 0 0 0 0 0  ) ) )
 ( display       x            ( ( 1 0 0 0 1 0 0 0 1 0 0 0 1 0 0 0  )
                                ( 0 1 0 1 0 1 0 1 0 1 0 1 0 1 0 1  )
                                ( 0 0 1 0 0 0 1 0 0 0 1 0 0 0 1 0  )
                                ( 0 1 0 1 0 1 0 1 0 1 0 1 0 1 0 1  )
                                ( 1 0 0 0 1 0 0 0 1 0 0 0 1 0 0 0  )
                                ( 0 1 0 1 0 1 0 1 0 1 0 1 0 1 0 1  )
                                ( 0 0 1 0 0 0 1 0 0 0 1 0 0 0 1 0  )
                                ( 0 1 0 1 0 1 0 1 0 1 0 1 0 1 0 1  )
                                ( 1 0 0 0 1 0 0 0 1 0 0 0 1 0 0 0  )
                                ( 0 1 0 1 0 1 0 1 0 1 0 1 0 1 0 1  )
                                ( 0 0 1 0 0 0 1 0 0 0 1 0 0 0 1 0  )
                                ( 0 1 0 1 0 1 0 1 0 1 0 1 0 1 0 1  )
                                ( 1 0 0 0 1 0 0 0 1 0 0 0 1 0 0 0  )
                                ( 0 1 0 1 0 1 0 1 0 1 0 1 0 1 0 1  )
                                ( 0 0 1 0 0 0 1 0 0 0 1 0 0 0 1 0  )
                                ( 0 1 0 1 0 1 0 1 0 1 0 1 0 1 0 1  ) ) )
 ( display       backslash    ( ( 1 0 0 0 1 0 0 0 1 0 0 0 1 0 0 0  )
                                ( 0 1 0 0 0 1 0 0 0 1 0 0 0 1 0 0  )
                                ( 0 0 1 0 0 0 1 0 0 0 1 0 0 0 1 0  )
                                ( 0 0 0 1 0 0 0 1 0 0 0 1 0 0 0 1  )
                                ( 1 0 0 0 1 0 0 0 1 0 0 0 1 0 0 0  )
                                ( 0 1 0 0 0 1 0 0 0 1 0 0 0 1 0 0  )
                                ( 0 0 1 0 0 0 1 0 0 0 1 0 0 0 1 0  )
                                ( 0 0 0 1 0 0 0 1 0 0 0 1 0 0 0 1  )
                                ( 1 0 0 0 1 0 0 0 1 0 0 0 1 0 0 0  )
                                ( 0 1 0 0 0 1 0 0 0 1 0 0 0 1 0 0  )
                                ( 0 0 1 0 0 0 1 0 0 0 1 0 0 0 1 0  )
                                ( 0 0 0 1 0 0 0 1 0 0 0 1 0 0 0 1  )
                                ( 1 0 0 0 1 0 0 0 1 0 0 0 1 0 0 0  )
                                ( 0 1 0 0 0 1 0 0 0 1 0 0 0 1 0 0  )
                                ( 0 0 1 0 0 0 1 0 0 0 1 0 0 0 1 0  )
                                ( 0 0 0 1 0 0 0 1 0 0 0 1 0 0 0 1  ) ) )
 ( display       stipple18    ( ( 1 0 0 0 0 0 0 0 0 0 0 0 0 0 0 0  )
                                ( 0 1 0 0 0 0 0 0 0 0 0 0 0 0 0 0  )
                                ( 0 0 1 0 0 0 0 0 0 0 0 0 0 0 0 0  )
                                ( 0 0 0 1 0 0 0 0 0 0 0 0 0 0 0 0  )
                                ( 0 0 0 0 1 0 0 0 0 0 0 0 0 0 0 0  )
                                ( 0 0 0 0 0 1 0 0 0 0 0 0 0 0 0 0  )
                                ( 0 0 0 0 0 0 1 0 0 0 0 0 0 0 0 0  )
                                ( 0 0 0 0 0 0 0 1 0 0 0 0 0 0 0 0  )
                                ( 0 0 0 0 0 0 0 0 1 0 0 0 0 0 0 0  )
                                ( 0 0 0 0 0 0 0 0 0 1 0 0 0 0 0 0  )
                                ( 0 0 0 0 0 0 0 0 0 0 1 0 0 0 0 0  )
                                ( 0 0 0 0 0 0 0 0 0 0 0 1 0 0 0 0  )
                                ( 0 0 0 0 0 0 0 0 0 0 0 0 1 0 0 0  )
                                ( 0 0 0 0 0 0 0 0 0 0 0 0 0 1 0 0  )
                                ( 0 0 0 0 0 0 0 0 0 0 0 0 0 0 1 0  )
                                ( 0 0 0 0 0 0 0 0 0 0 0 0 0 0 0 1  ) ) )
 ( display       stipple61    ( ( 0 1 0 0 0 0 0 0 0 0 0 0 0 0 0 0  )
                                ( 0 1 0 0 0 0 0 0 0 0 0 0 0 0 0 0  )
                                ( 0 1 0 0 0 0 0 0 0 0 0 0 0 0 0 0  )
                                ( 0 0 0 0 0 0 0 0 0 0 0 0 0 0 0 0  )
                                ( 0 0 0 0 0 0 0 0 0 0 0 0 0 0 0 0  )
                                ( 0 0 0 0 0 0 0 0 0 0 0 0 0 0 0 0  )
                                ( 0 0 0 0 0 0 0 0 0 1 0 0 0 0 0 0  )
                                ( 0 0 0 0 0 0 0 0 0 1 0 0 0 0 0 0  )
                                ( 0 0 0 0 0 0 0 0 0 1 0 0 0 0 0 0  )
                                ( 0 0 0 0 0 0 0 0 0 1 0 0 0 0 0 0  )
                                ( 0 0 0 0 0 0 0 0 0 1 0 0 0 0 0 0  )
                                ( 0 0 0 0 0 0 0 0 0 0 0 0 0 0 0 0  )
                                ( 0 0 0 0 0 0 0 0 0 0 0 0 0 0 0 0  )
                                ( 0 0 0 0 0 0 0 0 0 0 0 0 0 0 0 0  )
                                ( 0 1 0 0 0 0 0 0 0 0 0 0 0 0 0 0  )
                                ( 0 1 0 0 0 0 0 0 0 0 0 0 0 0 0 0  ) ) )
 ( display       stipple30    ( ( 0 0 0 0 0 0 0 0 0 0 0 0 0 0 0 0  )
                                ( 0 0 0 0 1 0 0 0 1 0 0 0 1 0 0 0  )
                                ( 0 0 0 0 0 0 0 0 0 0 0 0 0 0 0 0  )
                                ( 1 0 0 0 0 0 0 0 1 0 0 0 1 0 0 0  )
                                ( 0 0 0 0 0 0 0 0 0 0 0 0 0 0 0 0  )
                                ( 1 0 0 0 1 0 0 0 0 0 0 0 0 0 0 0  )
                                ( 0 0 0 0 0 0 0 0 0 0 0 0 0 0 0 0  )
                                ( 0 0 0 0 1 0 0 0 1 0 0 0 0 0 0 0  )
                                ( 0 0 0 0 0 0 0 0 0 0 0 0 0 0 0 0  )
                                ( 1 0 0 0 0 0 0 0 1 0 0 0 1 0 0 0  )
                                ( 0 0 0 0 0 0 0 0 0 0 0 0 0 0 0 0  )
                                ( 1 0 0 0 1 0 0 0 0 0 0 0 1 0 0 0  )
                                ( 0 0 0 0 0 0 0 0 0 0 0 0 0 0 0 0  )
                                ( 0 0 0 0 1 0 0 0 1 0 0 0 0 0 0 0  )
                                ( 0 0 0 0 0 0 0 0 0 0 0 0 0 0 0 0  )
                                ( 1 0 0 0 0 0 0 0 1 0 0 0 1 0 0 0  ) ) )
 ( display       dot4         ( ( 0 0 0 0 0 0 0 0 0 0 0 0 0 0 0 0  )
                                ( 0 1 0 0 0 1 0 0 0 1 0 0 0 1 0 0  )
                                ( 0 0 0 0 0 0 0 0 0 0 0 0 0 0 0 0  )
                                ( 0 0 0 0 0 0 0 0 0 0 0 0 0 0 0 0  )
                                ( 0 0 0 0 0 0 0 0 0 0 0 0 0 0 0 0  )
                                ( 0 1 0 0 0 1 0 0 0 1 0 0 0 1 0 0  )
                                ( 0 0 0 0 0 0 0 0 0 0 0 0 0 0 0 0  )
                                ( 0 0 0 0 0 0 0 0 0 0 0 0 0 0 0 0  )
                                ( 0 0 0 0 0 0 0 0 0 0 0 0 0 0 0 0  )
                                ( 0 1 0 0 0 1 0 0 0 1 0 0 0 1 0 0  )
                                ( 0 0 0 0 0 0 0 0 0 0 0 0 0 0 0 0  )
                                ( 0 0 0 0 0 0 0 0 0 0 0 0 0 0 0 0  )
                                ( 0 0 0 0 0 0 0 0 0 0 0 0 0 0 0 0  )
                                ( 0 1 0 0 0 1 0 0 0 1 0 0 0 1 0 0  )
                                ( 0 0 0 0 0 0 0 0 0 0 0 0 0 0 0 0  )
                                ( 0 0 0 0 0 0 0 0 0 0 0 0 0 0 0 0  ) ) )
 ( display       dot2         ( ( 0 0 0 0 0 0 0 0 0 0 0 0 0 0 0 0  )
                                ( 0 0 0 0 0 0 0 0 0 0 0 0 0 0 0 0  )
                                ( 0 0 0 0 0 0 0 0 0 0 0 0 0 0 0 0  )
                                ( 0 0 0 1 1 1 0 0 0 0 0 0 0 0 0 0  )
                                ( 0 0 0 1 1 1 0 0 0 0 0 0 0 0 0 0  )
                                ( 0 0 0 1 1 1 0 0 0 0 0 0 0 0 0 0  )
                                ( 0 0 0 0 0 0 0 0 0 0 0 0 0 0 0 0  )
                                ( 0 0 0 0 0 0 0 0 0 0 0 0 0 0 0 0  )
                                ( 0 0 0 0 0 0 0 0 0 0 0 0 0 0 0 0  )
                                ( 0 0 0 0 0 0 0 0 0 0 0 0 0 0 0 0  )
                                ( 0 0 0 0 0 0 0 0 0 0 0 0 0 0 0 0  )
                                ( 0 0 0 0 0 0 0 0 0 0 0 0 0 0 0 0  )
                                ( 0 0 0 0 0 0 0 0 0 0 0 0 0 0 0 0  )
                                ( 0 0 0 0 0 0 0 0 0 0 0 0 0 0 0 0  )
                                ( 0 0 0 0 0 0 0 0 0 0 0 0 0 0 0 0  )
                                ( 0 0 0 0 0 0 0 0 0 0 0 0 0 0 0 0  ) ) )
 ( display       dot1         ( ( 0 0 0 0 0 0 0 0 0 0 0 0 0 0 0 0  )
                                ( 0 1 0 0 0 0 0 0 0 0 0 0 0 0 1 0  )
                                ( 0 0 0 0 0 0 0 0 0 0 0 0 0 0 0 0  )
                                ( 0 0 0 0 0 0 0 0 0 0 0 0 0 0 0 0  )
                                ( 0 0 0 0 0 0 0 0 0 0 0 0 0 0 0 0  )
                                ( 0 0 0 0 0 0 0 0 0 0 0 0 0 0 0 0  )
                                ( 0 0 0 0 0 0 0 0 0 0 0 0 0 0 0 0  )
                                ( 0 0 0 0 0 0 0 0 0 0 0 0 0 0 0 0  )
                                ( 0 0 0 0 0 0 0 0 1 0 0 0 0 0 0 0  )
                                ( 0 0 0 0 0 0 0 0 0 0 0 0 0 0 0 0  )
                                ( 0 0 0 0 0 0 0 0 0 0 0 0 0 0 0 0  )
                                ( 0 0 0 0 0 0 0 0 0 0 0 0 0 0 0 0  )
                                ( 0 0 0 0 0 0 0 0 0 0 0 0 0 0 0 0  )
                                ( 0 0 0 0 0 0 0 0 0 0 0 0 0 0 0 0  )
                                ( 0 1 0 0 0 0 0 0 0 0 0 0 0 0 1 0  )
                                ( 0 0 0 0 0 0 0 0 0 0 0 0 0 0 0 0  ) ) )
 ( display       stipple4     ( ( 0 1 0 0 0 1 0 0 0 1 0 0 0 1 0 0  )
                                ( 0 0 1 0 0 0 1 0 0 0 1 0 0 0 1 0  )
                                ( 0 0 0 1 0 0 0 1 0 0 0 1 0 0 0 1  )
                                ( 1 0 0 0 1 0 0 0 1 0 0 0 1 0 0 0  )
                                ( 0 1 0 0 0 1 0 0 0 1 0 0 0 1 0 0  )
                                ( 0 0 1 0 0 0 1 0 0 0 1 0 0 0 1 0  )
                                ( 0 0 0 1 0 0 0 1 0 0 0 1 0 0 0 1  )
                                ( 1 0 0 0 1 0 0 0 1 0 0 0 1 0 0 0  )
                                ( 0 1 0 0 0 1 0 0 0 1 0 0 0 1 0 0  )
                                ( 0 0 1 0 0 0 1 0 0 0 1 0 0 0 1 0  )
                                ( 0 0 0 1 0 0 0 1 0 0 0 1 0 0 0 1  )
                                ( 1 0 0 0 1 0 0 0 1 0 0 0 1 0 0 0  )
                                ( 0 1 0 0 0 1 0 0 0 1 0 0 0 1 0 0  )
                                ( 0 0 1 0 0 0 1 0 0 0 1 0 0 0 1 0  )
                                ( 0 0 0 1 0 0 0 1 0 0 0 1 0 0 0 1  )
                                ( 1 0 0 0 1 0 0 0 1 0 0 0 1 0 0 0  ) ) )
 ( display       stipple31    ( ( 0 1 0 0 0 0 0 0 0 1 0 0 0 0 0 0  )
                                ( 0 1 0 0 0 0 0 0 0 1 0 0 0 0 0 0  )
                                ( 0 1 0 0 0 0 0 0 0 1 0 0 0 0 0 0  )
                                ( 0 1 0 0 0 0 0 0 0 1 0 0 0 0 0 0  )
                                ( 0 0 1 0 0 0 0 0 0 0 1 0 0 0 0 0  )
                                ( 0 0 1 0 0 0 0 0 0 0 1 0 0 0 0 0  )
                                ( 0 0 1 0 0 0 0 0 0 0 1 0 0 0 0 0  )
                                ( 0 0 1 0 0 0 0 0 0 0 1 0 0 0 0 0  )
                                ( 0 1 0 0 0 0 0 0 0 1 0 0 0 0 0 0  )
                                ( 0 1 0 0 0 0 0 0 0 1 0 0 0 0 0 0  )
                                ( 0 1 0 0 0 0 0 0 0 1 0 0 0 0 0 0  )
                                ( 0 1 0 0 0 0 0 0 0 1 0 0 0 0 0 0  )
                                ( 0 0 1 0 0 0 0 0 0 0 1 0 0 0 0 0  )
                                ( 0 0 1 0 0 0 0 0 0 0 1 0 0 0 0 0  )
                                ( 0 0 1 0 0 0 0 0 0 0 1 0 0 0 0 0  )
                                ( 0 0 1 0 0 0 0 0 0 0 1 0 0 0 0 0  ) ) )
 ( display       stipple36    ( ( 0 0 0 1 0 0 0 0 0 0 0 1 0 0 0 0  )
                                ( 0 0 1 0 0 0 0 0 0 0 1 0 0 0 0 0  )
                                ( 0 0 1 0 0 0 0 0 0 0 1 0 0 0 0 0  )
                                ( 0 1 0 0 0 0 0 0 0 1 0 0 0 0 0 0  )
                                ( 0 1 0 0 0 0 0 0 0 1 0 0 0 0 0 0  )
                                ( 1 0 0 0 0 0 0 0 1 0 0 0 0 0 0 0  )
                                ( 0 0 0 0 0 0 0 0 1 0 0 0 0 0 0 0  )
                                ( 0 0 0 0 0 0 0 1 0 0 0 0 0 0 0 1  )
                                ( 0 0 0 0 0 0 0 1 0 0 0 0 0 0 0 1  )
                                ( 0 0 0 0 0 0 1 0 0 0 0 0 0 0 1 0  )
                                ( 0 0 0 0 0 0 1 0 0 0 0 0 0 0 1 0  )
                                ( 0 0 0 0 0 1 0 0 0 0 0 0 0 1 0 0  )
                                ( 0 0 0 0 0 1 0 0 0 0 0 0 0 1 0 0  )
                                ( 0 0 0 0 1 0 0 0 0 0 0 0 1 0 0 0  )
                                ( 0 0 0 0 1 0 0 0 0 0 0 0 1 0 0 0  )
                                ( 0 0 0 1 0 0 0 0 0 0 0 1 0 0 0 0  ) ) )
 ( display       stipple51    ( ( 0 0 0 1 0 0 0 0 0 0 0 0 0 0 0 0  )
                                ( 0 0 1 0 0 0 0 0 0 0 0 0 0 0 0 0  )
                                ( 0 1 0 0 0 0 0 0 0 0 0 0 0 0 0 0  )
                                ( 1 0 0 0 0 0 0 0 0 0 0 0 0 0 0 0  )
                                ( 0 0 0 0 0 0 0 0 0 0 0 0 0 0 0 1  )
                                ( 0 0 0 1 1 1 1 1 0 0 0 0 0 0 1 0  )
                                ( 0 0 0 1 0 1 0 1 0 0 0 0 0 1 0 0  )
                                ( 0 0 0 1 0 1 0 1 0 0 0 0 1 0 0 0  )
                                ( 0 0 0 1 0 0 0 1 0 0 0 1 0 0 0 0  )
                                ( 0 0 0 0 0 0 0 0 0 0 1 0 0 0 0 0  )
                                ( 0 0 0 0 0 0 0 0 0 1 0 0 0 0 0 0  )
                                ( 0 0 0 0 0 0 0 0 1 0 0 0 0 0 0 0  )
                                ( 0 0 0 0 0 0 0 1 0 0 0 0 0 0 0 0  )
                                ( 0 0 0 0 0 0 1 0 0 0 0 0 0 0 0 0  )
                                ( 0 0 0 0 0 1 0 0 0 0 0 0 0 0 0 0  )
                                ( 0 0 0 0 1 0 0 0 0 0 0 0 0 0 0 0  ) ) )
 ( display       stipple46    ( ( 1 0 0 0 0 0 0 0 0 0 0 0 0 0 0 0  )
                                ( 0 1 0 0 0 0 0 0 0 0 0 0 0 0 0 0  )
                                ( 0 0 1 0 0 0 0 0 0 0 0 0 0 0 0 0  )
                                ( 0 0 0 1 0 0 0 0 0 0 0 0 0 0 0 0  )
                                ( 0 0 0 0 1 0 0 0 0 0 0 0 0 0 0 0  )
                                ( 0 0 0 0 0 0 0 0 0 0 0 0 0 0 0 0  )
                                ( 0 0 0 0 0 0 1 1 1 1 1 0 0 0 0 0  )
                                ( 0 0 0 0 0 0 1 0 1 0 1 0 0 0 0 0  )
                                ( 0 0 0 0 0 0 1 0 1 0 1 0 0 0 0 0  )
                                ( 0 0 0 0 0 0 1 0 1 0 1 0 0 0 0 0  )
                                ( 0 0 0 0 0 0 0 0 0 0 0 0 0 0 0 0  )
                                ( 0 0 0 0 0 0 0 0 0 0 0 1 0 0 0 0  )
                                ( 0 0 0 0 0 0 0 0 0 0 0 0 1 0 0 0  )
                                ( 0 0 0 0 0 0 0 0 0 0 0 0 0 1 0 0  )
                                ( 0 0 0 0 0 0 0 0 0 0 0 0 0 0 1 0  )
                                ( 0 0 0 0 0 0 0 0 0 0 0 0 0 0 0 1  ) ) )
 ( display       stipple60    ( ( 0 0 0 0 0 0 0 0 0 0 0 0 0 0 0 0  )
                                ( 0 0 0 0 0 0 0 0 0 0 0 0 0 0 0 0  )
                                ( 0 0 0 0 0 0 0 0 0 0 0 0 0 0 0 0  )
                                ( 0 0 0 0 0 0 0 0 0 0 0 0 0 0 0 0  )
                                ( 0 0 0 0 0 0 0 0 0 0 0 0 0 0 0 0  )
                                ( 0 0 0 0 0 0 0 0 0 0 0 0 0 0 0 0  )
                                ( 0 0 0 0 0 0 1 1 1 1 1 0 0 0 0 0  )
                                ( 0 0 0 0 0 0 1 0 1 0 1 0 0 0 0 0  )
                                ( 0 0 0 0 0 0 1 0 1 0 1 0 0 0 0 0  )
                                ( 0 0 0 0 0 0 1 0 1 0 1 0 0 0 0 0  )
                                ( 0 0 0 0 0 0 0 0 0 0 0 0 0 0 0 0  )
                                ( 0 0 0 0 0 0 0 0 0 0 0 0 0 0 0 0  )
                                ( 0 0 0 0 0 0 0 0 0 0 0 0 0 0 0 0  )
                                ( 0 0 0 0 0 0 0 0 0 0 0 0 0 0 0 0  )
                                ( 0 0 0 0 0 0 0 0 0 0 0 0 0 0 0 0  )
                                ( 0 0 0 0 0 0 0 0 0 0 0 0 0 0 0 0  ) ) )
 ( display       stipple27    ( ( 0 0 1 0 0 0 0 0 0 0 1 0 0 0 0 0  )
                                ( 0 0 1 0 0 0 0 0 0 0 1 0 0 0 0 0  )
                                ( 0 0 1 0 0 0 0 0 0 0 1 0 0 0 0 0  )
                                ( 0 0 1 0 0 0 0 0 0 0 1 0 0 0 0 0  )
                                ( 0 0 0 1 1 0 0 0 0 0 0 1 1 0 0 0  )
                                ( 0 0 0 0 1 0 0 0 0 0 0 0 1 0 0 0  )
                                ( 0 0 0 0 1 0 0 0 0 0 0 0 1 0 0 0  )
                                ( 0 0 0 1 1 0 0 0 0 0 0 1 1 0 0 0  )
                                ( 0 0 1 0 0 0 0 0 0 0 1 0 0 0 0 0  )
                                ( 0 0 1 0 1 1 1 1 1 0 1 0 0 0 0 0  )
                                ( 0 0 1 0 1 0 1 0 1 0 1 0 0 0 0 0  )
                                ( 0 0 1 0 1 0 1 0 1 0 1 0 0 0 0 0  )
                                ( 1 1 0 0 1 0 1 0 1 0 0 0 0 0 0 0  )
                                ( 1 0 0 0 0 0 0 0 0 0 0 0 0 0 0 0  )
                                ( 1 0 0 0 0 0 0 0 1 0 0 0 0 0 0 0  )
                                ( 1 1 0 0 0 0 0 0 1 1 0 0 0 0 0 0  ) ) )
 ( display       stipple1     ( ( 0 1 0 1 0 1 0 1 0 1 0 1 0 1 0 1  )
                                ( 0 0 0 0 0 0 0 0 0 0 0 0 0 0 0 0  )
                                ( 0 1 0 1 0 1 0 1 0 1 0 1 0 1 0 1  )
                                ( 0 0 0 0 0 0 0 0 0 0 0 0 0 0 0 0  )
                                ( 0 1 0 1 0 1 0 1 0 1 0 1 0 1 0 1  )
                                ( 0 0 0 0 0 0 0 0 0 0 0 0 0 0 0 0  )
                                ( 0 1 0 1 0 1 0 1 0 1 0 1 0 1 0 1  )
                                ( 0 0 0 0 0 0 0 0 0 0 0 0 0 0 0 0  )
                                ( 0 1 0 1 0 1 0 1 0 1 0 1 0 1 0 1  )
                                ( 0 0 0 0 0 0 0 0 0 0 0 0 0 0 0 0  )
                                ( 0 1 0 1 0 1 0 1 0 1 0 1 0 1 0 1  )
                                ( 0 0 0 0 0 0 0 0 0 0 0 0 0 0 0 0  )
                                ( 0 1 0 1 0 1 0 1 0 1 0 1 0 1 0 1  )
                                ( 0 0 0 0 0 0 0 0 0 0 0 0 0 0 0 0  )
                                ( 0 1 0 1 0 1 0 1 0 1 0 1 0 1 0 1  )
                                ( 0 0 0 0 0 0 0 0 0 0 0 0 0 0 0 0  ) ) )
 ( display       stipple9     ( ( 0 0 0 0 0 0 0 0 0 0 0 1 0 0 0 0  )
                                ( 0 0 0 0 0 0 0 0 0 0 1 0 0 0 0 0  )
                                ( 0 0 0 0 0 0 0 0 0 1 0 0 0 0 0 0  )
                                ( 0 0 0 0 0 0 0 0 1 0 0 0 0 0 0 0  )
                                ( 0 0 0 0 0 0 0 1 0 0 0 0 0 0 0 0  )
                                ( 0 0 0 0 0 0 1 0 0 0 0 0 0 0 0 0  )
                                ( 0 0 0 0 0 1 0 0 0 0 0 0 0 0 0 0  )
                                ( 0 0 0 0 1 0 0 0 0 0 0 0 0 0 0 0  )
                                ( 0 0 0 0 0 0 0 0 0 0 0 0 0 0 0 0  )
                                ( 0 0 0 0 0 0 0 0 0 0 0 0 0 0 0 0  )
                                ( 0 0 0 0 0 0 0 0 0 0 1 0 0 0 0 0  )
                                ( 0 0 0 0 0 0 0 0 0 1 0 0 0 0 0 0  )
                                ( 0 0 0 0 0 0 0 0 1 0 0 0 0 0 0 0  )
                                ( 0 0 0 0 0 0 0 1 0 0 0 0 0 0 0 0  )
                                ( 0 0 0 0 0 0 1 0 0 0 0 0 0 0 0 0  )
                                ( 0 0 0 0 0 1 0 0 0 0 0 0 0 0 0 0  ) ) )
 ( display       stipple14    ( ( 0 0 0 0 0 0 0 0 0 0 0 0 0 0 0 0  )
                                ( 0 0 1 0 0 1 0 0 0 0 1 0 0 1 0 0  )
                                ( 0 1 0 0 0 0 1 0 0 1 0 0 0 0 1 0  )
                                ( 0 0 0 0 0 0 0 0 0 0 0 0 0 0 0 0  )
                                ( 0 0 0 0 0 0 0 0 0 0 0 0 0 0 0 0  )
                                ( 0 1 0 0 0 0 1 0 0 1 0 0 0 0 1 0  )
                                ( 0 0 1 0 0 1 0 0 0 0 1 0 0 1 0 0  )
                                ( 0 0 0 0 0 0 0 1 1 0 0 0 0 0 0 0  )
                                ( 0 0 0 0 0 0 0 1 1 0 0 0 0 0 0 0  )
                                ( 0 0 1 0 0 1 0 0 0 0 1 0 0 1 0 0  )
                                ( 0 1 0 0 0 0 1 0 0 1 0 0 0 0 1 0  )
                                ( 0 0 0 0 0 0 0 0 0 0 0 0 0 0 0 0  )
                                ( 0 0 0 0 0 0 0 0 0 0 0 0 0 0 0 0  )
                                ( 0 1 0 0 0 0 1 0 0 1 0 0 0 0 1 0  )
                                ( 0 0 1 0 0 1 0 0 0 0 1 0 0 1 0 0  )
                                ( 0 0 0 0 0 0 0 0 0 0 0 0 0 0 0 0  ) ) )
 ( display       stipple3     ( ( 0 1 0 0 0 1 0 0 0 1 0 0 0 1 0 0  )
                                ( 0 1 0 0 0 1 0 0 0 1 0 0 0 1 0 0  )
                                ( 0 1 0 0 0 1 0 0 0 1 0 0 0 1 0 0  )
                                ( 0 1 0 0 0 1 0 0 0 1 0 0 0 1 0 0  )
                                ( 0 0 1 0 0 0 1 0 0 0 1 0 0 0 1 0  )
                                ( 0 0 1 0 0 0 1 0 0 0 1 0 0 0 1 0  )
                                ( 0 0 1 0 0 0 1 0 0 0 1 0 0 0 1 0  )
                                ( 0 0 1 0 0 0 1 0 0 0 1 0 0 0 1 0  )
                                ( 0 1 0 0 0 1 0 0 0 1 0 0 0 1 0 0  )
                                ( 0 1 0 0 0 1 0 0 0 1 0 0 0 1 0 0  )
                                ( 0 1 0 0 0 1 0 0 0 1 0 0 0 1 0 0  )
                                ( 0 1 0 0 0 1 0 0 0 1 0 0 0 1 0 0  )
                                ( 0 0 1 0 0 0 1 0 0 0 1 0 0 0 1 0  )
                                ( 0 0 1 0 0 0 1 0 0 0 1 0 0 0 1 0  )
                                ( 0 0 1 0 0 0 1 0 0 0 1 0 0 0 1 0  )
                                ( 0 0 1 0 0 0 1 0 0 0 1 0 0 0 1 0  ) ) )
 ( display       stipple15    ( ( 0 0 0 0 1 0 0 0 0 0 0 0 1 0 0 0  )
                                ( 0 0 0 0 0 1 0 0 0 0 0 0 0 1 0 0  )
                                ( 0 0 0 0 0 0 1 0 0 0 0 0 0 0 1 0  )
                                ( 0 0 0 0 0 0 0 1 0 0 0 0 0 0 0 1  )
                                ( 1 0 0 0 0 0 0 0 1 0 0 0 0 0 0 0  )
                                ( 0 1 0 0 0 0 0 0 0 1 0 0 0 0 0 0  )
                                ( 0 0 1 0 0 0 0 0 0 0 1 0 0 0 0 0  )
                                ( 0 0 0 1 0 0 0 0 0 0 0 1 0 0 0 0  )
                                ( 0 0 0 0 1 0 0 0 0 0 0 0 1 0 0 0  )
                                ( 0 0 0 0 0 1 0 0 0 0 0 0 0 1 0 0  )
                                ( 0 0 0 0 0 0 1 0 0 0 0 0 0 0 1 0  )
                                ( 0 0 0 0 0 0 0 1 0 0 0 0 0 0 0 1  )
                                ( 1 0 0 0 0 0 0 0 1 0 0 0 0 0 0 0  )
                                ( 0 1 0 0 0 0 0 0 0 1 0 0 0 0 0 0  )
                                ( 0 0 1 0 0 0 0 0 0 0 1 0 0 0 0 0  )
                                ( 0 0 0 1 0 0 0 0 0 0 0 1 0 0 0 0  ) ) )
 ( display       stipple47    ( ( 1 1 1 1 1 1 1 0 1 1 1 1 1 1 1 0  )
                                ( 1 0 0 0 0 0 1 0 1 0 0 0 0 0 1 0  )
                                ( 1 0 1 1 1 0 1 0 1 0 1 1 1 0 1 0  )
                                ( 1 0 1 0 1 0 1 0 1 0 1 0 1 0 1 0  )
                                ( 1 0 1 0 0 0 1 0 1 0 1 0 0 0 1 0  )
                                ( 1 0 1 1 1 1 1 0 1 0 1 1 1 1 1 0  )
                                ( 1 0 0 0 0 0 0 0 1 0 0 0 0 0 0 0  )
                                ( 1 1 1 1 1 1 1 1 1 1 1 1 1 1 1 1  )
                                ( 1 1 1 1 1 1 1 0 1 1 1 1 1 1 1 0  )
                                ( 1 0 0 0 0 0 1 0 1 0 0 0 0 0 1 0  )
                                ( 1 0 1 1 1 0 1 0 1 0 1 1 1 0 1 0  )
                                ( 1 0 1 0 1 0 1 0 1 0 1 0 1 0 1 0  )
                                ( 1 0 1 0 0 0 1 0 1 0 1 0 0 0 1 0  )
                                ( 1 0 1 1 1 1 1 0 1 0 1 1 1 1 1 0  )
                                ( 1 0 0 0 0 0 0 0 1 0 0 0 0 0 0 0  )
                                ( 1 1 1 1 1 1 1 1 1 1 1 1 1 1 1 1  ) ) )
 ( display       stipple8     ( ( 1 0 0 0 0 0 0 0 1 0 0 0 0 0 0 0  )
                                ( 0 1 0 0 0 0 0 0 0 1 0 0 0 0 0 0  )
                                ( 0 0 1 0 0 0 0 0 0 0 1 0 0 0 0 0  )
                                ( 0 0 0 1 0 0 0 0 0 0 0 1 0 0 0 0  )
                                ( 0 0 0 0 1 0 0 0 0 0 0 0 1 0 0 0  )
                                ( 0 0 0 0 0 1 0 0 0 0 0 0 0 1 0 0  )
                                ( 0 0 0 0 0 0 1 0 0 0 0 0 0 0 1 0  )
                                ( 0 0 0 0 0 0 0 1 0 0 0 0 0 0 0 1  )
                                ( 1 0 0 0 0 0 0 0 1 0 0 0 0 0 0 0  )
                                ( 0 1 0 0 0 0 0 0 0 1 0 0 0 0 0 0  )
                                ( 0 0 1 0 0 0 0 0 0 0 1 0 0 0 0 0  )
                                ( 0 0 0 1 0 0 0 0 0 0 0 1 0 0 0 0  )
                                ( 0 0 0 0 1 0 0 0 0 0 0 0 1 0 0 0  )
                                ( 0 0 0 0 0 1 0 0 0 0 0 0 0 1 0 0  )
                                ( 0 0 0 0 0 0 1 0 0 0 0 0 0 0 1 0  )
                                ( 0 0 0 0 0 0 0 1 0 0 0 0 0 0 0 1  ) ) )
 ( display       stipple21    ( ( 0 0 0 0 0 0 0 0 0 0 0 0 0 0 0 0  )
                                ( 0 0 0 0 0 0 0 0 0 0 0 0 0 0 0 0  )
                                ( 0 0 0 0 0 0 0 0 0 0 0 0 0 0 0 0  )
                                ( 0 1 1 1 1 1 0 0 0 0 0 0 0 0 0 0  )
                                ( 0 1 0 0 0 1 0 0 0 0 0 0 0 0 0 0  )
                                ( 0 1 0 0 0 1 0 0 0 0 0 0 0 0 0 0  )
                                ( 0 1 0 0 0 1 0 0 0 0 0 1 0 0 0 0  )
                                ( 0 1 1 1 1 1 0 0 0 0 0 1 0 0 0 0  )
                                ( 0 1 0 0 0 0 0 0 0 1 1 1 1 1 0 0  )
                                ( 0 1 0 0 0 0 0 0 0 0 0 1 0 0 0 0  )
                                ( 0 1 0 0 0 0 0 0 0 0 0 1 0 0 0 0  )
                                ( 0 1 0 0 0 0 0 0 0 0 0 0 0 0 0 0  )
                                ( 0 0 0 0 0 0 0 0 0 0 0 0 0 0 0 0  )
                                ( 0 0 0 0 0 0 0 0 0 0 0 0 0 0 0 0  )
                                ( 0 0 0 0 0 0 0 0 0 0 0 0 0 0 0 0  )
                                ( 0 0 0 0 0 0 0 0 0 0 0 0 0 0 0 0  ) ) )
 ( display       stipple20    ( ( 0 1 0 1 0 1 0 1 0 1 0 1 0 1 0 1  )
                                ( 1 0 1 0 1 0 1 0 1 0 1 0 1 0 1 0  )
                                ( 0 1 0 1 0 1 0 1 0 1 0 1 0 1 0 1  )
                                ( 1 0 1 0 1 0 1 0 1 0 1 0 1 0 1 0  )
                                ( 0 1 0 1 0 1 0 1 0 1 0 1 0 1 0 1  )
                                ( 1 0 1 0 1 0 1 0 1 0 1 0 1 0 1 0  )
                                ( 0 1 0 1 0 1 0 1 0 1 0 1 0 1 0 1  )
                                ( 1 0 1 0 1 0 1 0 1 0 1 0 1 0 1 0  )
                                ( 0 1 0 1 0 1 0 1 0 1 0 1 0 1 0 1  )
                                ( 1 0 1 0 1 0 1 0 1 0 1 0 1 0 1 0  )
                                ( 0 1 0 1 0 1 0 1 0 1 0 1 0 1 0 1  )
                                ( 1 0 1 0 1 0 1 0 1 0 1 0 1 0 1 0  )
                                ( 0 1 0 1 0 1 0 1 0 1 0 1 0 1 0 1  )
                                ( 1 0 1 0 1 0 1 0 1 0 1 0 1 0 1 0  )
                                ( 0 1 0 1 0 1 0 1 0 1 0 1 0 1 0 1  )
                                ( 1 0 1 0 1 0 1 0 1 0 1 0 1 0 1 0  ) ) )
 ( display       stipple53    ( ( 1 0 0 0 0 0 0 0 1 0 0 0 0 0 0 0  )
                                ( 0 1 0 0 0 0 0 0 0 1 0 0 0 0 0 0  )
                                ( 0 0 1 0 0 0 0 0 0 0 1 0 0 0 0 0  )
                                ( 0 0 0 1 0 0 0 0 0 0 0 1 0 0 0 0  )
                                ( 0 0 0 1 0 0 0 0 0 0 0 1 0 0 0 0  )
                                ( 0 0 1 0 0 0 0 0 0 0 1 0 0 0 0 0  )
                                ( 0 1 0 0 0 0 0 0 0 1 0 0 0 0 0 0  )
                                ( 1 0 0 0 0 0 0 0 1 0 0 0 0 0 0 0  )
                                ( 0 0 0 0 1 0 0 0 0 0 0 0 1 0 0 0  )
                                ( 0 0 0 0 0 1 0 0 0 0 0 0 0 1 0 0  )
                                ( 0 0 0 0 0 0 1 0 0 0 0 0 0 0 1 0  )
                                ( 0 0 0 0 0 0 0 1 0 0 0 0 0 0 0 1  )
                                ( 0 0 0 0 0 0 0 1 0 0 0 0 0 0 0 1  )
                                ( 0 0 0 0 0 0 1 0 0 0 0 0 0 0 1 0  )
                                ( 0 0 0 0 0 1 0 0 0 0 0 0 0 1 0 0  )
                                ( 0 0 0 0 1 0 0 0 0 0 0 0 1 0 0 0  ) ) )
 ( display       stipple22    ( ( 0 1 1 0 0 1 1 0 0 1 1 0 0 1 1 0  )
                                ( 1 0 0 0 1 0 0 0 1 0 0 0 1 0 0 0  )
                                ( 0 0 0 1 0 0 0 1 0 0 0 1 0 0 0 1  )
                                ( 0 1 1 0 0 1 1 0 0 1 1 0 0 1 1 0  )
                                ( 0 1 1 0 0 1 1 0 0 1 1 0 0 1 1 0  )
                                ( 0 0 0 1 0 0 0 1 0 0 0 1 0 0 0 1  )
                                ( 1 0 0 0 1 0 0 0 1 0 0 0 1 0 0 0  )
                                ( 0 1 1 0 0 1 1 0 0 1 1 0 0 1 1 0  )
                                ( 0 1 1 0 0 1 1 0 0 1 1 0 0 1 1 0  )
                                ( 1 0 0 0 1 0 0 0 1 0 0 0 1 0 0 0  )
                                ( 0 0 0 1 0 0 0 1 0 0 0 1 0 0 0 1  )
                                ( 0 1 1 0 0 1 1 0 0 1 1 0 0 1 1 0  )
                                ( 0 1 1 0 0 1 1 0 0 1 1 0 0 1 1 0  )
                                ( 0 0 0 1 0 0 0 1 0 0 0 1 0 0 0 1  )
                                ( 1 0 0 0 1 0 0 0 1 0 0 0 1 0 0 0  )
                                ( 0 1 1 0 0 1 1 0 0 1 1 0 0 1 1 0  ) ) )
 ( display       stipple32    ( ( 0 0 0 0 1 1 0 0 0 0 0 0 1 1 0 0  )
                                ( 0 0 0 0 1 1 0 0 0 0 0 0 1 1 0 0  )
                                ( 0 0 0 0 0 0 1 1 0 0 0 0 0 0 1 1  )
                                ( 0 0 0 0 0 0 1 1 0 0 0 0 0 0 1 1  )
                                ( 1 1 0 0 0 0 0 0 1 1 0 0 0 0 0 0  )
                                ( 1 1 0 0 0 0 0 0 1 1 0 0 0 0 0 0  )
                                ( 0 0 1 1 0 0 0 0 0 0 1 1 0 0 0 0  )
                                ( 0 0 1 1 0 0 0 0 0 0 1 1 0 0 0 0  )
                                ( 0 0 0 0 1 1 0 0 0 0 0 0 1 1 0 0  )
                                ( 0 0 0 0 1 1 0 0 0 0 0 0 1 1 0 0  )
                                ( 0 0 0 0 0 0 1 1 0 0 0 0 0 0 1 1  )
                                ( 0 0 0 0 0 0 1 1 0 0 0 0 0 0 1 1  )
                                ( 1 1 0 0 0 0 0 0 1 1 0 0 0 0 0 0  )
                                ( 1 1 0 0 0 0 0 0 1 1 0 0 0 0 0 0  )
                                ( 0 0 1 1 0 0 0 0 0 0 1 1 0 0 0 0  )
                                ( 0 0 1 1 0 0 0 0 0 0 1 1 0 0 0 0  ) ) )
 ( display       stipple5     ( ( 0 0 0 0 1 0 0 0 1 0 0 0 0 0 0 1  )
                                ( 0 0 0 1 0 0 0 1 0 0 0 0 0 0 1 0  )
                                ( 0 0 1 0 0 0 1 0 0 0 0 0 0 1 0 0  )
                                ( 0 1 0 0 0 1 0 1 0 0 0 0 1 0 0 0  )
                                ( 1 0 0 0 1 0 0 0 1 0 0 1 0 0 0 0  )
                                ( 0 0 0 1 0 1 0 0 0 1 0 0 0 0 0 0  )
                                ( 0 0 1 0 0 0 1 0 0 0 1 0 0 0 0 0  )
                                ( 0 1 0 1 0 0 0 1 0 0 0 1 0 0 0 1  )
                                ( 1 0 0 0 1 0 0 0 1 0 0 0 1 0 1 0  )
                                ( 0 0 0 0 0 1 0 0 0 1 0 0 0 1 0 0  )
                                ( 0 0 0 0 0 0 1 0 0 0 1 0 1 0 0 0  )
                                ( 0 0 0 0 1 0 0 1 0 0 0 1 0 0 0 1  )
                                ( 0 0 0 1 0 0 0 0 1 0 1 0 0 0 1 0  )
                                ( 0 0 1 0 0 0 0 0 0 1 0 0 0 1 0 0  )
                                ( 0 1 0 0 0 0 0 0 1 0 0 0 1 0 0 0  )
                                ( 1 0 0 0 0 0 0 1 0 0 0 1 0 0 0 0  ) ) )
 ( display       stipple66    ( ( 0 1 1 0 0 1 1 0 0 1 1 0 0 1 1 0  )
                                ( 1 0 0 0 1 0 0 0 1 0 0 0 1 0 0 0  )
                                ( 0 0 0 1 0 0 0 1 0 0 0 1 0 0 0 1  )
                                ( 0 1 1 0 0 1 1 0 0 1 1 0 0 1 1 0  )
                                ( 0 1 1 0 0 1 1 0 0 1 1 0 0 1 1 0  )
                                ( 0 0 0 1 0 0 0 1 0 0 0 1 0 0 0 1  )
                                ( 1 0 0 0 1 0 0 0 1 0 0 0 1 0 0 0  )
                                ( 0 1 1 0 0 1 1 0 0 1 1 0 0 1 1 0  )
                                ( 0 1 1 0 0 1 1 0 0 1 1 0 0 1 1 0  )
                                ( 1 0 0 0 1 0 0 0 1 0 0 0 1 0 0 0  )
                                ( 0 0 0 1 0 0 0 1 0 0 0 1 0 0 0 0  )
                                ( 0 1 1 0 0 1 1 0 0 1 1 0 0 1 1 0  )
                                ( 0 1 1 0 0 1 1 0 0 1 1 0 0 1 1 0  )
                                ( 0 0 0 1 0 0 0 1 0 0 0 1 0 0 0 1  )
                                ( 1 0 0 0 1 0 0 0 1 0 0 0 1 0 0 0  )
                                ( 0 1 1 0 0 1 1 0 0 1 1 0 0 1 1 0  ) ) )
 ( display       stipple63    ( ( 0 0 0 0 1 0 0 1 0 0 0 0 1 0 0 1  )
                                ( 0 0 0 0 0 1 1 0 0 0 0 0 0 1 1 0  )
                                ( 0 0 0 0 0 1 1 0 0 0 0 0 0 1 1 0  )
                                ( 0 0 0 0 1 0 0 1 0 0 0 0 1 0 0 1  )
                                ( 1 0 0 1 0 0 0 0 1 0 0 1 0 0 0 0  )
                                ( 0 1 1 0 0 0 0 0 0 1 1 0 0 0 0 0  )
                                ( 0 1 1 0 0 0 0 0 0 1 1 0 0 0 0 0  )
                                ( 1 0 0 1 0 0 0 0 1 0 0 1 0 0 0 0  )
                                ( 0 0 0 0 1 0 0 1 0 0 0 0 1 0 0 1  )
                                ( 0 0 0 0 0 1 1 0 0 0 0 0 0 1 1 0  )
                                ( 0 0 0 0 0 1 1 0 0 0 0 0 0 1 1 0  )
                                ( 0 0 0 0 1 0 0 1 0 0 0 0 1 0 0 1  )
                                ( 1 0 0 1 0 0 0 0 1 0 0 1 0 0 0 0  )
                                ( 0 1 1 0 0 0 0 0 0 1 1 0 0 0 0 0  )
                                ( 0 1 1 0 0 0 0 0 0 1 1 0 0 0 0 0  )
                                ( 1 0 0 1 0 0 0 0 1 0 0 1 0 0 0 0  ) ) )
 ( display       stipple62    ( ( 1 0 0 0 1 0 0 0 1 0 0 0 1 0 0 0  )
                                ( 0 1 0 1 0 1 0 0 0 1 0 1 0 1 0 0  )
                                ( 0 0 1 0 0 0 1 0 0 0 1 0 0 0 1 0  )
                                ( 0 1 0 1 0 0 0 1 0 1 0 1 0 0 0 1  )
                                ( 1 0 0 0 1 0 0 0 1 0 0 0 1 0 1 0  )
                                ( 0 1 0 0 0 1 0 1 0 1 0 0 0 1 0 1  )
                                ( 0 0 1 0 0 0 1 0 0 0 1 0 1 0 1 0  )
                                ( 0 0 0 1 0 1 0 1 0 0 0 1 0 0 0 1  )
                                ( 1 0 0 0 1 0 0 0 1 0 1 0 1 0 0 0  )
                                ( 0 1 0 1 0 1 0 0 0 1 0 0 0 1 0 0  )
                                ( 0 0 1 0 0 0 1 0 1 0 1 0 0 0 1 0  )
                                ( 0 1 0 1 0 0 0 1 0 0 0 1 0 0 0 1  )
                                ( 1 0 0 0 1 0 1 0 1 0 0 0 1 0 0 0  )
                                ( 0 1 0 0 0 1 0 0 0 1 0 0 0 1 0 1  )
                                ( 0 0 1 0 1 0 1 0 0 0 1 0 0 0 1 0  )
                                ( 0 0 0 1 0 1 0 1 0 0 0 1 0 1 0 1  ) ) )
 ( display       stipple64    ( ( 1 0 1 0 1 0 1 0 1 0 1 0 1 0 1 0  )
                                ( 0 1 0 1 0 1 0 1 0 1 0 1 0 1 0 1  )
                                ( 1 0 1 0 1 0 1 0 1 0 1 0 1 0 1 0  )
                                ( 0 1 0 1 0 1 0 1 0 1 0 1 0 1 0 1  )
                                ( 1 0 1 0 1 0 1 0 1 0 1 0 1 0 1 0  )
                                ( 0 1 0 1 0 1 0 1 0 1 0 1 0 1 0 1  )
                                ( 1 0 1 0 1 0 1 0 1 0 1 0 1 0 1 0  )
                                ( 0 1 0 1 0 1 0 1 0 1 0 1 0 1 0 1  )
                                ( 1 0 1 0 1 0 1 0 1 0 1 0 1 0 1 0  )
                                ( 0 1 0 1 0 1 0 1 0 1 0 1 0 1 0 1  )
                                ( 1 0 1 0 1 0 1 0 1 0 1 0 1 0 1 0  )
                                ( 0 1 0 1 0 1 0 1 0 1 0 1 0 1 0 1  )
                                ( 1 0 1 0 1 0 1 0 1 0 1 0 1 0 1 0  )
                                ( 0 1 0 1 0 1 0 1 0 1 0 1 0 1 0 1  )
                                ( 1 0 1 0 1 0 1 0 1 0 1 0 1 0 1 0  )
                                ( 0 1 0 1 0 1 0 1 0 1 0 1 0 1 0 1  ) ) )
 ( display       stipple24    ( ( 1 0 0 0 1 0 0 0 1 0 0 0 1 0 0 1  )
                                ( 0 0 0 0 0 0 0 0 0 0 0 0 0 0 0 0  )
                                ( 0 0 1 0 0 0 1 0 0 0 1 0 0 1 0 0  )
                                ( 0 0 0 0 0 0 0 0 0 0 0 0 0 0 0 0  )
                                ( 1 0 0 0 1 0 0 0 1 0 0 0 1 0 0 1  )
                                ( 0 0 0 0 0 0 0 0 0 0 0 0 0 0 0 0  )
                                ( 0 0 1 0 0 0 1 0 0 0 1 0 0 1 0 0  )
                                ( 0 0 0 0 0 0 0 0 0 0 0 0 0 0 0 0  )
                                ( 1 0 0 0 1 0 0 0 1 0 0 0 1 0 0 1  )
                                ( 0 0 0 0 0 0 0 0 0 0 0 0 0 0 0 0  )
                                ( 0 0 1 0 0 0 1 0 0 0 1 0 0 1 0 0  )
                                ( 0 0 0 0 0 0 0 0 0 0 0 0 0 0 0 0  )
                                ( 1 0 0 0 1 0 0 0 1 0 0 0 1 0 0 1  )
                                ( 0 0 0 0 0 0 0 0 0 0 0 0 0 0 0 0  )
                                ( 0 0 1 0 0 0 1 0 0 0 1 0 0 1 0 0  )
                                ( 0 0 0 0 0 0 0 0 0 0 0 0 0 0 0 0  ) ) )
 ( display       stipple25    ( ( 1 0 0 0 0 0 0 0 0 0 0 0 0 0 0 0  )
                                ( 0 1 0 0 0 0 0 1 1 0 1 1 0 0 0 0  )
                                ( 0 0 0 0 0 0 0 1 0 1 0 1 1 1 1 0  )
                                ( 0 0 1 0 0 0 0 1 0 1 0 1 1 0 0 1  )
                                ( 0 1 0 0 1 0 0 1 0 1 0 1 1 1 1 1  )
                                ( 1 0 0 0 0 1 0 1 0 1 0 1 0 0 1 1  )
                                ( 0 1 0 0 0 0 1 0 0 0 0 0 1 1 1 1  )
                                ( 0 0 1 0 0 0 0 1 0 0 0 0 0 0 0 1  )
                                ( 0 0 0 0 0 0 0 0 1 0 0 0 0 0 0 0  )
                                ( 0 0 0 0 0 0 0 0 0 1 0 0 0 0 0 0  )
                                ( 0 0 0 0 0 0 0 0 0 0 1 0 0 0 0 0  )
                                ( 0 0 0 0 0 0 0 0 0 0 0 1 0 0 0 0  )
                                ( 0 0 0 0 0 0 0 0 0 0 0 0 1 0 0 0  )
                                ( 0 0 0 0 0 0 0 0 0 0 0 0 0 1 0 0  )
                                ( 0 0 0 0 0 0 0 0 0 0 0 0 0 0 1 0  )
                                ( 0 0 0 0 0 0 0 0 0 0 0 0 0 0 0 1  ) ) )
 ( display       stipple34    ( ( 0 0 0 0 0 0 0 0 0 0 0 0 0 0 0 0  )
                                ( 0 0 1 0 0 0 1 0 0 0 1 0 0 0 1 0  )
                                ( 0 0 0 0 0 0 0 0 0 0 0 0 0 0 0 0  )
                                ( 1 0 0 0 1 0 0 0 1 0 0 0 1 0 0 0  )
                                ( 0 0 0 0 0 0 0 0 0 0 0 0 0 1 0 0  )
                                ( 0 0 0 0 0 0 0 0 0 0 0 0 0 1 0 0  )
                                ( 0 0 1 1 1 1 1 0 1 1 1 1 0 1 0 1  )
                                ( 1 0 1 0 1 0 1 0 0 1 0 0 0 1 1 0  )
                                ( 0 0 1 0 1 0 1 0 0 0 1 0 0 1 1 0  )
                                ( 0 0 1 0 1 0 1 0 1 1 1 1 0 1 0 1  )
                                ( 0 0 0 0 0 0 0 0 0 0 0 0 0 0 0 0  )
                                ( 1 0 0 0 1 0 0 0 1 0 0 0 1 0 0 0  )
                                ( 0 0 0 0 0 0 0 0 0 0 0 0 0 0 0 0  )
                                ( 0 0 1 0 0 0 1 0 0 0 1 0 0 0 1 0  )
                                ( 0 0 0 0 0 0 0 0 0 0 0 0 0 0 0 0  )
                                ( 1 0 0 0 1 0 0 0 1 0 0 0 1 0 0 0  ) ) )
 ( display       stipple42    ( ( 1 0 0 1 0 0 0 0 1 0 0 1 0 0 0 0  )
                                ( 0 1 0 0 0 0 1 0 0 1 0 0 0 0 1 0  )
                                ( 0 0 0 0 1 0 0 1 0 0 0 0 1 0 0 1  )
                                ( 0 0 1 0 0 1 0 0 0 0 1 0 0 1 0 0  )
                                ( 1 0 0 1 0 0 0 0 0 0 0 1 0 0 0 0  )
                                ( 0 1 0 0 0 1 1 1 1 1 0 0 0 0 1 0  )
                                ( 0 0 0 0 0 1 0 1 0 1 0 0 1 0 0 1  )
                                ( 0 0 1 0 0 1 0 1 0 1 0 0 0 1 0 0  )
                                ( 1 0 0 1 0 1 0 1 0 1 0 1 0 0 0 0  )
                                ( 0 1 0 0 0 0 0 0 0 0 0 0 0 0 1 0  )
                                ( 0 0 0 0 1 0 0 1 0 0 0 0 1 0 0 1  )
                                ( 0 0 1 0 0 1 0 0 0 0 1 0 0 1 0 0  )
                                ( 1 0 0 1 0 0 0 0 1 0 0 1 0 0 0 0  )
                                ( 0 1 0 0 0 0 1 0 0 1 0 0 0 0 1 0  )
                                ( 0 0 0 0 1 0 0 1 0 0 0 0 1 0 0 1  )
                                ( 0 0 1 0 0 1 0 0 0 0 1 0 0 1 0 0  ) ) )
 ( display       stipple26    ( ( 0 1 0 0 0 0 0 0 0 1 0 0 0 0 0 0  )
                                ( 0 0 1 0 0 0 0 0 0 0 1 0 0 0 0 0  )
                                ( 0 0 0 1 0 0 0 0 0 0 0 1 0 0 0 0  )
                                ( 0 0 0 0 0 0 0 0 0 0 0 0 1 0 0 0  )
                                ( 0 0 1 1 0 1 1 0 0 0 0 0 0 1 0 0  )
                                ( 0 1 0 0 1 0 0 1 1 1 1 1 0 0 0 0  )
                                ( 0 1 0 0 1 0 0 1 1 0 0 0 1 0 0 1  )
                                ( 0 1 0 0 1 0 0 1 1 1 1 1 1 0 1 0  )
                                ( 0 1 0 0 1 0 0 1 0 0 0 1 1 1 0 0  )
                                ( 0 0 0 0 0 0 0 0 1 1 1 1 1 0 1 0  )
                                ( 0 0 0 1 0 0 0 0 0 0 0 0 1 0 0 1  )
                                ( 0 0 0 0 1 0 0 0 0 0 0 0 0 0 0 0  )
                                ( 0 0 0 0 0 1 0 0 0 0 0 0 0 1 0 0  )
                                ( 0 0 0 0 0 0 1 0 0 0 0 0 0 0 1 0  )
                                ( 0 0 0 0 0 0 0 1 0 0 0 0 0 0 0 1  )
                                ( 1 0 0 0 0 0 0 0 1 0 0 0 0 0 0 0  ) ) )
 ( display       stipple37    ( ( 1 1 1 1 1 1 1 1 1 1 1 1 1 1 1 1  )
                                ( 1 1 1 1 1 1 1 1 1 1 1 1 1 1 1 1  )
                                ( 1 1 1 1 1 1 1 1 1 1 1 1 1 1 1 1  )
                                ( 1 1 1 1 1 1 1 1 1 1 1 1 1 1 1 1  )
                                ( 1 1 1 1 1 1 1 1 1 1 1 1 0 1 1 1  )
                                ( 1 1 1 1 1 1 1 1 1 1 1 1 0 1 1 1  )
                                ( 1 0 0 0 0 0 1 0 0 0 0 1 0 1 0 1  )
                                ( 1 0 1 0 1 0 1 1 0 1 1 1 0 0 1 1  )
                                ( 1 0 1 0 1 0 1 1 1 0 1 1 0 0 1 1  )
                                ( 1 0 1 0 1 0 1 0 0 0 0 1 0 1 0 1  )
                                ( 1 1 1 1 1 1 1 1 1 1 1 1 1 1 1 1  )
                                ( 1 1 1 1 1 1 1 1 1 1 1 1 1 1 1 1  )
                                ( 1 1 1 1 1 1 1 1 1 1 1 1 1 1 1 1  )
                                ( 1 1 1 1 1 1 1 1 1 1 1 1 1 1 1 1  )
                                ( 1 1 1 1 1 1 1 1 1 1 1 1 1 1 1 1  )
                                ( 1 1 1 1 1 1 1 1 1 1 1 1 1 1 1 1  ) ) )
 ( display       stipple39    ( ( 1 1 0 0 1 1 0 0 1 1 0 0 1 1 0 0  )
                                ( 1 1 0 0 1 1 0 0 1 1 0 0 1 1 0 0  )
                                ( 0 0 1 1 0 0 1 1 0 0 1 1 0 0 1 1  )
                                ( 0 0 1 1 0 0 1 1 0 0 1 1 0 0 1 1  )
                                ( 1 1 0 0 0 0 0 0 0 0 0 0 1 1 0 0  )
                                ( 1 1 0 0 0 1 1 1 1 1 0 0 1 1 0 0  )
                                ( 0 0 1 0 0 1 0 1 0 1 0 0 0 0 1 1  )
                                ( 0 0 1 0 0 1 0 1 0 1 0 0 0 0 1 1  )
                                ( 1 1 0 0 0 1 0 1 0 1 0 0 1 1 0 0  )
                                ( 1 1 0 0 0 0 0 0 0 0 0 0 1 1 0 0  )
                                ( 0 0 1 1 0 0 1 1 0 0 1 1 0 0 1 1  )
                                ( 0 0 1 1 0 0 1 1 0 0 1 1 0 0 1 1  )
                                ( 1 1 0 0 1 1 0 0 1 1 0 0 1 1 0 0  )
                                ( 1 1 0 0 1 1 0 0 1 1 0 0 1 1 0 0  )
                                ( 0 0 1 1 0 0 1 1 0 0 1 1 0 0 1 1  )
                                ( 0 0 1 1 0 0 1 1 0 0 1 1 0 0 1 1  ) ) )
 ( display       stipple40    ( ( 0 1 1 0 0 1 1 0 0 1 1 0 0 1 1 0  )
                                ( 1 0 0 0 1 0 0 0 1 0 0 0 1 0 0 0  )
                                ( 0 0 0 1 0 0 0 1 0 0 0 1 0 0 0 1  )
                                ( 0 1 1 0 0 1 1 0 0 1 1 0 0 1 1 0  )
                                ( 0 1 1 0 0 1 1 0 0 1 1 0 0 1 1 0  )
                                ( 0 0 0 1 0 0 0 0 0 0 0 0 0 0 0 1  )
                                ( 1 0 0 0 1 0 0 1 1 1 1 1 0 0 0 0  )
                                ( 0 1 1 0 0 1 0 1 0 1 0 1 0 1 1 0  )
                                ( 0 1 1 0 0 1 0 1 0 1 0 1 0 1 1 0  )
                                ( 1 0 0 0 1 0 0 1 0 1 0 1 0 0 0 0  )
                                ( 0 0 0 1 0 0 0 0 0 0 0 0 0 0 0 1  )
                                ( 0 1 1 0 0 1 1 0 0 1 1 0 0 1 1 0  )
                                ( 0 1 1 0 0 1 1 0 0 1 1 0 0 1 1 0  )
                                ( 0 0 0 1 0 0 0 1 0 0 0 1 0 0 0 1  )
                                ( 1 0 0 0 1 0 0 0 1 0 0 0 1 0 0 0  )
                                ( 0 1 1 0 0 1 1 0 0 1 1 0 0 1 1 0  ) ) )
 ( display       stipple49    ( ( 0 0 0 1 1 0 0 0 0 0 0 1 1 0 0 0  )
                                ( 0 0 1 0 0 1 0 0 0 0 1 0 0 1 0 0  )
                                ( 0 1 0 0 0 0 1 0 0 1 0 0 0 0 1 0  )
                                ( 1 0 0 0 0 0 0 1 1 0 0 0 0 0 0 1  )
                                ( 1 0 0 0 0 0 0 1 1 0 0 0 0 0 0 1  )
                                ( 0 1 0 0 0 0 1 0 0 1 0 0 0 0 1 0  )
                                ( 0 0 1 0 0 1 0 0 0 0 1 0 0 1 0 0  )
                                ( 0 0 0 1 1 0 0 0 0 0 0 1 1 0 0 0  )
                                ( 0 0 0 1 1 0 0 0 0 0 0 1 1 0 0 0  )
                                ( 0 0 1 0 0 1 0 0 0 0 1 0 0 1 0 0  )
                                ( 0 1 0 0 0 0 1 0 0 1 0 0 0 0 1 0  )
                                ( 1 0 0 0 0 0 0 1 1 0 0 0 0 0 0 1  )
                                ( 1 0 0 0 0 0 0 1 1 0 0 0 0 0 0 1  )
                                ( 0 1 0 0 0 0 1 0 0 1 0 0 0 0 1 0  )
                                ( 0 0 1 0 0 1 0 0 0 0 1 0 0 1 0 0  )
                                ( 0 0 0 1 1 0 0 0 0 0 0 1 1 0 0 0  ) ) )
 ( display       stipple19    ( ( 1 0 0 0 0 0 1 0 0 0 0 0 1 0 0 0  )
                                ( 0 0 0 0 0 0 0 0 0 0 0 0 0 0 0 0  )
                                ( 0 0 0 1 0 0 0 0 0 1 0 0 0 0 0 1  )
                                ( 0 0 0 0 0 0 0 0 0 0 0 0 0 0 0 0  )
                                ( 1 0 0 0 0 0 1 0 0 0 0 0 1 0 0 0  )
                                ( 0 0 0 0 0 0 0 0 0 0 0 0 0 0 0 0  )
                                ( 0 0 0 1 0 0 0 0 0 1 0 0 0 0 0 1  )
                                ( 0 0 0 0 0 0 0 0 0 0 0 0 0 0 0 0  )
                                ( 1 0 0 0 0 0 1 0 0 0 0 0 1 0 0 0  )
                                ( 0 0 0 0 0 0 0 0 0 0 0 0 0 0 0 0  )
                                ( 0 0 0 1 0 0 0 0 0 1 0 0 0 0 0 1  )
                                ( 0 0 0 0 0 0 0 0 0 0 0 0 0 0 0 0  )
                                ( 1 0 0 0 0 0 1 0 0 0 0 0 1 0 0 0  )
                                ( 0 0 0 0 0 0 0 0 0 0 0 0 0 0 0 0  )
                                ( 0 0 0 1 0 0 0 0 0 1 0 0 0 0 0 1  )
                                ( 0 0 0 0 0 0 0 0 0 0 0 0 0 0 0 0  ) ) )
 ( display       stipple55    ( ( 1 0 0 0 1 1 1 1 1 0 0 0 1 1 1 1  )
                                ( 0 0 0 0 0 0 1 0 0 0 0 0 0 0 1 0  )
                                ( 0 0 1 0 0 0 1 0 0 0 1 0 0 0 1 0  )
                                ( 0 0 1 0 0 0 0 0 0 0 1 0 0 0 0 0  )
                                ( 1 1 1 1 1 0 0 0 1 1 1 1 1 0 0 0  )
                                ( 0 0 1 0 0 0 0 0 0 0 1 0 0 0 0 0  )
                                ( 0 0 1 0 0 0 1 0 0 0 1 0 0 0 1 0  )
                                ( 0 0 0 0 0 0 1 0 0 0 0 0 0 0 1 0  )
                                ( 1 0 0 0 1 1 1 1 1 0 0 0 1 1 1 1  )
                                ( 0 0 0 0 0 0 1 0 0 0 0 0 0 0 1 0  )
                                ( 0 0 1 0 0 0 1 0 0 0 1 0 0 0 1 0  )
                                ( 0 0 1 0 0 0 0 0 0 0 1 0 0 0 0 0  )
                                ( 1 1 1 1 1 0 0 0 1 1 1 1 1 0 0 0  )
                                ( 0 0 1 0 0 0 0 0 0 0 1 0 0 0 0 0  )
                                ( 0 0 1 0 0 0 1 0 0 0 1 0 0 0 1 0  )
                                ( 0 0 0 0 0 0 1 0 0 0 0 0 0 0 1 0  ) ) )
 ( display       stipple2     ( ( 0 0 0 1 0 0 0 0 0 0 0 1 0 0 0 0  )
                                ( 0 0 0 1 0 0 0 0 0 0 0 1 0 0 0 0  )
                                ( 0 0 0 0 0 0 0 1 0 0 0 0 0 0 0 1  )
                                ( 0 0 0 0 0 0 0 1 0 0 0 0 0 0 0 1  )
                                ( 0 0 0 1 0 0 0 0 0 0 0 1 0 0 0 0  )
                                ( 0 0 0 1 0 0 0 0 0 0 0 1 0 0 0 0  )
                                ( 0 0 0 0 0 0 0 1 0 0 0 0 0 0 0 1  )
                                ( 0 0 0 0 0 0 0 1 0 0 0 0 0 0 0 1  )
                                ( 0 0 0 1 0 0 0 0 0 0 0 1 0 0 0 0  )
                                ( 0 0 0 1 0 0 0 0 0 0 0 1 0 0 0 0  )
                                ( 0 0 0 0 0 0 0 1 0 0 0 0 0 0 0 1  )
                                ( 0 0 0 0 0 0 0 1 0 0 0 0 0 0 0 1  )
                                ( 0 0 0 1 0 0 0 0 0 0 0 1 0 0 0 0  )
                                ( 0 0 0 1 0 0 0 0 0 0 0 1 0 0 0 0  )
                                ( 0 0 0 0 0 0 0 1 0 0 0 0 0 0 0 1  )
                                ( 0 0 0 0 0 0 0 1 0 0 0 0 0 0 0 1  ) ) )
 ( display       dot3         ( ( 0 0 0 0 0 0 0 0 0 0 0 0 0 0 0 0  )
                                ( 0 0 0 0 0 0 0 0 0 0 0 0 0 0 0 0  )
                                ( 0 0 1 0 0 0 0 0 1 0 0 0 0 0 1 0  )
                                ( 0 0 0 0 0 0 0 0 0 0 0 0 0 0 0 0  )
                                ( 0 0 0 0 0 0 0 0 0 0 0 0 0 0 0 0  )
                                ( 0 0 0 0 0 1 0 0 0 0 0 1 0 0 0 0  )
                                ( 0 0 0 0 0 0 0 0 0 0 0 0 0 0 0 0  )
                                ( 0 0 0 0 0 0 0 0 0 0 0 0 0 0 0 0  )
                                ( 0 0 1 0 0 0 0 0 1 0 0 0 0 0 1 0  )
                                ( 0 0 0 0 0 0 0 0 0 0 0 0 0 0 0 0  )
                                ( 0 0 0 0 0 0 0 0 0 0 0 0 0 0 0 0  )
                                ( 0 0 0 0 0 1 0 0 0 0 0 1 0 0 0 0  )
                                ( 0 0 0 0 0 0 0 0 0 0 0 0 0 0 0 0  )
                                ( 0 0 0 0 0 0 0 0 0 0 0 0 0 0 0 0  )
                                ( 0 0 1 0 0 0 0 0 1 0 0 0 0 0 1 0  )
                                ( 0 0 0 0 0 0 0 0 0 0 0 0 0 0 0 0  ) ) )
 ( display       stipple0     ( ( 1 1 1 1 1 1 1 1 1 1 1 1 1 1 1 1 1 1 1 1 1 1 1 1 1 1 1 1 1 1 1 1  )
                                ( 1 1 1 1 1 1 1 1 1 1 1 1 1 1 1 1 1 1 1 1 1 1 1 1 1 1 1 1 1 1 1 1  )
                                ( 1 1 1 1 1 1 1 1 1 1 1 1 1 1 1 1 1 1 1 1 1 1 1 1 1 1 1 1 1 1 1 1  )
                                ( 1 1 1 1 1 1 1 1 1 1 1 1 1 1 1 1 1 1 1 1 1 1 1 1 1 1 1 1 1 1 1 1  )
                                ( 1 1 1 1 1 1 1 1 1 1 1 1 1 1 1 1 1 1 1 1 1 1 1 1 1 1 1 1 1 1 1 1  )
                                ( 1 1 1 1 1 1 1 1 1 1 1 1 1 1 1 1 1 1 1 1 1 1 1 1 1 1 1 1 1 1 1 1  )
                                ( 1 1 1 1 1 1 1 1 1 1 1 1 1 1 1 1 1 1 1 1 1 1 1 1 1 1 1 1 1 1 1 1  )
                                ( 1 1 1 1 1 1 1 1 1 1 1 1 1 1 1 1 1 1 1 1 1 1 1 1 1 1 1 1 1 1 1 1  )
                                ( 1 1 1 1 1 1 1 1 1 1 1 1 1 1 1 1 1 1 1 1 1 1 1 1 1 1 1 1 1 1 1 1  )
                                ( 1 1 1 1 1 1 1 1 1 1 1 1 1 1 1 1 1 1 1 1 1 1 1 1 1 1 1 1 1 1 1 1  )
                                ( 1 1 1 1 1 1 1 1 1 1 1 1 1 1 1 1 1 1 1 1 1 1 1 1 1 1 1 1 1 1 1 1  )
                                ( 1 1 1 1 1 1 1 1 1 1 1 1 1 1 1 1 1 1 1 1 1 1 1 1 1 1 1 1 1 1 1 1  )
                                ( 1 1 1 1 1 1 1 1 1 1 1 1 1 1 1 1 1 1 1 1 1 1 1 1 1 1 1 1 1 1 1 1  )
                                ( 1 1 1 1 1 1 1 1 1 1 1 1 1 1 1 1 1 1 1 1 1 1 1 1 1 1 1 1 1 1 1 1  )
                                ( 1 1 1 1 1 1 1 1 1 1 1 1 1 1 1 1 1 1 1 1 1 1 1 1 1 1 1 1 1 1 1 1  )
                                ( 1 1 1 1 1 1 1 1 1 1 1 1 1 1 1 1 1 1 1 1 1 1 1 1 1 1 1 1 1 1 1 1  )
                                ( 1 1 1 1 1 1 1 1 1 1 1 1 1 1 1 1 1 1 1 1 1 1 1 1 1 1 1 1 1 1 1 1  )
                                ( 1 1 1 1 1 1 1 1 1 1 1 1 1 1 1 1 1 1 1 1 1 1 1 1 1 1 1 1 1 1 1 1  )
                                ( 1 1 1 1 1 1 1 1 1 1 1 1 1 1 1 1 1 1 1 1 1 1 1 1 1 1 1 1 1 1 1 1  )
                                ( 1 1 1 1 1 1 1 1 1 1 1 1 1 1 1 1 1 1 1 1 1 1 1 1 1 1 1 1 1 1 1 1  )
                                ( 1 1 1 1 1 1 1 1 1 1 1 1 1 1 1 1 1 1 1 1 1 1 1 1 1 1 1 1 1 1 1 1  )
                                ( 1 1 1 1 1 1 1 1 1 1 1 1 1 1 1 1 1 1 1 1 1 1 1 1 1 1 1 1 1 1 1 1  )
                                ( 1 1 1 1 1 1 1 1 1 1 1 1 1 1 1 1 1 1 1 1 1 1 1 1 1 1 1 1 1 1 1 1  )
                                ( 1 1 1 1 1 1 1 1 1 1 1 1 1 1 1 1 1 1 1 1 1 1 1 1 1 1 1 1 1 1 1 1  )
                                ( 1 1 1 1 1 1 1 1 1 1 1 1 1 1 1 1 1 1 1 1 1 1 1 1 1 1 1 1 1 1 1 1  )
                                ( 1 1 1 1 1 1 1 1 1 1 1 1 1 1 1 1 1 1 1 1 1 1 1 1 1 1 1 1 1 1 1 1  )
                                ( 1 1 1 1 1 1 1 1 1 1 1 1 1 1 1 1 1 1 1 1 1 1 1 1 1 1 1 1 1 1 1 1  )
                                ( 1 1 1 1 1 1 1 1 1 1 1 1 1 1 1 1 1 1 1 1 1 1 1 1 1 1 1 1 1 1 1 1  )
                                ( 1 1 1 1 1 1 1 1 1 1 1 1 1 1 1 1 1 1 1 1 1 1 1 1 1 1 1 1 1 1 1 1  )
                                ( 1 1 1 1 1 1 1 1 1 1 1 1 1 1 1 1 1 1 1 1 1 1 1 1 1 1 1 1 1 1 1 1  )
                                ( 1 1 1 1 1 1 1 1 1 1 1 1 1 1 1 1 1 1 1 1 1 1 1 1 1 1 1 1 1 1 1 1  )
                                ( 1 1 1 1 1 1 1 1 1 1 1 1 1 1 1 1 1 1 1 1 1 1 1 1 1 1 1 1 1 1 1 1  ) ) )
 ( display       dots_rare    ( ( 0 1 0 0 0 0 0 0 0 0 0 0 0 0 0 0  )
                                ( 0 0 0 0 0 0 0 0 0 0 0 0 0 0 0 0  )
                                ( 0 0 0 0 0 0 0 0 0 0 0 0 0 0 0 0  )
                                ( 0 0 0 0 0 0 0 0 0 0 0 0 0 0 0 0  )
                                ( 0 0 0 0 0 1 0 0 0 0 0 0 0 0 0 0  )
                                ( 0 0 0 0 0 0 0 0 0 0 0 0 0 0 0 0  )
                                ( 0 0 0 0 0 0 0 0 0 0 0 0 0 0 0 0  )
                                ( 0 0 0 0 0 0 0 0 0 0 0 0 0 0 0 0  )
                                ( 0 0 0 0 0 0 0 0 0 1 0 0 0 0 0 0  )
                                ( 0 0 0 0 0 0 0 0 0 0 0 0 0 0 0 0  )
                                ( 0 0 0 0 0 0 0 0 0 0 0 0 0 0 0 0  )
                                ( 0 0 0 0 0 0 0 0 0 0 0 0 0 0 0 0  )
                                ( 0 0 0 0 0 0 0 0 0 0 0 0 0 1 0 0  )
                                ( 0 0 0 0 0 0 0 0 0 0 0 0 0 0 0 0  )
                                ( 0 0 0 0 0 0 0 0 0 0 0 0 0 0 0 0  )
                                ( 0 0 0 0 0 0 0 0 0 0 0 0 0 0 0 0  ) ) )
 ( display       met1         ( ( 1 0 0 0 0 0 0 1 1 0 0 0 0 0 0 1  )
                                ( 0 0 0 0 0 0 0 0 0 0 0 0 0 0 0 0  )
                                ( 0 0 0 0 0 0 0 0 0 0 0 0 0 0 0 0  )
                                ( 0 0 0 1 0 0 0 0 0 0 0 1 0 0 0 0  )
                                ( 0 0 0 0 1 0 0 0 0 0 0 0 1 0 0 0  )
                                ( 0 0 0 0 0 0 0 0 0 0 0 0 0 0 0 0  )
                                ( 0 0 0 0 0 0 0 0 0 0 0 0 0 0 0 0  )
                                ( 1 0 0 0 0 0 0 1 1 0 0 0 0 0 0 1  )
                                ( 1 0 0 0 0 0 0 1 1 0 0 0 0 0 0 1  )
                                ( 0 0 0 0 0 0 0 0 0 0 0 0 0 0 0 0  )
                                ( 0 0 0 0 0 0 0 0 0 0 0 0 0 0 0 0  )
                                ( 0 0 0 1 0 0 0 0 0 0 0 1 0 0 0 0  )
                                ( 0 0 0 0 1 0 0 0 0 0 0 0 1 0 0 0  )
                                ( 0 0 0 0 0 0 0 0 0 0 0 0 0 0 0 0  )
                                ( 0 0 0 0 0 0 0 0 0 0 0 0 0 0 0 0  )
                                ( 1 0 0 0 0 0 0 1 1 0 0 0 0 0 0 1  ) ) )
 ( display       vcc2S        ( ( 0 0 0 1 1 0 0 0 0 0 0 1 1 0 0 0  )
                                ( 0 0 0 0 1 0 0 0 0 0 0 0 1 0 0 0  )
                                ( 0 0 0 0 0 1 1 0 0 0 0 0 0 1 1 0  )
                                ( 0 0 0 0 0 0 1 0 0 0 0 0 0 0 1 0  )
                                ( 1 0 0 0 0 0 0 1 1 0 0 0 0 0 0 1  )
                                ( 1 0 0 0 0 0 0 0 1 0 0 0 0 0 0 0  )
                                ( 0 1 1 0 0 0 0 0 0 1 1 0 0 0 0 0  )
                                ( 0 0 1 0 0 0 0 0 0 0 1 0 0 0 0 0  )
                                ( 0 0 0 1 1 0 0 0 0 0 0 1 1 0 0 0  )
                                ( 0 0 0 0 1 0 0 0 0 0 0 0 1 0 0 0  )
                                ( 0 0 0 0 0 1 1 0 0 0 0 0 0 1 1 0  )
                                ( 0 0 0 0 0 0 1 0 0 0 0 0 0 0 1 0  )
                                ( 1 0 0 0 0 0 0 1 1 0 0 0 0 0 0 1  )
                                ( 1 0 0 0 0 0 0 0 1 0 0 0 0 0 0 0  )
                                ( 0 1 1 0 0 0 0 0 0 1 1 0 0 0 0 0  )
                                ( 0 0 1 0 0 0 0 0 0 0 1 0 0 0 0 0  ) ) )
 ( display       zigZag       ( ( 1 0 0 0 1 0 0 0 1 0 0 0 1 0 0 0  )
                                ( 0 1 0 0 0 1 0 0 0 1 0 0 0 1 0 0  )
                                ( 0 0 1 0 0 0 1 0 0 0 1 0 0 0 1 0  )
                                ( 0 0 0 1 0 0 0 1 0 0 0 1 0 0 0 1  )
                                ( 0 0 1 0 0 0 1 0 0 0 1 0 0 0 1 0  )
                                ( 0 1 0 0 0 1 0 0 0 1 0 0 0 1 0 0  )
                                ( 1 0 0 0 1 0 0 0 1 0 0 0 1 0 0 0  )
                                ( 0 1 0 0 0 1 0 0 0 1 0 0 0 1 0 0  )
                                ( 0 0 1 0 0 0 1 0 0 0 1 0 0 0 1 0  )
                                ( 0 0 0 1 0 0 0 1 0 0 0 1 0 0 0 1  )
                                ( 0 0 1 0 0 0 1 0 0 0 1 0 0 0 1 0  )
                                ( 0 1 0 0 0 1 0 0 0 1 0 0 0 1 0 0  )
                                ( 1 0 0 0 1 0 0 0 1 0 0 0 1 0 0 0  )
                                ( 0 0 0 1 0 0 0 1 0 0 0 1 0 0 0 1  )
                                ( 0 0 1 0 0 0 1 0 0 0 1 0 0 0 1 0  )
                                ( 0 1 0 0 0 1 0 0 0 1 0 0 0 1 0 0  ) ) )
 ( display       contp        ( ( 1 1 0 0 0 0 0 0 1 1 0 0 0 0 0 0  )
                                ( 1 1 0 0 0 0 0 0 1 1 0 0 0 0 0 0  )
                                ( 0 0 0 0 0 0 0 0 0 0 0 0 0 0 0 0  )
                                ( 0 0 0 0 0 0 0 0 0 0 0 0 0 0 0 0  )
                                ( 0 0 0 0 1 1 0 0 0 0 0 0 1 1 0 0  )
                                ( 0 0 0 0 1 1 0 0 0 0 0 0 1 1 0 0  )
                                ( 0 0 0 0 0 0 0 0 0 0 0 0 0 0 0 0  )
                                ( 0 0 0 0 0 0 0 0 0 0 0 0 0 0 0 0  )
                                ( 1 1 0 0 0 0 0 0 1 1 0 0 0 0 0 0  )
                                ( 1 1 0 0 0 0 0 0 1 1 0 0 0 0 0 0  )
                                ( 0 0 0 0 0 0 0 0 0 0 0 0 0 0 0 0  )
                                ( 0 0 0 0 0 0 0 0 0 0 0 0 0 0 0 0  )
                                ( 0 0 0 0 1 1 0 0 0 0 0 0 1 1 0 0  )
                                ( 0 0 0 0 1 1 0 0 0 0 0 0 1 1 0 0  )
                                ( 0 0 0 0 0 0 0 0 0 0 0 0 0 0 0 0  )
                                ( 0 0 0 0 0 0 0 0 0 0 0 0 0 0 0 0  ) ) )
 ( display       stipple6     ( ( 0 0 0 0 0 1 1 1 0 0 0 0 0 0 0 1  )
                                ( 0 0 0 0 1 1 1 0 0 0 0 0 0 0 1 0  )
                                ( 0 0 0 1 1 1 0 0 0 0 0 0 0 1 0 0  )
                                ( 0 0 1 1 1 0 0 0 0 0 0 0 1 0 0 0  )
                                ( 0 1 1 1 0 0 0 0 0 0 0 1 0 0 0 0  )
                                ( 1 1 1 0 0 0 0 0 0 0 1 0 0 0 0 0  )
                                ( 1 1 0 0 0 0 0 0 0 1 0 0 0 0 0 1  )
                                ( 1 0 0 0 0 0 0 0 1 0 0 0 0 0 1 1  )
                                ( 0 0 0 0 0 0 0 1 0 0 0 0 0 1 1 1  )
                                ( 0 0 0 0 0 0 1 0 0 0 0 0 1 1 1 0  )
                                ( 0 0 0 0 0 1 0 0 0 0 0 1 1 1 0 0  )
                                ( 0 0 0 0 1 0 0 0 0 0 1 1 1 0 0 0  )
                                ( 0 0 0 1 0 0 0 0 0 1 1 1 0 0 0 0  )
                                ( 0 0 1 0 0 0 0 0 1 1 1 0 0 0 0 0  )
                                ( 0 1 0 0 0 0 0 1 1 1 0 0 0 0 0 0  )
                                ( 1 0 0 0 0 0 1 1 1 0 0 0 0 0 0 0  ) ) )
 ( display       backslash1   ( ( 0 0 0 0 0 0 0 0 0 0 0 0 0 0 0 0  )
                                ( 0 0 0 0 0 0 0 0 0 0 0 0 0 0 0 0  )
                                ( 0 0 0 0 0 0 0 0 0 0 0 0 0 0 0 0  )
                                ( 1 0 0 0 0 0 0 0 0 0 0 0 0 0 0 0  )
                                ( 0 0 0 0 0 0 0 0 0 0 0 0 0 0 0 0  )
                                ( 0 0 1 0 0 0 0 0 0 0 0 0 0 0 0 0  )
                                ( 0 0 0 0 0 0 0 0 0 0 0 0 0 0 0 0  )
                                ( 0 0 0 0 1 0 0 0 0 0 0 0 0 0 0 0  )
                                ( 0 0 0 0 0 0 0 0 0 0 0 0 0 0 0 0  )
                                ( 0 0 0 0 0 0 1 0 0 0 0 0 0 0 0 0  )
                                ( 0 0 0 0 0 0 0 0 0 0 0 0 0 0 0 0  )
                                ( 0 0 0 0 0 0 0 0 1 0 0 0 0 0 0 0  )
                                ( 0 0 0 0 0 0 0 0 0 0 0 0 0 0 0 0  )
                                ( 0 0 0 0 0 0 0 0 0 0 1 0 0 0 0 0  )
                                ( 0 0 0 0 0 0 0 0 0 0 0 0 0 0 0 0  )
                                ( 0 0 0 0 0 0 0 0 0 0 0 0 1 0 0 0  ) ) )
 ( display       backslash2   ( ( 0 0 0 1 0 0 0 0 0 0 0 0 0 0 0 0  )
                                ( 0 0 0 0 0 0 0 0 0 0 0 0 0 0 0 0  )
                                ( 0 0 0 0 0 1 0 0 0 0 0 0 0 0 0 0  )
                                ( 0 0 0 0 0 0 0 0 0 0 0 0 0 0 0 0  )
                                ( 0 0 0 0 0 0 0 1 0 0 0 0 0 0 0 0  )
                                ( 0 0 0 0 0 0 0 0 0 0 0 0 0 0 0 0  )
                                ( 0 0 0 0 0 0 0 0 0 1 0 0 0 0 0 0  )
                                ( 0 0 0 0 0 0 0 0 0 0 0 0 0 0 0 0  )
                                ( 0 0 0 0 0 0 0 0 0 0 0 1 0 0 0 0  )
                                ( 0 0 0 0 0 0 0 0 0 0 0 0 0 0 0 0  )
                                ( 0 0 0 0 0 0 0 0 0 0 0 0 0 1 0 0  )
                                ( 0 0 0 0 0 0 0 0 0 0 0 0 0 0 0 0  )
                                ( 0 0 0 0 0 0 0 0 0 0 0 0 0 0 0 1  )
                                ( 0 0 0 0 0 0 0 0 0 0 0 0 0 0 0 0  )
                                ( 0 0 0 0 0 0 0 0 0 0 0 0 0 0 0 0  )
                                ( 0 0 0 0 0 0 0 0 0 0 0 0 0 0 0 0  ) ) )
 ( display       zigZag2      ( ( 1 1 0 0 0 0 0 0 1 1 0 0 0 0 0 0  )
                                ( 0 1 1 0 0 0 0 0 0 1 1 0 0 0 0 0  )
                                ( 0 0 1 1 0 0 0 0 0 0 1 1 0 0 0 0  )
                                ( 0 0 0 1 1 0 0 0 0 0 0 1 1 0 0 0  )
                                ( 0 0 0 0 1 1 0 0 0 0 0 0 1 1 0 0  )
                                ( 0 0 0 1 1 0 0 0 0 0 0 1 1 0 0 0  )
                                ( 0 0 1 1 0 0 0 0 0 0 1 1 0 0 0 0  )
                                ( 0 1 1 0 0 0 0 0 0 1 1 0 0 0 0 0  )
                                ( 1 1 0 0 0 0 0 0 1 1 0 0 0 0 0 0  )
                                ( 0 1 1 0 0 0 0 0 0 1 1 0 0 0 0 0  )
                                ( 0 0 1 1 0 0 0 0 0 0 1 1 0 0 0 0  )
                                ( 0 0 0 1 1 0 0 0 0 0 0 1 1 0 0 0  )
                                ( 0 0 0 0 1 1 0 0 0 0 0 0 1 1 0 0  )
                                ( 0 0 0 1 1 0 0 0 0 0 0 1 1 0 0 0  )
                                ( 0 0 1 1 0 0 0 0 0 0 1 1 0 0 0 0  )
                                ( 0 1 1 0 0 0 0 0 0 1 1 0 0 0 0 0  ) ) )
 ( display       slash1       ( ( 0 0 0 0 0 0 0 1 0 0 0 0 0 0 0 1  )
                                ( 0 0 0 0 0 0 1 0 0 0 0 0 0 0 1 0  )
                                ( 0 0 0 0 0 1 0 0 0 0 0 0 0 1 0 0  )
                                ( 0 0 0 0 1 0 0 0 0 0 0 0 1 0 0 0  )
                                ( 0 0 0 1 0 0 0 0 0 0 0 1 0 0 0 0  )
                                ( 0 0 1 0 0 0 0 0 0 0 1 0 0 0 0 0  )
                                ( 0 1 0 0 0 0 0 0 0 1 0 0 0 0 0 0  )
                                ( 1 0 0 0 0 0 0 0 1 0 0 0 0 0 0 0  )
                                ( 0 0 0 0 0 0 0 1 0 0 0 0 0 0 0 1  )
                                ( 0 0 0 0 0 0 1 0 0 0 0 0 0 0 1 0  )
                                ( 0 0 0 0 0 1 0 0 0 0 0 0 0 1 0 0  )
                                ( 0 0 0 0 1 0 0 0 0 0 0 0 1 0 0 0  )
                                ( 0 0 0 1 0 0 0 0 0 0 0 1 0 0 0 0  )
                                ( 0 0 1 0 0 0 0 0 0 0 1 0 0 0 0 0  )
                                ( 0 1 0 0 0 0 0 0 0 1 0 0 0 0 0 0  )
                                ( 1 0 0 0 0 0 0 0 1 0 0 0 0 0 0 0  ) ) )
 ( display       cross1       ( ( 0 0 0 0 0 0 0 0 0 0 0 0 0 0 0 0  )
                                ( 0 0 0 0 0 0 0 0 0 0 0 0 0 0 0 0  )
                                ( 0 0 0 0 0 0 0 0 0 0 0 0 0 0 0 0  )
                                ( 0 0 0 0 0 0 0 0 0 0 0 0 0 0 0 0  )
                                ( 0 0 0 0 0 0 0 0 0 0 0 0 0 0 0 0  )
                                ( 0 0 0 0 0 0 0 0 1 0 0 0 0 0 0 0  )
                                ( 0 0 0 0 0 0 0 0 1 0 0 0 0 0 0 0  )
                                ( 0 0 0 0 0 0 1 1 1 1 1 0 0 0 0 0  )
                                ( 0 0 0 0 0 0 0 0 1 0 0 0 0 0 0 0  )
                                ( 0 0 0 0 0 0 0 0 1 0 0 0 0 0 0 0  )
                                ( 0 0 0 0 0 0 0 0 0 0 0 0 0 0 0 0  )
                                ( 0 0 0 0 0 0 0 0 0 0 0 0 0 0 0 0  )
                                ( 0 0 0 0 0 0 0 0 0 0 0 0 0 0 0 0  )
                                ( 0 0 0 0 0 0 0 0 0 0 0 0 0 0 0 0  )
                                ( 0 0 0 0 0 0 0 0 0 0 0 0 0 0 0 0  )
                                ( 0 0 0 0 0 0 0 0 0 0 0 0 0 0 0 0  ) ) )
 ( display       thickBackSlash ( ( 1 0 0 0 0 0 0 0 0 0 0 0 0 0 0 0  )
                                ( 1 1 0 0 0 0 0 0 0 0 0 0 0 0 0 0  )
                                ( 0 1 1 0 0 0 0 0 0 0 0 0 0 0 0 0  )
                                ( 0 0 1 1 0 0 0 0 0 0 0 0 0 0 0 0  )
                                ( 0 0 0 1 1 0 0 0 0 0 0 0 0 0 0 0  )
                                ( 0 0 0 0 1 1 0 0 0 0 0 0 0 0 0 0  )
                                ( 0 0 0 0 0 1 1 0 0 0 0 0 0 0 0 0  )
                                ( 0 0 0 0 0 0 1 1 0 0 0 0 0 0 0 0  )
                                ( 0 0 0 0 0 0 0 1 1 0 0 0 0 0 0 0  )
                                ( 0 0 0 0 0 0 0 0 1 1 0 0 0 0 0 0  )
                                ( 0 0 0 0 0 0 0 0 0 1 1 0 0 0 0 0  )
                                ( 0 0 0 0 0 0 0 0 0 0 1 1 0 0 0 0  )
                                ( 0 0 0 0 0 0 0 0 0 0 0 1 1 0 0 0  )
                                ( 0 0 0 0 0 0 0 0 0 0 0 0 1 1 0 0  )
                                ( 0 0 0 0 0 0 0 0 0 0 0 0 0 1 1 0  )
                                ( 0 0 0 0 0 0 0 0 0 0 0 0 0 0 1 1  ) ) )
 ( display       snast1       ( ( 0 1 0 1 0 1 0 1  )
                                ( 1 0 1 0 1 0 1 0  )
                                ( 0 1 0 1 0 1 0 1  )
                                ( 1 0 1 0 1 0 1 0  )
                                ( 0 1 0 1 0 1 0 1  )
                                ( 1 0 1 0 1 0 1 0  )
                                ( 0 1 0 1 0 1 0 1  )
                                ( 1 0 1 0 1 0 1 0  ) ) )
 ( display       snast2       ( ( 1 0 1 0 1 0 1 0 1 0 1 0 1 0 1 0  )
                                ( 0 0 0 0 0 0 0 0 0 0 0 0 0 0 0 0  )
                                ( 1 0 1 0 1 0 1 0 1 0 1 0 1 0 1 0  )
                                ( 0 0 0 0 0 0 0 0 0 0 0 0 0 0 0 0  )
                                ( 1 0 1 0 1 0 1 0 1 0 1 0 1 0 1 0  )
                                ( 0 0 0 0 0 0 0 0 0 0 0 0 0 0 0 0  )
                                ( 1 0 1 0 1 0 1 0 1 0 1 0 1 0 1 0  )
                                ( 0 0 0 0 0 0 0 0 0 0 0 0 0 0 0 0  )
                                ( 1 0 1 0 1 0 1 0 1 0 1 0 1 0 1 0  )
                                ( 0 0 0 0 0 0 0 0 0 0 0 0 0 0 0 0  )
                                ( 1 0 1 0 1 0 1 0 1 0 1 0 1 0 1 0  )
                                ( 0 0 0 0 0 0 0 0 0 0 0 0 0 0 0 0  )
                                ( 1 0 1 0 1 0 1 0 1 0 1 0 1 0 1 0  )
                                ( 0 0 0 0 0 0 0 0 0 0 0 0 0 0 0 0  )
                                ( 1 0 1 0 1 0 1 0 1 0 1 0 1 0 1 0  )
                                ( 0 0 0 0 0 0 0 0 0 0 0 0 0 0 0 0  ) ) )
 ( display       snast3       ( ( 0 0 0 1 0 0 0 1 0 0 0 1 0 0 0 1  )
                                ( 0 0 1 0 0 0 1 0 0 0 1 0 0 0 1 0  )
                                ( 0 1 0 0 0 1 0 0 0 1 0 0 0 1 0 0  )
                                ( 1 0 0 0 1 0 0 0 1 0 0 0 1 0 0 0  )
                                ( 0 0 0 1 0 0 0 1 0 0 0 1 0 0 0 1  )
                                ( 0 0 1 0 0 0 1 0 0 0 1 0 0 0 1 0  )
                                ( 0 1 0 0 0 1 0 0 0 1 0 0 0 1 0 0  )
                                ( 1 0 0 0 1 0 0 0 1 0 0 0 1 0 0 0  )
                                ( 0 0 0 1 0 0 0 1 0 0 0 1 0 0 0 1  )
                                ( 0 0 1 0 0 0 1 0 0 0 1 0 0 0 1 0  )
                                ( 0 1 0 0 0 1 0 0 0 1 0 0 0 1 0 0  )
                                ( 1 0 0 0 1 0 0 0 1 0 0 0 1 0 0 0  )
                                ( 0 0 0 1 0 0 0 1 0 0 0 1 0 0 0 1  )
                                ( 0 0 1 0 0 0 1 0 0 0 1 0 0 0 1 0  )
                                ( 0 1 0 0 0 1 0 0 0 1 0 0 0 1 0 0  )
                                ( 1 0 0 0 1 0 0 0 1 0 0 0 1 0 0 0  ) ) )
 ( display       slash4       ( ( 0 0 0 1 0 0 0 0 0 0 1 0 0 0 0 0  )
                                ( 0 0 1 0 0 0 0 0 0 1 0 0 0 0 0 0  )
                                ( 0 1 0 0 0 0 0 0 1 0 0 0 0 0 0 0  )
                                ( 1 0 0 0 0 0 0 1 0 0 0 0 0 0 0 1  )
                                ( 0 0 0 0 0 0 1 0 0 0 0 0 0 0 1 0  )
                                ( 0 0 0 0 0 1 0 0 0 0 0 0 0 1 0 0  )
                                ( 0 0 0 0 1 0 0 0 0 0 0 0 1 0 0 0  )
                                ( 0 0 0 1 0 0 0 0 0 0 0 1 0 0 0 0  )
                                ( 0 0 1 0 0 0 0 0 0 0 1 0 0 0 0 0  )
                                ( 0 1 0 0 0 0 0 0 0 1 0 0 0 0 0 0  )
                                ( 1 0 0 0 0 0 0 0 1 0 0 0 0 0 0 1  )
                                ( 0 0 0 0 0 0 0 1 0 0 0 0 0 0 1 0  )
                                ( 0 0 0 0 0 0 1 0 0 0 0 0 0 1 0 0  )
                                ( 0 0 0 0 0 1 0 0 0 0 0 0 1 0 0 0  )
                                ( 0 0 0 0 1 0 0 0 0 0 0 1 0 0 0 0  )
                                ( 0 0 0 1 0 0 0 0 0 0 1 0 0 0 0 0  ) ) )
 ( display       rvZigZag     ( ( 0 0 0 0 1 0 0 0 0 0 1 0 0 0 0 1  )
                                ( 0 0 0 0 1 0 0 0 0 1 0 0 0 0 0 1  )
                                ( 0 0 0 1 0 0 0 0 1 0 0 0 0 0 1 0  )
                                ( 0 0 1 0 0 0 0 0 1 0 0 0 0 1 0 0  )
                                ( 0 0 1 0 0 0 0 1 0 0 0 0 0 1 0 0  )
                                ( 0 1 0 0 0 0 1 0 0 0 0 0 1 0 0 0  )
                                ( 1 0 0 0 0 0 1 0 0 0 0 1 0 0 0 0  )
                                ( 1 0 0 0 0 1 0 0 0 0 0 1 0 0 0 0  )
                                ( 0 0 0 0 1 0 0 0 0 0 1 0 0 0 0 1  )
                                ( 0 0 0 0 1 0 0 0 0 1 0 0 0 0 0 1  )
                                ( 0 0 0 1 0 0 0 0 0 1 0 0 0 0 1 0  )
                                ( 0 0 1 0 0 0 0 0 1 0 0 0 0 1 0 0  )
                                ( 0 0 1 0 0 0 0 1 0 0 0 0 0 1 0 0  )
                                ( 0 1 0 0 0 0 0 1 0 0 0 0 1 0 0 0  )
                                ( 1 0 0 0 0 0 1 0 0 0 0 1 0 0 0 0  )
                                ( 1 0 0 0 0 1 0 0 0 0 0 1 0 0 0 0  ) ) )
 ( display       rZigZag      ( ( 0 0 0 0 0 0 1 1 0 0 0 0 0 0 1 1  )
                                ( 0 0 0 0 0 1 0 0 0 0 0 0 0 1 0 0  )
                                ( 0 0 0 1 1 0 0 0 0 0 0 1 1 0 0 0  )
                                ( 0 0 1 0 0 0 0 0 0 0 1 0 0 0 0 0  )
                                ( 1 1 0 0 0 0 0 0 1 1 0 0 0 0 0 0  )
                                ( 0 0 0 0 0 0 0 1 0 0 0 0 0 0 0 1  )
                                ( 0 0 0 0 0 1 1 0 0 0 0 0 0 0 1 0  )
                                ( 0 0 0 0 1 0 0 0 0 0 0 0 1 1 0 0  )
                                ( 0 0 1 1 0 0 0 0 0 0 0 1 0 0 0 0  )
                                ( 0 1 0 0 0 0 0 0 0 1 1 0 0 0 0 0  )
                                ( 1 0 0 0 0 0 0 0 1 0 0 0 0 0 0 0  )
                                ( 0 0 0 0 0 0 1 1 0 0 0 0 0 0 1 1  )
                                ( 0 0 0 0 0 1 0 0 0 0 0 0 0 1 0 0  )
                                ( 0 0 0 1 1 0 0 0 0 0 0 1 1 0 0 0  )
                                ( 0 0 1 0 0 0 0 0 0 0 1 0 0 0 0 0  )
                                ( 1 1 0 0 0 0 0 0 1 1 0 0 0 0 0 0  ) ) )
 ( display       vlcZigZag    ( ( 1 0 0 0 0 1 0 0 0 0 1 0 0 0 0 0  )
                                ( 1 0 0 0 0 0 1 0 0 0 0 1 0 0 0 0  )
                                ( 0 1 0 0 0 0 1 0 0 0 0 0 1 0 0 0  )
                                ( 0 0 1 0 0 0 0 1 0 0 0 0 1 0 0 0  )
                                ( 0 0 1 0 0 0 0 0 1 0 0 0 0 1 0 0  )
                                ( 0 0 0 1 0 0 0 0 1 0 0 0 0 0 1 0  )
                                ( 0 0 0 0 1 0 0 0 0 1 0 0 0 0 1 0  )
                                ( 0 0 0 0 1 0 0 0 0 0 1 0 0 0 0 1  )
                                ( 1 0 0 0 0 1 0 0 0 0 1 0 0 0 0 0  )
                                ( 1 0 0 0 0 0 1 0 0 0 0 1 0 0 0 0  )
                                ( 0 1 0 0 0 0 1 0 0 0 0 0 1 0 0 0  )
                                ( 0 0 1 0 0 0 0 1 0 0 0 0 1 0 0 0  )
                                ( 0 0 1 0 0 0 0 0 1 0 0 0 0 1 0 0  )
                                ( 0 0 0 1 0 0 0 0 1 0 0 0 0 0 1 0  )
                                ( 0 0 0 0 1 0 0 0 0 1 0 0 0 0 1 0  )
                                ( 0 0 0 0 1 0 0 0 0 0 1 0 0 0 0 1  ) ) )
 ( display       vlcSolid     ( ( 1 1 1 1 1 1 1 1 1 1 1 1 1 1 1 1  )
                                ( 1 1 1 1 1 1 1 1 1 1 1 1 1 1 1 1  )
                                ( 1 1 1 1 1 1 1 1 1 1 1 1 1 1 1 1  )
                                ( 1 1 1 1 1 1 1 1 1 1 1 1 1 1 1 1  )
                                ( 1 1 1 1 1 1 1 1 1 1 1 1 1 1 1 1  )
                                ( 1 1 1 1 1 1 1 1 1 1 1 1 1 1 1 1  )
                                ( 1 1 1 1 1 1 1 1 1 1 1 1 1 1 1 1  )
                                ( 1 1 1 1 1 1 1 1 1 1 1 1 1 1 1 1  )
                                ( 1 1 1 1 1 1 1 1 1 1 1 1 1 1 1 1  )
                                ( 1 1 1 1 1 1 1 1 1 1 1 1 1 1 1 1  )
                                ( 1 1 1 1 1 1 1 1 1 1 1 1 1 1 1 1  )
                                ( 1 1 1 1 1 1 1 1 1 1 1 1 1 1 1 1  )
                                ( 1 1 1 1 1 1 1 1 1 1 1 1 1 1 1 1  )
                                ( 1 1 1 1 1 1 1 1 1 1 1 1 1 1 1 1  )
                                ( 1 1 1 1 1 1 1 1 1 1 1 1 1 1 1 1  )
                                ( 1 1 1 1 1 1 1 1 1 1 1 1 1 1 1 1  ) ) )
 ( display       vlcBlank     ( ( 0 0 0 0 0 0 0 0 0 0 0 0 0 0 0 0  )
                                ( 0 0 0 0 0 0 0 0 0 0 0 0 0 0 0 0  )
                                ( 0 0 0 0 0 0 0 0 0 0 0 0 0 0 0 0  )
                                ( 0 0 0 0 0 0 0 0 0 0 0 0 0 0 0 0  )
                                ( 0 0 0 0 0 0 0 0 0 0 0 0 0 0 0 0  )
                                ( 0 0 0 0 0 0 0 0 0 0 0 0 0 0 0 0  )
                                ( 0 0 0 0 0 0 0 0 0 0 0 0 0 0 0 0  )
                                ( 0 0 0 0 0 0 0 0 0 0 0 0 0 0 0 0  )
                                ( 0 0 0 0 0 0 0 0 0 0 0 0 0 0 0 0  )
                                ( 0 0 0 0 0 0 0 0 0 0 0 0 0 0 0 0  )
                                ( 0 0 0 0 0 0 0 0 0 0 0 0 0 0 0 0  )
                                ( 0 0 0 0 0 0 0 0 0 0 0 0 0 0 0 0  )
                                ( 0 0 0 0 0 0 0 0 0 0 0 0 0 0 0 0  )
                                ( 0 0 0 0 0 0 0 0 0 0 0 0 0 0 0 0  )
                                ( 0 0 0 0 0 0 0 0 0 0 0 0 0 0 0 0  )
                                ( 0 0 0 0 0 0 0 0 0 0 0 0 0 0 0 0  ) ) )
 ( display       vlcDots      ( ( 0 1 0 0 0 1 0 0 0 1 0 0 0 1 0 0  )
                                ( 0 0 0 0 0 0 0 0 0 0 0 0 0 0 0 0  )
                                ( 0 0 0 1 0 0 0 1 0 0 0 1 0 0 0 1  )
                                ( 0 0 0 0 0 0 0 0 0 0 0 0 0 0 0 0  )
                                ( 0 1 0 0 0 1 0 0 0 1 0 0 0 1 0 0  )
                                ( 0 0 0 0 0 0 0 0 0 0 0 0 0 0 0 0  )
                                ( 0 0 0 1 0 0 0 1 0 0 0 1 0 0 0 1  )
                                ( 0 0 0 0 0 0 0 0 0 0 0 0 0 0 0 0  )
                                ( 0 1 0 0 0 1 0 0 0 1 0 0 0 1 0 0  )
                                ( 0 0 0 0 0 0 0 0 0 0 0 0 0 0 0 0  )
                                ( 0 0 0 1 0 0 0 1 0 0 0 1 0 0 0 1  )
                                ( 0 0 0 0 0 0 0 0 0 0 0 0 0 0 0 0  )
                                ( 0 1 0 0 0 1 0 0 0 1 0 0 0 1 0 0  )
                                ( 0 0 0 0 0 0 0 0 0 0 0 0 0 0 0 0  )
                                ( 0 0 0 1 0 0 0 1 0 0 0 1 0 0 0 1  )
                                ( 0 0 0 0 0 0 0 0 0 0 0 0 0 0 0 0  ) ) )
 ( display       vlcDagger    ( ( 0 0 0 0 0 0 0 0 0 0 0 0 0 0 0 0  )
                                ( 0 0 1 0 0 0 0 0 0 0 1 0 0 0 0 0  )
                                ( 0 0 1 0 0 0 0 0 0 0 1 0 0 0 0 0  )
                                ( 0 0 1 0 0 0 0 0 0 0 1 0 0 0 0 0  )
                                ( 1 1 1 1 1 0 0 0 1 1 1 1 1 0 0 0  )
                                ( 0 0 1 0 0 0 0 0 0 0 1 0 0 0 0 0  )
                                ( 0 0 1 0 0 0 0 0 0 0 1 0 0 0 0 0  )
                                ( 0 0 1 0 0 0 0 0 0 0 1 0 0 0 0 0  )
                                ( 0 0 0 0 0 0 0 0 0 0 0 0 0 0 0 0  )
                                ( 0 0 0 0 0 1 0 0 0 0 0 0 0 1 0 0  )
                                ( 0 0 0 0 0 1 0 0 0 0 0 0 0 1 0 0  )
                                ( 0 0 0 0 0 1 0 0 0 0 0 0 0 1 0 0  )
                                ( 0 0 0 1 1 1 1 1 0 0 0 1 1 1 1 1  )
                                ( 0 0 0 0 0 1 0 0 0 0 0 0 0 1 0 0  )
                                ( 0 0 0 0 0 1 0 0 0 0 0 0 0 1 0 0  )
                                ( 0 0 0 0 0 1 0 0 0 0 0 0 0 1 0 0  ) ) )
 ( display       vlcSt1       ( ( 0 0 0 0 0 0 0 0 0 0 0 0 0 0 0 0  )
                                ( 0 0 0 0 0 0 0 0 0 0 0 0 0 0 0 0  )
                                ( 0 0 0 0 0 0 0 0 0 0 0 0 0 0 0 0  )
                                ( 0 0 0 0 0 0 0 0 0 0 0 0 0 0 0 0  )
                                ( 0 0 0 0 1 0 0 0 0 0 0 0 0 0 0 0  )
                                ( 0 0 0 0 0 0 0 0 0 0 0 0 0 0 0 0  )
                                ( 0 0 0 0 0 0 0 0 0 0 0 0 0 0 0 0  )
                                ( 0 0 0 0 0 0 0 0 0 0 0 0 0 0 0 0  )
                                ( 0 0 0 0 0 0 0 0 0 0 0 0 0 0 0 0  )
                                ( 0 0 0 0 0 0 0 0 0 0 0 0 0 0 0 0  )
                                ( 0 0 0 0 0 0 0 0 0 0 0 0 0 0 0 0  )
                                ( 0 0 0 0 0 0 0 0 0 0 0 0 0 0 0 0  )
                                ( 0 0 0 0 0 0 0 0 0 0 0 0 1 0 0 0  )
                                ( 0 0 0 0 0 0 0 0 0 0 0 0 0 0 0 0  )
                                ( 0 0 0 0 0 0 0 0 0 0 0 0 0 0 0 0  )
                                ( 0 0 0 0 0 0 0 0 0 0 0 0 0 0 0 0  ) ) )
 ( display       stipple7     ( ( 0 0 0 0 0 0 0 0 0 0 0 0 0 0 0 0  )
                                ( 0 0 0 0 0 0 0 0 0 0 0 0 0 0 0 0  )
                                ( 1 1 1 1 1 1 1 1 1 1 1 1 1 1 1 1  )
                                ( 0 0 0 0 0 0 0 0 0 0 0 0 0 0 0 0  )
                                ( 0 0 0 0 0 0 0 0 0 0 0 0 0 0 0 0  )
                                ( 0 0 0 0 0 0 0 0 0 0 0 0 0 0 0 0  )
                                ( 1 1 1 1 1 1 1 1 1 1 1 1 1 1 1 1  )
                                ( 0 0 0 0 0 0 0 0 0 0 0 0 0 0 0 0  )
                                ( 0 0 0 0 0 0 0 0 0 0 0 0 0 0 0 0  )
                                ( 0 0 0 0 0 0 0 0 0 0 0 0 0 0 0 0  )
                                ( 1 1 1 1 1 1 1 1 1 1 1 1 1 1 1 1  )
                                ( 0 0 0 0 0 0 0 0 0 0 0 0 0 0 0 0  )
                                ( 0 0 0 0 0 0 0 0 0 0 0 0 0 0 0 0  )
                                ( 0 0 0 0 0 0 0 0 0 0 0 0 0 0 0 0  )
                                ( 1 1 1 1 1 1 1 1 1 1 1 1 1 1 1 1  )
                                ( 0 0 0 0 0 0 0 0 0 0 0 0 0 0 0 0  ) ) )
 ( display       stipple10    ( ( 1 0 0 0 1 0 0 0 1 0 0 0 1 0 0 0  )
                                ( 1 0 0 0 1 0 0 0 1 0 0 0 1 0 0 0  )
                                ( 1 0 0 0 1 0 0 0 1 0 0 0 1 0 0 0  )
                                ( 1 0 0 0 1 0 0 0 1 0 0 0 1 0 0 0  )
                                ( 1 0 0 0 1 0 0 0 1 0 0 0 1 0 0 0  )
                                ( 1 0 0 0 1 0 0 0 1 0 0 0 1 0 0 0  )
                                ( 1 0 0 0 1 0 0 0 1 0 0 0 1 0 0 0  )
                                ( 1 0 0 0 1 0 0 0 1 0 0 0 1 0 0 0  )
                                ( 1 0 0 0 1 0 0 0 1 0 0 0 1 0 0 0  )
                                ( 1 0 0 0 1 0 0 0 1 0 0 0 1 0 0 0  )
                                ( 1 0 0 0 1 0 0 0 1 0 0 0 1 0 0 0  )
                                ( 1 0 0 0 1 0 0 0 1 0 0 0 1 0 0 0  )
                                ( 1 0 0 0 1 0 0 0 1 0 0 0 1 0 0 0  )
                                ( 1 0 0 0 1 0 0 0 1 0 0 0 1 0 0 0  )
                                ( 1 0 0 0 1 0 0 0 1 0 0 0 1 0 0 0  )
                                ( 1 0 0 0 1 0 0 0 1 0 0 0 1 0 0 0  ) ) )
 ( display       stipple11    ( ( 1 0 1 0 1 0 1 0 1 0 1 0 1 0 1 0  )
                                ( 1 0 1 0 1 0 1 0 1 0 1 0 1 0 1 0  )
                                ( 1 0 1 0 1 0 1 0 1 0 1 0 1 0 1 0  )
                                ( 1 0 1 0 1 0 1 0 1 0 1 0 1 0 1 0  )
                                ( 1 0 1 0 1 0 1 0 1 0 1 0 1 0 1 0  )
                                ( 1 0 1 0 1 0 1 0 1 0 1 0 1 0 1 0  )
                                ( 1 0 1 0 1 0 1 0 1 0 1 0 1 0 1 0  )
                                ( 1 0 1 0 1 0 1 0 1 0 1 0 1 0 1 0  )
                                ( 1 0 1 0 1 0 1 0 1 0 1 0 1 0 1 0  )
                                ( 1 0 1 0 1 0 1 0 1 0 1 0 1 0 1 0  )
                                ( 1 0 1 0 1 0 1 0 1 0 1 0 1 0 1 0  )
                                ( 1 0 1 0 1 0 1 0 1 0 1 0 1 0 1 0  )
                                ( 1 0 1 0 1 0 1 0 1 0 1 0 1 0 1 0  )
                                ( 1 0 1 0 1 0 1 0 1 0 1 0 1 0 1 0  )
                                ( 1 0 1 0 1 0 1 0 1 0 1 0 1 0 1 0  )
                                ( 1 0 1 0 1 0 1 0 1 0 1 0 1 0 1 0  ) ) )
 ( display       stipple12    ( ( 1 0 0 0 1 0 0 0 1 0 0 0 1 0 0 0  )
                                ( 1 0 0 0 1 0 0 0 1 0 0 0 1 0 0 0  )
                                ( 0 0 0 1 0 0 0 1 0 0 0 1 0 0 0 1  )
                                ( 0 0 0 1 0 0 0 1 0 0 0 1 0 0 0 1  )
                                ( 1 0 0 0 1 0 0 0 1 0 0 0 1 0 0 0  )
                                ( 1 0 0 0 1 0 0 0 1 0 0 0 1 0 0 0  )
                                ( 0 0 0 1 0 0 0 1 0 0 0 1 0 0 0 1  )
                                ( 0 0 0 1 0 0 0 1 0 0 0 1 0 0 0 1  )
                                ( 1 0 0 0 1 0 0 0 1 0 0 0 1 0 0 0  )
                                ( 1 0 0 0 1 0 0 0 1 0 0 0 1 0 0 0  )
                                ( 0 0 0 1 0 0 0 1 0 0 0 1 0 0 0 1  )
                                ( 0 0 0 1 0 0 0 1 0 0 0 1 0 0 0 1  )
                                ( 1 0 0 0 1 0 0 0 1 0 0 0 1 0 0 0  )
                                ( 1 0 0 0 1 0 0 0 1 0 0 0 1 0 0 0  )
                                ( 0 0 0 1 0 0 0 1 0 0 0 1 0 0 0 1  )
                                ( 0 0 0 1 0 0 0 1 0 0 0 1 0 0 0 1  ) ) )
 ( display       stipple13    ( ( 0 0 0 0 0 0 0 0 0 0 0 0 0 0 0 0  )
                                ( 0 0 1 0 0 1 0 0 0 0 1 0 0 1 0 0  )
                                ( 0 1 0 0 0 0 1 0 0 1 0 0 0 0 1 0  )
                                ( 0 0 0 0 0 0 0 0 0 0 0 0 0 0 0 0  )
                                ( 0 0 0 0 0 0 0 0 0 0 0 0 0 0 0 0  )
                                ( 0 1 0 0 0 0 1 0 0 1 0 0 0 0 1 0  )
                                ( 0 0 1 0 0 1 0 0 0 0 1 0 0 1 0 0  )
                                ( 0 0 0 0 0 0 0 0 0 0 0 0 0 0 0 0  )
                                ( 0 0 0 0 0 0 0 0 0 0 0 0 0 0 0 0  )
                                ( 0 0 1 0 0 1 0 0 0 0 1 0 0 1 0 0  )
                                ( 0 1 0 0 0 0 1 0 0 1 0 0 0 0 1 0  )
                                ( 0 0 0 0 0 0 0 0 0 0 0 0 0 0 0 0  )
                                ( 0 0 0 0 0 0 0 0 0 0 0 0 0 0 0 0  )
                                ( 0 1 0 0 0 0 1 0 0 1 0 0 0 0 1 0  )
                                ( 0 0 1 0 0 1 0 0 0 0 1 0 0 1 0 0  )
                                ( 0 0 0 0 0 0 0 0 0 0 0 0 0 0 0 0  ) ) )
 ( display       checker      ( ( 1 1 1 1 1 1 1 1 0 0 0 0 0 0 0 0  )
                                ( 1 1 1 1 1 1 1 1 0 0 0 0 0 0 0 0  )
                                ( 1 1 1 1 1 1 1 1 0 0 0 0 0 0 0 0  )
                                ( 1 1 1 1 1 1 1 1 0 0 0 0 0 0 0 0  )
                                ( 1 1 1 1 1 1 1 1 0 0 0 0 0 0 0 0  )
                                ( 1 1 1 1 1 1 1 1 0 0 0 0 0 0 0 0  )
                                ( 1 1 1 1 1 1 1 1 0 0 0 0 0 0 0 0  )
                                ( 1 1 1 1 1 1 1 1 0 0 0 0 0 0 0 0  )
                                ( 0 0 0 0 0 0 0 0 1 1 1 1 1 1 1 1  )
                                ( 0 0 0 0 0 0 0 0 1 1 1 1 1 1 1 1  )
                                ( 0 0 0 0 0 0 0 0 1 1 1 1 1 1 1 1  )
                                ( 0 0 0 0 0 0 0 0 1 1 1 1 1 1 1 1  )
                                ( 0 0 0 0 0 0 0 0 1 1 1 1 1 1 1 1  )
                                ( 0 0 0 0 0 0 0 0 1 1 1 1 1 1 1 1  )
                                ( 0 0 0 0 0 0 0 0 1 1 1 1 1 1 1 1  )
                                ( 0 0 0 0 0 0 0 0 1 1 1 1 1 1 1 1  ) ) )
 ( display       viap         ( ( 0 0 1 0 0 0 1 0 0 0 1 0 0 0 0 0  )
                                ( 0 0 0 0 0 0 0 0 0 0 0 0 0 0 0 0  )
                                ( 1 0 0 0 1 0 0 0 1 0 0 0 1 0 0 0  )
                                ( 0 0 0 0 0 0 0 0 0 0 0 0 0 0 0 0  )
                                ( 0 0 1 0 0 0 1 0 0 0 1 0 0 0 1 0  )
                                ( 0 0 0 0 0 0 0 0 0 0 0 0 0 0 0 0  )
                                ( 1 0 0 0 1 0 0 0 1 0 0 0 1 0 0 0  )
                                ( 0 0 0 0 0 0 0 0 0 0 0 0 0 0 0 0  )
                                ( 0 0 1 0 0 0 1 0 0 0 1 0 0 0 1 0  )
                                ( 0 0 0 0 0 0 0 0 0 0 0 0 0 0 0 0  )
                                ( 1 0 0 0 1 0 0 0 1 0 0 0 1 0 0 0  )
                                ( 0 0 0 0 0 0 0 0 0 0 0 0 0 0 0 0  )
                                ( 0 0 1 0 0 0 1 0 0 0 1 0 0 0 1 0  )
                                ( 0 0 0 0 0 0 0 0 0 0 0 0 0 0 0 0  )
                                ( 0 0 0 0 1 0 0 0 1 0 0 0 1 0 0 0  )
                                ( 0 0 0 0 0 0 0 0 0 0 0 0 0 0 0 1  ) ) )
 ( display       metal1S      ( ( 1 0 0 0 0 0 0 0 0 0 0 0 0 0 0 0  )
                                ( 1 1 0 0 0 0 0 0 0 0 0 0 0 0 0 0  )
                                ( 0 1 1 0 0 0 0 0 0 0 0 0 0 0 0 0  )
                                ( 0 0 1 1 0 0 0 0 0 0 0 0 0 0 0 0  )
                                ( 0 0 0 1 1 0 0 0 0 0 0 0 0 0 0 0  )
                                ( 0 0 0 0 1 1 0 0 0 0 0 0 0 0 0 0  )
                                ( 0 0 0 0 0 1 1 0 0 0 0 0 0 0 0 0  )
                                ( 0 0 0 0 0 0 1 1 0 0 0 0 0 0 0 0  )
                                ( 0 0 0 0 0 0 0 1 1 0 0 0 0 0 0 0  )
                                ( 0 0 0 0 0 0 0 0 1 1 0 0 0 0 0 0  )
                                ( 0 0 0 0 0 0 0 0 0 1 1 0 0 0 0 0  )
                                ( 0 0 0 0 0 0 0 0 0 0 1 1 0 0 0 0  )
                                ( 0 0 0 0 0 0 0 0 0 0 0 1 1 0 0 0  )
                                ( 0 0 0 0 0 0 0 0 0 0 0 0 1 1 0 0  )
                                ( 0 0 0 0 0 0 0 0 0 0 0 0 0 1 1 0  )
                                ( 0 0 0 0 0 0 0 0 0 0 0 0 0 0 1 1  ) ) )
 ( display       metal2S      ( ( 1 0 0 0 0 0 0 0 0 0 0 0 0 0 0 1  )
                                ( 0 0 0 0 0 0 0 0 0 0 0 0 0 0 0 0  )
                                ( 0 0 0 0 0 0 0 0 0 0 0 0 0 0 0 0  )
                                ( 0 0 0 0 0 0 0 0 0 0 0 0 0 0 0 0  )
                                ( 0 0 0 0 0 0 0 0 0 0 0 1 0 0 0 0  )
                                ( 0 0 0 0 0 1 0 0 0 0 0 0 0 0 0 0  )
                                ( 0 0 0 0 0 0 0 0 0 0 0 0 0 0 0 0  )
                                ( 0 0 0 0 0 0 0 0 0 0 0 0 0 0 0 0  )
                                ( 0 0 0 0 0 0 0 0 0 0 0 0 0 0 0 0  )
                                ( 0 0 1 0 0 0 0 0 0 0 0 0 0 0 0 0  )
                                ( 0 0 0 0 0 0 0 0 0 0 0 0 0 0 0 0  )
                                ( 0 0 0 0 0 0 0 0 0 0 1 0 0 0 0 0  )
                                ( 0 0 0 0 0 0 0 0 0 0 0 0 0 0 0 0  )
                                ( 0 0 0 0 0 0 0 0 0 0 0 0 0 0 0 0  )
                                ( 0 0 0 0 0 1 0 0 0 0 0 0 0 0 0 0  )
                                ( 1 0 0 0 0 0 0 0 0 0 0 0 0 0 0 1  ) ) )
 ( display       gnd2S        ( ( 1 0 0 0 0 0 1 1 1 0 0 0 0 0 1 1  )
                                ( 1 0 0 0 0 0 0 0 1 0 0 0 0 0 0 0  )
                                ( 1 1 1 0 0 0 0 0 1 1 1 0 0 0 0 0  )
                                ( 0 0 1 0 0 0 0 0 0 0 1 0 0 0 0 0  )
                                ( 0 0 1 1 1 0 0 0 0 0 1 1 1 0 0 0  )
                                ( 0 0 0 0 1 0 0 0 0 0 0 0 1 0 0 0  )
                                ( 0 0 0 0 1 1 1 0 0 0 0 0 1 1 1 0  )
                                ( 0 0 0 0 0 0 1 0 0 0 0 0 0 0 1 0  )
                                ( 1 0 0 0 0 0 1 1 1 0 0 0 0 0 1 1  )
                                ( 1 0 0 0 0 0 0 0 1 0 0 0 0 0 0 0  )
                                ( 1 1 1 0 0 0 0 0 1 1 1 0 0 0 0 0  )
                                ( 0 0 1 0 0 0 0 0 0 0 1 0 0 0 0 0  )
                                ( 0 0 1 1 1 0 0 0 0 0 1 1 1 0 0 0  )
                                ( 0 0 0 0 1 0 0 0 0 0 0 0 1 0 0 0  )
                                ( 0 0 0 0 1 1 1 0 0 0 0 0 1 1 1 0  )
                                ( 0 0 0 0 0 0 1 0 0 0 0 0 0 0 1 0  ) ) )
 ( display       vcc1S        ( ( 1 0 0 1 1 0 0 0 1 0 0 1 1 0 0 0  )
                                ( 0 1 0 0 1 0 0 0 0 1 0 0 1 0 0 0  )
                                ( 0 0 1 0 0 1 1 0 0 0 1 0 0 1 1 0  )
                                ( 0 0 0 1 0 0 1 0 0 0 0 1 0 0 1 0  )
                                ( 1 0 0 0 1 0 0 1 1 0 0 0 1 0 0 1  )
                                ( 1 0 0 0 0 1 0 0 1 0 0 0 0 1 0 0  )
                                ( 0 1 1 0 0 0 1 0 0 1 1 0 0 0 1 0  )
                                ( 0 0 1 0 0 0 0 1 0 0 1 0 0 0 0 1  )
                                ( 1 0 0 1 1 0 0 0 1 0 0 1 1 0 0 0  )
                                ( 0 1 0 0 1 0 0 0 0 1 0 0 1 0 0 0  )
                                ( 0 0 1 0 0 1 1 0 0 0 1 0 0 1 1 0  )
                                ( 0 0 0 1 0 0 1 0 0 0 0 1 0 0 1 0  )
                                ( 1 0 0 0 1 0 0 1 1 0 0 0 1 0 0 1  )
                                ( 1 0 0 0 0 1 0 0 1 0 0 0 0 1 0 0  )
                                ( 0 1 1 0 0 0 1 0 0 1 1 0 0 0 1 0  )
                                ( 0 0 1 0 0 0 0 1 0 0 1 0 0 0 0 1  ) ) )
 ( display       poly2p       ( ( 0 0 0 0 0 0 0 0 0 0 0 0 0 0 0 0  )
                                ( 0 0 0 0 0 0 0 0 0 0 0 0 0 0 0 0  )
                                ( 0 0 0 0 0 0 0 0 0 0 0 0 0 0 0 0  )
                                ( 0 0 1 1 1 0 0 0 0 0 1 1 0 0 0 0  )
                                ( 0 0 1 0 0 1 0 0 0 1 0 0 1 0 0 0  )
                                ( 0 0 1 0 0 1 0 0 0 0 0 0 1 0 0 0  )
                                ( 0 0 1 1 1 0 0 0 0 0 0 1 0 0 0 0  )
                                ( 0 0 1 0 0 0 0 0 0 0 1 0 0 0 0 0  )
                                ( 0 0 1 0 0 0 0 0 0 1 0 0 0 0 0 0  )
                                ( 0 0 1 0 0 0 0 0 0 1 1 1 1 0 0 0  )
                                ( 0 0 0 0 0 0 0 0 0 0 0 0 0 0 0 0  )
                                ( 0 0 0 0 0 0 0 0 0 0 0 0 0 0 0 0  )
                                ( 0 0 0 0 0 0 0 0 0 0 0 0 0 0 0 0  )
                                ( 0 0 0 0 0 0 0 0 0 0 0 0 0 0 0 0  )
                                ( 0 0 0 0 0 0 0 0 0 0 0 0 0 0 0 0  )
                                ( 0 0 0 0 0 0 0 0 0 0 0 0 0 0 0 0  ) ) )
 ( display       pplusp       ( ( 0 0 0 0 0 0 0 0 0 0 0 0 0 0 0 0 0 0 0 0 0 0 0 0 0 0 0 0 0 0 0 0  )
                                ( 0 0 0 0 0 0 0 0 0 0 0 0 0 0 0 0 0 0 0 0 0 0 0 0 0 0 0 0 0 0 0 0  )
                                ( 0 0 0 0 0 0 0 0 0 0 0 0 0 0 0 0 0 0 0 0 0 0 0 0 0 0 0 0 0 0 0 0  )
                                ( 0 0 0 0 0 0 0 0 0 0 0 0 0 0 0 0 0 0 0 0 0 0 0 0 0 0 0 0 0 0 0 0  )
                                ( 0 0 0 0 0 0 0 0 0 0 0 0 0 0 0 0 0 0 0 0 0 0 0 0 0 0 0 0 0 0 0 0  )
                                ( 0 0 0 0 0 0 0 0 0 0 0 0 0 0 0 0 0 0 0 0 0 0 0 0 0 0 0 0 0 0 0 0  )
                                ( 0 0 0 0 0 0 0 0 0 0 0 0 0 0 0 0 0 0 0 0 0 0 0 0 0 0 0 0 0 0 0 0  )
                                ( 0 0 0 0 0 0 0 0 0 0 0 0 0 0 0 0 0 0 0 0 0 0 0 0 0 0 0 0 0 0 0 0  )
                                ( 0 0 0 0 0 0 0 0 0 0 0 0 0 0 0 0 0 0 0 0 0 0 0 0 0 0 0 0 0 0 0 0  )
                                ( 0 0 0 0 0 0 0 0 0 0 0 0 0 0 0 0 0 0 0 0 0 0 0 0 0 0 0 0 0 0 0 0  )
                                ( 0 0 0 0 0 0 0 0 0 0 0 0 0 0 0 0 0 0 0 0 0 0 0 0 0 0 0 0 0 0 0 0  )
                                ( 0 0 0 0 0 0 0 0 0 0 0 0 0 0 0 0 0 0 0 0 0 0 0 0 0 0 0 0 0 0 0 0  )
                                ( 0 0 0 0 0 0 0 0 0 0 0 0 0 0 0 0 0 0 0 0 0 0 0 0 0 0 0 0 0 0 0 0  )
                                ( 0 0 0 0 0 0 0 0 0 0 0 0 0 0 0 1 0 0 0 0 0 0 0 0 0 0 0 0 0 0 0 0  )
                                ( 0 0 0 0 0 0 0 0 0 0 0 0 0 0 0 1 0 0 0 0 0 0 0 0 0 0 0 0 0 0 0 0  )
                                ( 0 0 0 0 0 0 0 0 0 0 0 0 0 1 1 1 1 1 0 0 0 0 0 0 0 0 0 0 0 0 0 0  )
                                ( 0 0 0 0 0 0 0 0 0 0 0 0 0 0 0 1 0 0 0 0 0 0 0 0 0 0 0 0 0 0 0 0  )
                                ( 0 0 0 0 0 0 0 0 0 0 0 0 0 0 0 1 0 0 0 0 0 0 0 0 0 0 0 0 0 0 0 0  )
                                ( 0 0 0 0 0 0 0 0 0 0 0 0 0 0 0 0 0 0 0 0 0 0 0 0 0 0 0 0 0 0 0 0  )
                                ( 0 0 0 0 0 0 0 0 0 0 0 0 0 0 0 0 0 0 0 0 0 0 0 0 0 0 0 0 0 0 0 0  )
                                ( 0 0 0 0 0 0 0 0 0 0 0 0 0 0 0 0 0 0 0 0 0 0 0 0 0 0 0 0 0 0 0 0  )
                                ( 0 0 0 0 0 0 0 0 0 0 0 0 0 0 0 0 0 0 0 0 0 0 0 0 0 0 0 0 0 0 0 0  )
                                ( 0 0 0 0 0 0 0 0 0 0 0 0 0 0 0 0 0 0 0 0 0 0 0 0 0 0 0 0 0 0 0 0  )
                                ( 0 0 0 0 0 0 0 0 0 0 0 0 0 0 0 0 0 0 0 0 0 0 0 0 0 0 0 0 0 0 0 0  )
                                ( 0 0 0 0 0 0 0 0 0 0 0 0 0 0 0 0 0 0 0 0 0 0 0 0 0 0 0 0 0 0 0 0  )
                                ( 0 0 0 0 0 0 0 0 0 0 0 0 0 0 0 0 0 0 0 0 0 0 0 0 0 0 0 0 0 0 0 0  )
                                ( 0 0 0 0 0 0 0 0 0 0 0 0 0 0 0 0 0 0 0 0 0 0 0 0 0 0 0 0 0 0 0 0  )
                                ( 0 0 0 0 0 0 0 0 0 0 0 0 0 0 0 0 0 0 0 0 0 0 0 0 0 0 0 0 0 0 0 0  )
                                ( 0 0 0 0 0 0 0 0 0 0 0 0 0 0 0 0 0 0 0 0 0 0 0 0 0 0 0 0 0 0 0 0  )
                                ( 0 0 0 0 0 0 0 0 0 0 0 0 0 0 0 0 0 0 0 0 0 0 0 0 0 0 0 0 0 0 0 0  )
                                ( 0 0 0 0 0 0 0 0 0 0 0 0 0 0 0 0 0 0 0 0 0 0 0 0 0 0 0 0 0 0 0 0  )
                                ( 0 0 0 0 0 0 0 0 0 0 0 0 0 0 0 0 0 0 0 0 0 0 0 0 0 0 0 0 0 0 0 0  ) ) )
 ( display       wellp        ( ( 0 0 0 0 0 0 0 0 0 0 0 0 0 0 0 0 0 0 0 0 0 0 0 0 0 0 0 0 0 0 0 0  )
                                ( 0 0 0 0 0 0 0 0 0 0 0 0 0 0 0 0 0 0 0 0 0 0 0 0 0 0 0 0 0 0 0 0  )
                                ( 0 0 0 0 0 0 0 0 0 0 0 0 0 0 0 0 0 0 0 0 0 0 0 0 0 0 0 0 0 0 0 0  )
                                ( 0 0 0 0 0 0 0 0 0 0 0 0 0 0 0 0 0 0 0 0 0 0 0 0 0 0 0 0 0 0 0 0  )
                                ( 0 0 0 0 0 0 0 0 0 0 0 0 0 0 0 0 0 0 0 0 0 0 0 0 0 0 0 0 0 0 0 0  )
                                ( 0 0 0 0 0 0 0 0 0 0 0 0 0 0 0 0 0 0 0 0 0 0 0 0 0 0 0 0 0 0 0 0  )
                                ( 0 0 0 0 0 0 0 0 0 0 0 0 0 0 0 0 0 0 0 0 0 0 0 0 0 0 0 0 0 0 0 0  )
                                ( 0 0 0 0 0 0 0 0 0 0 0 0 0 0 0 0 0 0 0 0 0 0 0 0 0 0 0 0 0 0 0 0  )
                                ( 0 0 0 0 0 0 0 0 0 0 0 0 0 0 0 0 0 0 0 0 0 0 0 0 0 0 0 0 0 0 0 0  )
                                ( 0 0 0 0 0 0 0 0 0 0 0 0 0 0 0 0 0 0 0 0 0 0 0 0 0 0 0 0 0 0 0 0  )
                                ( 0 0 0 0 0 0 0 0 0 0 0 0 0 0 0 0 0 0 0 0 0 0 0 0 0 0 0 0 0 0 0 0  )
                                ( 0 0 0 0 0 0 0 0 0 0 1 0 0 0 0 0 0 0 0 0 0 0 1 0 0 0 0 0 0 0 0 0  )
                                ( 0 0 0 0 0 0 0 0 0 0 1 0 0 0 0 0 1 0 0 0 0 0 1 0 0 0 0 0 0 0 0 0  )
                                ( 0 0 0 0 0 0 0 0 0 0 0 1 0 0 0 1 0 1 0 0 0 1 0 0 0 0 0 0 0 0 0 0  )
                                ( 0 0 0 0 0 0 0 0 0 0 0 1 0 0 0 1 0 1 0 0 0 1 0 0 0 0 0 0 0 0 0 0  )
                                ( 0 0 0 0 0 0 0 0 0 0 0 0 1 0 1 0 0 0 1 0 1 0 0 0 0 0 0 0 0 0 0 0  )
                                ( 0 0 0 0 0 0 0 0 0 0 0 0 1 0 1 0 0 0 1 0 1 0 0 0 0 0 0 0 0 0 0 0  )
                                ( 0 0 0 0 0 0 0 0 0 0 0 0 0 1 0 0 0 0 0 1 0 0 0 0 0 0 0 0 0 0 0 0  )
                                ( 0 0 0 0 0 0 0 0 0 0 0 0 0 0 0 0 0 0 0 0 0 0 0 0 0 0 0 0 0 0 0 0  )
                                ( 0 0 0 0 0 0 0 0 0 0 0 0 0 0 0 0 0 0 0 0 0 0 0 0 0 0 0 0 0 0 0 0  )
                                ( 0 0 0 0 0 0 0 0 0 0 0 0 0 0 0 0 0 0 0 0 0 0 0 0 0 0 0 0 0 0 0 0  )
                                ( 0 0 0 0 0 0 0 0 0 0 0 0 0 0 0 0 0 0 0 0 0 0 0 0 0 0 0 0 0 0 0 0  )
                                ( 0 0 0 0 0 0 0 0 0 0 0 0 0 0 0 0 0 0 0 0 0 0 0 0 0 0 0 0 0 0 0 0  )
                                ( 0 0 0 0 0 0 0 0 0 0 0 0 0 0 0 0 0 0 0 0 0 0 0 0 0 0 0 0 0 0 0 0  )
                                ( 0 0 0 0 0 0 0 0 0 0 0 0 0 0 0 0 0 0 0 0 0 0 0 0 0 0 0 0 0 0 0 0  )
                                ( 0 0 0 0 0 0 0 0 0 0 0 0 0 0 0 0 0 0 0 0 0 0 0 0 0 0 0 0 0 0 0 0  )
                                ( 0 0 0 0 0 0 0 0 0 0 0 0 0 0 0 0 0 0 0 0 0 0 0 0 0 0 0 0 0 0 0 0  )
                                ( 0 0 0 0 0 0 0 0 0 0 0 0 0 0 0 0 0 0 0 0 0 0 0 0 0 0 0 0 0 0 0 0  )
                                ( 0 0 0 0 0 0 0 0 0 0 0 0 0 0 0 0 0 0 0 0 0 0 0 0 0 0 0 0 0 0 0 0  )
                                ( 0 0 0 0 0 0 0 0 0 0 0 0 0 0 0 0 0 0 0 0 0 0 0 0 0 0 0 0 0 0 0 0  )
                                ( 0 0 0 0 0 0 0 0 0 0 0 0 0 0 0 0 0 0 0 0 0 0 0 0 0 0 0 0 0 0 0 0  )
                                ( 0 0 0 0 0 0 0 0 0 0 0 0 0 0 0 0 0 0 0 0 0 0 0 0 0 0 0 0 0 0 0 0  ) ) )
 ( display       met2nitz     ( ( 0 1 0 0 0 0 0 0 0 0 0 0 0 1 0 0  )
                                ( 0 0 1 0 0 0 1 0 0 0 1 0 0 0 0 0  )
                                ( 0 0 0 1 0 0 0 1 0 0 0 1 0 0 0 1  )
                                ( 0 0 0 0 1 0 0 0 1 0 0 0 0 0 0 0  )
                                ( 0 1 0 0 0 0 0 0 0 1 0 0 0 1 0 0  )
                                ( 0 0 1 0 0 0 1 0 0 0 0 0 0 0 1 0  )
                                ( 0 0 0 1 0 0 0 1 0 0 0 1 0 0 0 0  )
                                ( 1 0 0 0 1 0 0 0 0 0 0 0 1 0 0 0  )
                                ( 0 0 0 0 0 1 0 0 0 1 0 0 0 1 0 0  )
                                ( 0 0 1 0 0 0 0 0 0 0 1 0 0 0 1 0  )
                                ( 0 0 0 1 0 0 0 1 0 0 0 0 0 0 0 0  )
                                ( 1 0 0 0 0 0 0 0 1 0 0 0 1 0 0 0  )
                                ( 0 1 0 0 0 1 0 0 0 1 0 0 0 1 0 0  )
                                ( 0 0 0 0 0 0 1 0 0 0 1 0 0 0 1 0  )
                                ( 0 0 0 1 0 0 0 0 0 0 0 1 0 0 0 1  )
                                ( 1 0 0 0 1 0 0 0 1 0 0 0 0 0 0 0  ) ) )
 ( display       hvplus       ( ( 0 0 0 0 0 0 0 0 0 0 0 0 0 0 0 0 0 0 0 0 0 0 0 0 0 0 0 0 0 1 0 0  )
                                ( 0 0 0 0 0 0 0 0 0 0 0 0 0 0 0 0 0 0 0 0 0 0 0 0 0 0 0 0 0 1 0 0  )
                                ( 0 0 0 0 0 0 0 0 0 0 0 0 0 0 0 0 0 0 0 0 0 0 0 0 0 0 0 1 1 1 1 1  )
                                ( 0 0 0 0 0 0 0 0 0 0 0 0 0 0 0 0 0 0 0 0 0 0 0 0 0 0 0 0 0 1 0 0  )
                                ( 0 0 0 0 0 0 0 0 0 0 0 0 0 0 0 0 0 0 0 0 0 0 0 0 0 0 0 0 0 1 0 0  )
                                ( 0 0 0 0 0 0 0 0 0 0 0 0 0 0 0 0 0 0 0 0 0 0 0 0 0 0 0 0 0 0 0 0  )
                                ( 0 0 0 0 0 0 0 0 0 0 0 0 0 0 0 0 0 0 0 0 0 0 0 0 0 0 0 0 0 0 0 0  )
                                ( 0 0 0 0 0 0 0 0 0 0 0 0 0 0 0 0 0 0 0 0 0 0 0 0 0 0 0 0 0 0 0 0  )
                                ( 0 0 0 0 0 0 0 0 0 0 0 0 0 0 0 0 0 0 0 0 0 0 0 0 0 0 0 0 0 0 0 0  )
                                ( 0 0 0 0 0 0 0 0 0 0 0 0 0 0 0 0 0 0 0 0 0 0 0 0 0 0 0 0 0 0 0 0  )
                                ( 0 0 0 0 0 0 0 0 0 0 0 0 0 0 0 0 0 0 0 0 0 0 0 0 0 0 0 0 0 0 0 0  )
                                ( 0 0 0 0 0 0 0 0 0 0 0 0 0 0 0 0 0 0 0 0 0 0 0 0 0 0 0 0 0 0 0 0  )
                                ( 0 0 0 0 0 0 0 0 0 0 0 0 0 0 0 0 0 0 0 0 0 0 0 0 0 0 0 0 0 0 0 0  )
                                ( 0 0 0 0 0 0 0 0 0 0 0 0 0 0 0 0 0 0 0 0 0 0 0 0 0 0 0 0 0 0 0 0  )
                                ( 0 0 0 0 0 0 0 0 0 0 0 0 0 0 0 0 0 0 0 0 0 0 0 0 0 0 0 0 0 0 0 0  )
                                ( 0 0 0 0 0 0 0 0 0 0 0 0 0 0 0 0 0 0 0 0 0 0 0 0 0 0 0 0 0 0 0 0  )
                                ( 0 0 0 0 0 0 0 0 0 0 0 0 0 0 0 0 0 0 0 0 0 0 0 0 0 0 0 0 0 0 0 0  )
                                ( 0 0 0 0 0 0 0 0 0 0 0 0 0 0 0 0 0 0 0 0 0 0 0 0 0 0 0 0 0 0 0 0  )
                                ( 0 0 0 0 0 0 0 0 0 0 0 0 0 0 0 0 0 0 0 0 0 0 0 0 0 0 0 0 0 0 0 0  )
                                ( 0 0 0 0 0 0 0 0 0 0 0 0 0 0 0 0 0 0 0 0 0 0 0 0 0 0 0 0 0 0 0 0  )
                                ( 0 0 0 0 0 0 0 0 0 0 0 0 0 0 0 0 0 0 0 0 0 0 0 0 0 0 0 0 0 0 0 0  )
                                ( 0 0 0 0 0 0 0 0 0 0 0 0 0 0 0 0 0 0 0 0 0 0 0 0 0 0 0 0 0 0 0 0  )
                                ( 0 0 0 0 0 0 0 0 0 0 0 0 0 0 0 0 0 0 0 0 0 0 0 0 0 0 0 0 0 0 0 0  )
                                ( 0 0 0 0 0 0 0 0 0 0 0 0 0 0 0 0 0 0 0 0 0 0 0 0 0 0 0 0 0 0 0 0  )
                                ( 0 0 0 0 0 0 0 0 0 0 0 0 0 0 0 0 0 0 0 0 0 0 0 0 0 0 0 0 0 0 0 0  )
                                ( 0 0 0 0 0 0 0 0 0 0 0 0 0 0 0 0 0 0 0 0 0 0 0 0 0 0 0 0 0 0 0 0  )
                                ( 0 0 0 0 0 0 0 0 0 0 0 0 0 0 0 0 0 0 0 0 0 0 0 0 0 0 0 0 0 0 0 0  )
                                ( 0 0 0 0 0 0 0 0 0 0 0 0 0 0 0 0 0 0 0 0 0 0 0 0 0 0 0 0 0 0 0 0  )
                                ( 0 0 0 0 0 0 0 0 0 0 0 0 0 0 0 0 0 0 0 0 0 0 0 0 0 0 0 0 0 0 0 0  )
                                ( 0 0 0 0 0 0 0 0 0 0 0 0 0 0 0 0 0 0 0 0 0 0 0 0 0 0 0 0 0 0 0 0  )
                                ( 0 0 0 0 0 0 0 0 0 0 0 0 0 0 0 0 0 0 0 0 0 0 0 0 0 0 0 0 0 0 0 0  )
                                ( 0 0 0 0 0 0 0 0 0 0 0 0 0 0 0 0 0 0 0 0 0 0 0 0 0 0 0 0 0 0 0 0  ) ) )
 ( display       inv          ( ( 0 0 0 0 0 0 0 0 1 1 1 1 1 1 1 1  )
                                ( 0 0 0 0 0 0 0 0 1 1 1 1 1 1 1 1  )
                                ( 0 0 0 0 0 0 0 0 1 1 1 1 1 1 1 1  )
                                ( 0 0 0 0 0 0 0 0 1 1 1 1 1 1 1 1  )
                                ( 0 0 0 0 0 0 0 0 1 1 1 1 1 1 1 1  )
                                ( 0 0 0 0 0 0 0 0 1 1 1 1 1 1 1 1  )
                                ( 0 0 0 0 0 0 0 0 1 1 1 1 1 1 1 1  )
                                ( 0 0 0 0 0 0 0 0 1 1 1 1 1 1 1 1  )
                                ( 1 1 1 1 1 1 1 1 0 0 0 0 0 0 0 0  )
                                ( 1 1 1 1 1 1 1 1 0 0 0 0 0 0 0 0  )
                                ( 1 1 1 1 1 1 1 1 0 0 0 0 0 0 0 0  )
                                ( 1 1 1 1 1 1 1 1 0 0 0 0 0 0 0 0  )
                                ( 1 1 1 1 1 1 1 1 0 0 0 0 0 0 0 0  )
                                ( 1 1 1 1 1 1 1 1 0 0 0 0 0 0 0 0  )
                                ( 1 1 1 1 1 1 1 1 0 0 0 0 0 0 0 0  )
                                ( 1 1 1 1 1 1 1 1 0 0 0 0 0 0 0 0  ) ) )
 ( display       m2           ( ( 1 0 0 1 0 0 1 0 0 1 0 0 1 0 0 1  )
                                ( 0 1 0 0 1 0 0 1 0 0 1 0 0 1 0 0  )
                                ( 0 0 1 0 0 1 0 0 1 0 0 1 0 0 1 0  )
                                ( 1 0 0 1 0 0 1 0 0 1 0 0 1 0 0 1  )
                                ( 0 1 0 0 1 0 0 1 0 0 1 0 0 1 0 0  )
                                ( 0 0 1 0 0 1 0 0 1 0 0 1 0 0 1 0  )
                                ( 1 0 0 1 0 0 1 0 0 1 0 0 1 0 0 1  )
                                ( 0 1 0 0 1 0 0 1 0 0 1 0 0 1 0 0  )
                                ( 0 0 1 0 0 1 0 0 1 0 0 1 0 0 1 0  )
                                ( 1 0 0 1 0 0 1 0 0 1 0 0 1 0 0 1  )
                                ( 0 1 0 0 1 0 0 1 0 0 1 0 0 1 0 0  )
                                ( 0 0 1 0 0 1 0 0 1 0 0 1 0 0 1 0  )
                                ( 1 0 0 1 0 0 1 0 0 1 0 0 1 0 0 1  )
                                ( 0 1 0 0 1 0 0 1 0 0 1 0 0 1 0 0  )
                                ( 0 0 1 0 0 1 0 0 1 0 0 1 0 0 1 0  )
                                ( 1 0 0 1 0 0 1 0 0 1 0 0 1 0 0 1  ) ) )
)
drDefineLineStyle(
;( DisplayName   LineStyle    Size       Pattern   )
 ( display       solid        1          (1 ) )
 ( display       dashed       2          (1 1 1 1 1 1 0 0 1 1 1 1 1 1 0 0 1 1 ) )
 ( display       dots         1          (1 0 0 ) )
 ( display       dashDot      1          (1 1 1 0 0 1 0 0 ) )
 ( display       shortDash    3          (1 1 0 0 ) )
 ( display       doubleDash   1          (1 1 1 1 0 0 1 1 0 0 ) )
 ( display       hidden       1          (1 0 0 0 ) )
 ( display       thickLine    3          (1 1 1 ) )
 ( display       lineStyle2   1          (1 0 0 1 1 0 0 1 1 0 0 1 1 0 0 1 ) )
 ( display       lineStyle0   1          (1 1 1 1 1 1 1 1 1 1 1 1 1 1 1 1 1 1 1 1 1 1 1 1 1 1 1 1 1 1 1 1 ) )
 ( display       lineStyle1   1          (1 1 1 1 0 0 0 0 1 1 1 1 0 0 0 0 ) )
 ( display       lineStyle3   1          (0 0 1 0 0 0 1 0 0 0 1 0 0 0 1 0 ) )
 ( display       lineStyle7   1          (1 1 0 1 1 1 0 1 1 1 0 1 1 1 0 1 ) )
 ( display       lineStyle4   1          (0 1 1 1 0 1 1 1 0 1 1 1 0 1 1 1 ) )
 ( display       snasolid     3          (1 1 1 ) )
 ( display       snadashed    3          (1 1 1 1 1 0 0 0 ) )
 ( display       vlcSolid     1          (1 1 1 ) )
 ( display       vlcHidden    1          (1 0 0 0 ) )
 ( display       vlcDashDot   1          (1 1 1 0 0 1 0 0 ) )
 ( display       vlcDoubleDash 1          (1 1 1 1 0 0 1 1 0 0 ) )
 ( display       lineStyle5   1          (1 0 1 0 1 0 1 0 1 0 1 0 1 0 1 0 ) )
 ( display       lineStyle6   4          (1 1 0 0 1 1 0 0 1 1 0 0 1 1 0 0 ) )
 ( display       lineStyle8   1          (0 0 0 1 0 0 0 1 0 0 0 1 0 0 0 1 ) )
 ( display       lineStyle9   1          (0 0 1 1 0 0 1 1 0 0 1 1 0 0 1 1 ) )
 ( display       lineStyle10  1          (0 0 0 1 1 0 0 0 0 0 0 1 1 0 0 0 ) )
 ( display       line_w2      2          (1 1 1 1 1 1 1 1 ) )
 ( display       mLine        2          (1 1 1 ) )
 ( display       thickLime1   5          (1 1 1 ) )
 ( display       shv          5          (0 0 0 0 1 1 1 1 0 0 0 0 1 1 1 1 0 0 ) )
 ( display       hv           5          (1 1 1 1 0 0 0 0 1 1 1 1 0 0 0 0 1 1 ) )
 ( display       DHDashed     3          (1 1 1 1 0 0 ) )
)
drDefinePacket(
;( DisplayName  PacketName           Stipple    LineStyle  Fill       Outline    [FillStyle])
 ( display      ACTIVE               stipple13  lineStyle0 pink       pink       outlineStipple)
 ( display      ACTIVE_cflash_core   blank      solid      yellow     yellow     outline   )
 ( display      ACTIVE_drawing       dots       solid      yellow     yellow     outlineStipple)
 ( display      ACTIVE_dummy         stipple9   solid      yellow     yellow     outlineStipple)
 ( display      ACTIVE_esd           stipple5   solid      winFore    winFore    outlineStipple)
 ( display      ACTIVE_ip            triangle   solid      magenta    magenta    outline   )
 ( display      ACTIVE_keep_out      blank      solid      yellow     yellow     outline   )
 ( display      ACTIVE_label         blank      solid      yellow     yellow     outline   )
 ( display      ACTIVE_logic         dots       solid      yellow     yellow     outlineStipple)
 ( display      ACTIVE_mark          blank      solid      yellow     yellow     outline   )
 ( display      ACTIVE_mdp           blank      solid      yellow     yellow     outline   )
 ( display      ACTIVE_no_dummy      blank      solid      yellow     yellow     X         )
 ( display      ACTIVE_nomdp         blank      solid      yellow     yellow     outlineStipple)
 ( display      ACTIVE_noopc         blank      solid      yellow     yellow     outlineStipple)
 ( display      ACTIVE_opc           dot2       dashed     winColor3  winColor3  outline   )
 ( display      ACTIVE_yflash        triangle   solid      magenta    magenta    outline   )
 ( display      ALP_drawing          dot2       dashed     yellow     yellow     outlineStipple)
 ( display      ALP_label            hLine      thickLine  yellow     yellow     stipple   )
 ( display      ALP_logic            blank      solid      yellow     yellow     outline   )
 ( display      ALP_mark             blank      solid      yellow     yellow     outline   )
 ( display      ALP_nxp              stipple0   dashed     yellow     yellow     outlineStipple)
 ( display      ALP_rdla             stipple0   lineStyle6 yellow     yellow     outlineStipple)
 ( display      APT_drawing          triangle   solid      magenta    magenta    outline   )
 ( display      AREA10_a_bitcell     blank      solid      yellow     yellow     outlineStipple)
 ( display      AREA10_arm           blank      solid      yellow     yellow     outlineStipple)
 ( display      AREA10_bitcell2      stipple15  solid      magenta    magenta    outlineStipple)
 ( display      AREA10_bitcell3      dots1      solid      winBack    winBack    outlineStipple)
 ( display      AREA10_cap           stipple0   dashed     violet     violet     outlineStipple)
 ( display      AREA10_cflash        triangle   solid      magenta    magenta    outline   )
 ( display      AREA10_cflash_core   stipple9   solid      cadetBlue  cadetBlue  outlineStipple)
 ( display      AREA10_cis_array     dot1       lineStyle10 cyan       cyan       outlineStipple)
 ( display      AREA10_cis_frame     blank      solid      yellow     yellow     outlineStipple)
 ( display      AREA10_dio           blank      solid      yellow     yellow     outline   )
 ( display      AREA10_drawing       blank      solid      yellow     yellow     outline   )
 ( display      AREA10_drc           blank      solid      yellow     yellow     outlineStipple)
 ( display      AREA10_esd           triangle   solid      magenta    magenta    outline   )
 ( display      AREA10_ext           dot2       solid      perple     perple     outlineStipple)
 ( display      AREA10_fc            blank      solid      yellow     yellow     outline   )
 ( display      AREA10_i_bitcell     blank      solid      pink       pink       outlineStipple)
 ( display      AREA10_imagers       stipple15  solid      green      green      outlineStipple)
 ( display      AREA10_inductor      stipple14  dashed     violet     violet     stipple   )
 ( display      AREA10_ip            blank      solid      gray6      gray6      outlineStipple)
 ( display      AREA10_ldmos         dot2       solid      orange     orange     outlineStipple)
 ( display      AREA10_logic         blank      solid      yellow     yellow     outline   )
 ( display      AREA10_low_vt        blank      solid      yellow     yellow     outline   )
 ( display      AREA10_m_bitcell     blank      solid      winFore    winFore    outlineStipple)
 ( display      AREA10_mdp           dot1       solid      cadetBlue  cadetBlue  outlineStipple)
 ( display      AREA10_mim           blank      solid      yellow     yellow     outline   )
 ( display      AREA10_nomdp         blank      solid      yellow     yellow     outlineStipple)
 ( display      AREA10_noopc         blank      solid      yellow     yellow     outlineStipple)
 ( display      AREA10_novea         dot1       solid      lime       lime       outlineStipple)
 ( display      AREA10_opc           stipple7   lineStyle3 violet     violet     outlineStipple)
 ( display      AREA10_r_bitcell     stipple9   solid      winColor5  winColor5  outlineStipple)
 ( display      AREA10_res1          blank      solid      yellow     yellow     outlineStipple)
 ( display      AREA10_seal          blank      solid      yellow     yellow     outlineStipple)
 ( display      AREA10_tcg           blank      solid      yellow     yellow     outlineStipple)
 ( display      AREA10_temb_flash    blank      solid      cyan       cyan       outlineStipple)
 ( display      AREA10_v_bitcell     dot1       solid      gray       gray       outlineStipple)
 ( display      AREA10_yflash        triangle   solid      magenta    magenta    outline   )
 ( display      AREA12_emb_flash     stipple9   solid      orange     orange     outlineStipple)
 ( display      AREA12_ldmos         blank      solid      yellow     yellow     outlineStipple)
 ( display      AREA12_temb_flash    blank      solid      yellow     yellow     outlineStipple)
 ( display      AREA1_drawing        blank      solid      yellow     yellow     outline   )
 ( display      AREA1_logic          blank      solid      yellow     yellow     outline   )
 ( display      AREA1_mark           blank      solid      yellow     yellow     outline   )
 ( display      AREA1_tsl_drawing    blank      solid      yellow     yellow     outline   )
 ( display      AREA1_tsl_logic      blank      solid      yellow     yellow     outline   )
 ( display      AREA2_cflash_core    blank      solid      yellow     yellow     outline   )
 ( display      AREA2_drawing        vcc2S      solid      cadetBlue  cadetBlue  outlineStipple)
 ( display      AREA2_logic          vcc2S      solid      cadetBlue  cadetBlue  outlineStipple)
 ( display      AREA2_mark           blank      solid      yellow     yellow     outline   )
 ( display      AREA2_novea          blank      solid      yellow     yellow     outline   )
 ( display      AREA2_tsl_drawing    blank      solid      yellow     yellow     outline   )
 ( display      AREA2_tsl_logic      blank      solid      yellow     yellow     outline   )
 ( display      AREA2_yflash         triangle   solid      magenta    magenta    outline   )
 ( display      AREA3_drawing        blank      solid      yellow     yellow     outline   )
 ( display      AREA3_logic          blank      solid      yellow     yellow     outline   )
 ( display      AREA3_tsl_drawing    blank      solid      yellow     yellow     outline   )
 ( display      AREA3_tsl_logic      blank      solid      yellow     yellow     outline   )
 ( display      AREA4_drawing        blank      solid      yellow     yellow     outline   )
 ( display      AREA4_logic          stipple14  dashed     yellow     yellow     stipple   )
 ( display      AREA5_drawing        blank      solid      yellow     yellow     outline   )
 ( display      AREA5_logic          blank      solid      yellow     yellow     outline   )
 ( display      AREA6_drawing        blank      solid      yellow     yellow     outline   )
 ( display      AREA6_logic          blank      solid      yellow     yellow     outline   )
 ( display      AREA6_mark           blank      solid      yellow     yellow     outline   )
 ( display      AREA6_mdp            blank      solid      yellow     yellow     outline   )
 ( display      ARRAY_AREA           blank      lineStyle0 red        green      outline   )
 ( display      ARRAY_area           dagger     solid      pink       pink       outlineStipple)
 ( display      AS_drawing           blank      solid      yellow     yellow     outline   )
 ( display      AS_logic             vLine      solid      lime       lime       outlineStipple)
 ( display      AS_mark              blank      solid      yellow     yellow     outlineStipple)
 ( display      AS_tsl_drawing       blank      solid      yellow     yellow     outline   )
 ( display      AS_tsl_logic         blank      solid      yellow     yellow     outline   )
 ( display      AWP_logic            blank      solid      yellow     yellow     outline   )
 ( display      AWP_mark             blank      solid      yellow     yellow     outline   )
 ( display      AWP_pix              blank      solid      yellow     yellow     outline   )
 ( display      AnnotateBoundary     blank      solid      yellow     yellow     outline   )
 ( display      Arr_area             blank      thickLine  gray5      gray5      outline   )
 ( display      Array_PW             dagger     solid      pink       pink       outlineStipple)
 ( display      Array_Pwell          blank      lineStyle0 green      green      outline   )
 ( display      BAT_drawing          triangle   solid      magenta    magenta    outline   )
 ( display      BCB_drawing          triangle   solid      magenta    magenta    outline   )
 ( display      BCB_logic            blank      solid      yellow     yellow     outline   )
 ( display      BCB_mark             blank      solid      yellow     yellow     outline   )
 ( display      BCE_logic            blank      solid      yellow     yellow     outline   )
 ( display      BCE_mark             blank      solid      yellow     yellow     outline   )
 ( display      BIT_LINE             blank      lineStyle0 orange     orange     outline   )
 ( display      BIT_LINE_com_flash   blank      lineStyle0 orange     orange     outline   )
 ( display      BIT_LINE_drawing     blank      lineStyle0 orange     orange     outline   )
 ( display      BIT_LINE_emb_flash   stipple2   lineStyle6 cream      cream      outlineStipple)
 ( display      BIT_LINE_logic       blank      lineStyle0 orange     orange     outline   )
 ( display      BIT_LINE_mark        blank      solid      yellow     yellow     outline   )
 ( display      BIT_LINE_temb_flash  blank      solid      yellow     yellow     outline   )
 ( display      BLK_drawing          blank      solid      gray4      gray4      outline   )
 ( display      BLK_logic            solid      solid      gray4      gray4      outlineStipple)
 ( display      BLK_mark             blank      solid      yellow     yellow     outlineStipple)
 ( display      BLU_drawing          blank      solid      violet     violet     outline   )
 ( display      BLU_dummy            X          doubleDash met1navy   met1navy   X         )
 ( display      BLU_imagers          blank      solid      violet     violet     outline   )
 ( display      BLU_keep_out         triangle   solid      magenta    magenta    outline   )
 ( display      BLU_logic            solid      solid      violet     violet     outlineStipple)
 ( display      BLU_mark             blank      solid      yellow     yellow     outlineStipple)
 ( display      BL_PROT              stipple8   lineStyle0 red        red        outlineStipple)
 ( display      BL_ST_com_flash      blank      solid      yellow     yellow     outline   )
 ( display      BL_ST_drawing        blank      solid      yellow     yellow     outline   )
 ( display      BL_ST_logic          blank      solid      yellow     yellow     outline   )
 ( display      BL_ST_mark           blank      solid      yellow     yellow     outline   )
 ( display      BL_ST_temb_flash     blank      solid      yellow     yellow     outline   )
 ( display      BL_drawn             x          lineStyle0 maroon     maroon     outlineStipple)
 ( display      BOT_POLY             blank      lineStyle0 cream      cream      outline   )
 ( display      BPL_area             blank      lineStyle0 pink       pink       outline   )
 ( display      Black                blank      solid      black      black      outline   )
 ( display      Blue                 blank      solid      blue       blue       outline   )
 ( display      C1_drawing           blank      solid      yellow     yellow     outline   )
 ( display      C1_logic             blank      solid      yellow     yellow     outline   )
 ( display      C1_mark              blank      solid      yellow     yellow     outline   )
 ( display      C2_drawing           blank      solid      yellow     yellow     outline   )
 ( display      C2_logic             blank      solid      yellow     yellow     outline   )
 ( display      C2_mark              blank      solid      yellow     yellow     outline   )
 ( display      CAP_area             stipple9   lineStyle0 pink       pink       outlineStipple)
 ( display      CAP_im35             backSlash  solid      magenta    magenta    outlineStipple)
 ( display      CAP_impl             stipple0   lineStyle0 purple     purple     solid     )
 ( display      CBM                  blank      dashed     green      green      outline   )
 ( display      CB_drawing           blank      solid      yellow     yellow     outlineStipple)
 ( display      CB_imagers           blank      solid      magenta    magenta    outlineStipple)
 ( display      CB_ip                vcc1S      solid      magenta    magenta    outlineStipple)
 ( display      CB_label             blank      solid      yellow     yellow     outline   )
 ( display      CB_logic             stipple15  solid      magenta    magenta    outlineStipple)
 ( display      CB_mark              blank      solid      yellow     yellow     outlineStipple)
 ( display      CB_prbdry            stipple8   dashed     magenta    magenta    outlineStipple)
 ( display      CELLNAME_drawing     blank      solid      yellow     yellow     outline   )
 ( display      CELLNAME_logic       blank      solid      yellow     yellow     outlineStipple)
 ( display      CELLNAME_tsl_drawing blank      solid      yellow     yellow     outline   )
 ( display      CELLNAME_tsl_logic   blank      solid      yellow     yellow     outline   )
 ( display      CE_drawing           dot2       solid      yellow     yellow     outlineStipple)
 ( display      CE_logic             dot2       solid      yellow     yellow     outlineStipple)
 ( display      CE_mark              blank      solid      yellow     yellow     outlineStipple)
 ( display      CE_res1              triangle   solid      magenta    magenta    outline   )
 ( display      CHN_drawing          blank      solid      yellow     yellow     outline   )
 ( display      CHN_logic            blank      solid      yellow     yellow     outline   )
 ( display      CHN_mark             blank      solid      yellow     yellow     outline   )
 ( display      CNH_drawing          metal2S    lineStyle0 winColor4  winColor4  outlineStipple)
 ( display      CNH_logic            blank      solid      yellow     yellow     outline   )
 ( display      CNH_mark             blank      solid      yellow     yellow     outline   )
 ( display      CNL_drawing          triangle   solid      magenta    magenta    outline   )
 ( display      CNS_drawing          metal2S    lineStyle0 winColor4  winColor4  outlineStipple)
 ( display      CNS_imagers          stipple1   shortDash  yellow     yellow     outlineStipple)
 ( display      CNS_logic            metal2S    lineStyle0 winColor4  winColor4  outlineStipple)
 ( display      CNS_mark             blank      solid      yellow     yellow     outline   )
 ( display      COMP                 stipple4   lineStyle0 yellow     yellow     outlineStipple)
 ( display      CONT                 solid      thickLine  white      white      solid     )
 ( display      CONT_com_flash       blank      mLine      white      white      X         )
 ( display      CONT_drawing         blank      mLine      white      white      X         )
 ( display      CONT_logic           blank      mLine      white      white      X         )
 ( display      CONT_mark            stipple1   dashed     yellow     yellow     stipple   )
 ( display      CPH_drawing          metal2S    lineStyle0 winColor4  winColor4  outlineStipple)
 ( display      CPH_logic            blank      solid      yellow     yellow     outline   )
 ( display      CPH_mark             blank      solid      yellow     yellow     outline   )
 ( display      CPL_drawing          triangle   solid      magenta    magenta    outline   )
 ( display      CPS_drawing          metal2S    line_w2    forest     forest     outlineStipple)
 ( display      CPS_logic            metal2S    line_w2    forest     forest     outlineStipple)
 ( display      CPS_mark             blank      solid      yellow     yellow     outline   )
 ( display      CS_bar               blank      solid      yellow     yellow     solid     )
 ( display      CS_drawing           solid      solid      white      white      X         )
 ( display      CS_imagers           blank      solid      yellow     yellow     outline   )
 ( display      CS_logic             solid      solid      white      white      X         )
 ( display      CS_mark              blank      solid      yellow     yellow     outline   )
 ( display      CS_tsl_drawing       solid      thickLine  white      white      solid     )
 ( display      CS_tsl_logic         solid      thickLine  white      white      solid     )
 ( display      CT_cis_array         blank      solid      yellow     yellow     outline   )
 ( display      CT_drawing           vcc2S      lineStyle2 met1navy   met1navy   outlineStipple)
 ( display      CT_imagers           blank      solid      yellow     yellow     outline   )
 ( display      CT_logic             vcc2S      lineStyle2 met1navy   met1navy   outlineStipple)
 ( display      CT_mark              blank      solid      yellow     yellow     outline   )
 ( display      Cannotoccupy         blank      solid      red        red        outline   )
 ( display      CannotoccupyBnd      blank      solid      red        red        outline   )
 ( display      Canplace             blank      solid      cyan       cyan       outline   )
 ( display      Cap_imp35            stipple13  lineStyle0 pink       pink       outlineStipple)
 ( display      Cont_boundary        cross      solid      cyan       cyan       outlineStipple)
 ( display      Cont_fill            solid      thickLine  yellow     yellow     solid     )
 ( display      Cont_fillOPC         solid      thickLine  yellow     yellow     solid     )
 ( display      Cont_gapFill         solid      thickLine  yellow     yellow     solid     )
 ( display      Cont_pin             dots1      solid      cyan       cyan       outlineStipple)
 ( display      Cont_slot            solid      thickLine  yellow     yellow     solid     )
 ( display      Cust_Opt             vLine      solid      forest     forest     outlineStipple)
 ( display      D4_logic             blank      solid      yellow     yellow     outline   )
 ( display      D4_mark              blank      solid      yellow     yellow     outline   )
 ( display      D4_pix               blank      solid      yellow     yellow     outline   )
 ( display      DEEP_DIOD            stipple5   lineStyle0 cream      cream      outlineStipple)
 ( display      DEV_AREA_a_bitcell   blank      lineStyle4 forest     forest     outlineStipple)
 ( display      DEV_AREA_apache      blank      solid      yellow     yellow     outline   )
 ( display      DEV_AREA_arm         stipple13  solid      cyan       cyan       outlineStipple)
 ( display      DEV_AREA_assymetric  blank      solid      yellow     yellow     outline   )
 ( display      DEV_AREA_av          blank      dashed     lime       lime       outlineStipple)
 ( display      DEV_AREA_bjt         stipple6   solid      met1navy   met1navy   outlineStipple)
 ( display      DEV_AREA_bl_cont     blank      solid      yellow     yellow     solid     )
 ( display      DEV_AREA_blow_up     blank      solid      yellow     yellow     outline   )
 ( display      DEV_AREA_c_nvm       blank      solid      yellow     yellow     outline   )
 ( display      DEV_AREA_cap         stipple9   lineStyle0 pink       pink       outlineStipple)
 ( display      DEV_AREA_cap1        blank      solid      yellow     yellow     outline   )
 ( display      DEV_AREA_cflash      triangle   solid      magenta    magenta    outline   )
 ( display      DEV_AREA_cflash_core blank      lineStyle2 winBack    winBack    outlineStipple)
 ( display      DEV_AREA_com_flash   blank      solid      yellow     yellow     outline   )
 ( display      DEV_AREA_cvs         dot2       solid      yellow     yellow     outlineStipple)
 ( display      DEV_AREA_dio         met2nitz   doubleDash blue       blue       outlineStipple)
 ( display      DEV_AREA_dt          triangle   solid      magenta    magenta    outline   )
 ( display      DEV_AREA_dummy       blank      solid      yellow     yellow     outline   )
 ( display      DEV_AREA_emb_flash   blank      solid      yellow     yellow     solid     )
 ( display      DEV_AREA_esd         stipple9   solid      cadetBlue  cadetBlue  outlineStipple)
 ( display      DEV_AREA_ext         blank      lineStyle1 cyan       cyan       outline   )
 ( display      DEV_AREA_f2          triangle   solid      magenta    magenta    outline   )
 ( display      DEV_AREA_fc          blank      solid      yellow     yellow     outlineStipple)
 ( display      DEV_AREA_fix         backSlash  solid      clay       clay       outlineStipple)
 ( display      DEV_AREA_fuse        blank      solid      yellow     yellow     outline   )
 ( display      DEV_AREA_guard_ring  blank      solid      yellow     yellow     outline   )
 ( display      DEV_AREA_high_gain   triangle   solid      magenta    magenta    outline   )
 ( display      DEV_AREA_htr         blank      solid      magenta    magenta    outlineStipple)
 ( display      DEV_AREA_hvp         metal1S    solid      silver     silver     outlineStipple)
 ( display      DEV_AREA_i_bitcell   blank      solid      yellow     yellow     outline   )
 ( display      DEV_AREA_imagers     blank      solid      yellow     yellow     outline   )
 ( display      DEV_AREA_in          blank      solid      yellow     yellow     outline   )
 ( display      DEV_AREA_inductor    blank      dots       maroon     maroon     outlineStipple)
 ( display      DEV_AREA_ip          blank      shortDash  magenta1   magenta1   outlineStipple)
 ( display      DEV_AREA_keep_out    blank      line_w2    pink       pink       outlineStipple)
 ( display      DEV_AREA_ldmos       stipple15  solid      forest1    forest1    outlineStipple)
 ( display      DEV_AREA_ldmos_40v1  blank      solid      yellow     yellow     outline   )
 ( display      DEV_AREA_ldmos_lowr  blank      solid      yellow     yellow     outline   )
 ( display      DEV_AREA_ll_op       blank      solid      orange     orange     outlineStipple)
 ( display      DEV_AREA_low_vt      blank      solid      yellow     yellow     outline   )
 ( display      DEV_AREA_lv_op       triangle   shortDash  lime       lime       outline   )
 ( display      DEV_AREA_mfc         stipple13  solid      tan        tan        outlineStipple)
 ( display      DEV_AREA_mfuse       blank      shortDash  winFore    winFore    outlineStipple)
 ( display      DEV_AREA_mim         stipple9   solid      red        red        outlineStipple)
 ( display      DEV_AREA_nbl         triangle   solid      magenta    magenta    outline   )
 ( display      DEV_AREA_nmim        stipple3   solid      blue       blue       outlineStipple)
 ( display      DEV_AREA_novea       stipple15  solid      perple     perple     outlineStipple)
 ( display      DEV_AREA_ofset       blank      shortDash  perple     perple     outlineStipple)
 ( display      DEV_AREA_pad         X          solid      cadetBlue  cadetBlue  outlineStipple)
 ( display      DEV_AREA_padoverlogic blank      lineStyle2 clay       clay       outlineStipple)
 ( display      DEV_AREA_per         blank      thickLine  lime       lime       outline   )
 ( display      DEV_AREA_pix         triangle   solid      magenta    magenta    outline   )
 ( display      DEV_AREA_prbdry      stipple5   solid      pink       pink       outlineStipple)
 ( display      DEV_AREA_r_bitcell   blank      lineStyle9 met1navy   met1navy   outlineStipple)
 ( display      DEV_AREA_res         stipple6   doubleDash pink       pink       outlineStipple)
 ( display      DEV_AREA_res1        hCurb      solid      silver     silver     outlineStipple)
 ( display      DEV_AREA_rf          dot3       solid      vccm2      vccm2      outlineStipple)
 ( display      DEV_AREA_robust      triangle   solid      magenta    magenta    outline   )
 ( display      DEV_AREA_scr         triangle   solid      magenta    magenta    outline   )
 ( display      DEV_AREA_seal        blank      shortDash  cyan       cyan       outlineStipple)
 ( display      DEV_AREA_sel_area    blank      lineStyle6 maroon     maroon     outlineStipple)
 ( display      DEV_AREA_shrink      blank      solid      lime       lime       outlineStipple)
 ( display      DEV_AREA_shv         blank      shortDash  cream      cream      outlineStipple)
 ( display      DEV_AREA_spr         blank      solid      orange     orange     outline   )
 ( display      DEV_AREA_srp         stipple15  solid      gray8      gray8      outlineStipple)
 ( display      DEV_AREA_st          stipple15  dashed     maroon     maroon     outlineStipple)
 ( display      DEV_AREA_t3          blank      dashed     cadetBlue  cadetBlue  outlineStipple)
 ( display      DEV_AREA_t4          dot2       thickLine  yellow     yellow     stipple   )
 ( display      DEV_AREA_tap         blank      solid      pink       pink       outlineStipple)
 ( display      DEV_AREA_tcg         blank      solid      yellow     yellow     outline   )
 ( display      DEV_AREA_v_bitcell   stipple9   solid      yellow     yellow     outlineStipple)
 ( display      DEV_AREA_yflash      triangle   solid      magenta    magenta    outline   )
 ( display      DLP_cont             blank      dashed     green      red        outline   )
 ( display      DN2_logic            cross      solid      slate      slate      outlineStipple)
 ( display      DN2_mark             blank      solid      yellow     yellow     outlineStipple)
 ( display      DPDIOD4              blank      solid      yellow     yellow     solid     )
 ( display      DPH_logic            blank      solid      yellow     yellow     outline   )
 ( display      DPH_mark             blank      solid      yellow     yellow     outline   )
 ( display      DRCERR_drawing       stipple14  lineStyle0 orange     orange     outlineStipple)
 ( display      DRCERR_drc           viap       solid      orange     orange     outlineStipple)
 ( display      DRCERR_logic         stipple14  lineStyle0 orange     orange     outlineStipple)
 ( display      DRCERR_tsl_drawing   solid      lineStyle0 orange     orange     solid     )
 ( display      DRCERR_tsl_logic     solid      lineStyle0 orange     orange     solid     )
 ( display      DSK_drawing          triangle   solid      magenta    magenta    outline   )
 ( display      DSV_drawing          triangle   solid      magenta    magenta    outline   )
 ( display      DT_drawing           triangle   solid      magenta    magenta    outline   )
 ( display      DT_dummy             triangle   solid      magenta    magenta    outline   )
 ( display      DT_logic             blank      solid      yellow     yellow     outline   )
 ( display      DT_mark              blank      solid      yellow     yellow     outline   )
 ( display      Deep_Nwell           blank      solid      green      red        outline   )
 ( display      ENH_drawing          blank      solid      yellow     yellow     outlineStipple)
 ( display      ENH_logic            blank      solid      yellow     yellow     solid     )
 ( display      ENH_mark             blank      solid      yellow     yellow     outline   )
 ( display      ENL_drawing          blank      solid      yellow     yellow     solid     )
 ( display      ENL_logic            blank      solid      yellow     yellow     solid     )
 ( display      ENL_mark             blank      solid      yellow     yellow     outline   )
 ( display      ESD                  stipple2   lineStyle0 cream      cream      outlineStipple)
 ( display      ESD5OVT_drawing      vcc2S      solid      winColor5  winColor5  outlineStipple)
 ( display      ESD5OVT_esd          blank      solid      yellow     yellow     outlineStipple)
 ( display      ESD5OVT_keep_out     blank      solid      yellow     yellow     outline   )
 ( display      ESD5OVT_logic        vcc2S      solid      winColor5  winColor5  outlineStipple)
 ( display      ESD5OVT_mark         blank      solid      yellow     yellow     outlineStipple)
 ( display      ESL_drawing          triangle   solid      magenta    magenta    outline   )
 ( display      FB_drawing           blank      solid      yellow     yellow     outline   )
 ( display      FB_emb_flash         blank      solid      yellow     yellow     outlineStipple)
 ( display      FB_logic             blank      solid      winFore    winFore    outlineStipple)
 ( display      FB_mark              blank      solid      yellow     yellow     outlineStipple)
 ( display      FB_temb_flash        blank      solid      yellow     yellow     outline   )
 ( display      FG_POLY              blank      lineStyle0 pink       pink       outline   )
 ( display      FG_drawn             stipple5   lineStyle0 purple     purple     outlineStipple)
 ( display      FIG                  blank      lineStyle0 green      gray4      outline   )
 ( display      FRAME_drawing        dot3       lineStyle0 blinkYellow blinkYellow outlineStipple)
 ( display      FRAME_label          blank      solid      yellow     yellow     solid     )
 ( display      FRAME_logic          dot3       lineStyle0 blinkYellow blinkYellow outlineStipple)
 ( display      FRAME_mark           blank      solid      yellow     yellow     outlineStipple)
 ( display      FRAME_no_dummy       blank      solid      yellow     yellow     outlineStipple)
 ( display      FRAME_tsl_drawing    blank      lineStyle0 pink       pink       outline   )
 ( display      FRAME_tsl_logic      blank      lineStyle0 pink       pink       outline   )
 ( display      GC_cap               blank      solid      yellow     yellow     outline   )
 ( display      GC_com_flash         cross      solid      lime       lime       outlineStipple)
 ( display      GC_cutmask           blank      solid      yellow     yellow     outline   )
 ( display      GC_drawing           cross      lineStyle0 red        red        outlineStipple)
 ( display      GC_dummy             stipple9   solid      red        red        outlineStipple)
 ( display      GC_emb_flash         stipple2   solid      magenta    magenta    outlineStipple)
 ( display      GC_imagers           blank      solid      yellow     yellow     outline   )
 ( display      GC_ip                triangle   solid      magenta    magenta    outline   )
 ( display      GC_keep_out          blank      solid      yellow     yellow     outline   )
 ( display      GC_label             stipple0   lineStyle0 tan        tan        solid     )
 ( display      GC_logic             cross      lineStyle0 red        red        outlineStipple)
 ( display      GC_mark              blank      solid      yellow     yellow     outline   )
 ( display      GC_mdp               blank      solid      yellow     yellow     outline   )
 ( display      GC_net               stipple1   lineStyle0 blue1      blue1      outlineStipple)
 ( display      GC_no_dummy          blank      solid      red        red        X         )
 ( display      GC_nomdp             blank      solid      yellow     yellow     outlineStipple)
 ( display      GC_noopc             blank      solid      yellow     yellow     outlineStipple)
 ( display      GC_opc               dots1      shortDash  cadetBlue  cadetBlue  outline   )
 ( display      GC_pin               stipple5   lineStyle0 red        red        outlineStipple)
 ( display      GC_pnrblock          blank      solid      yellow     yellow     outline   )
 ( display      GC_ps_cut            blank      solid      yellow     yellow     outline   )
 ( display      GC_pshift_0          blank      solid      yellow     yellow     outline   )
 ( display      GC_pshift_180        blank      solid      yellow     yellow     outline   )
 ( display      GC_temb_flash        blank      solid      yellow     yellow     outline   )
 ( display      GC_tsl_drawing       stipple1   lineStyle0 red        red        outlineStipple)
 ( display      GC_tsl_logic         stipple1   lineStyle0 red        red        outlineStipple)
 ( display      GN_drawing           blank      solid      yellow     yellow     outline   )
 ( display      GN_emb_flash         stipple9   solid      yellow     yellow     outlineStipple)
 ( display      GN_logic             blank      solid      red        red        outlineStipple)
 ( display      GN_mark              blank      solid      yellow     yellow     outlineStipple)
 ( display      GN_temb_flash        stipple15  solid      yellow     yellow     outlineStipple)
 ( display      "GOX-5V"             blank      solid      yellow     yellow     outline   )
 ( display      GP_drawing           blank      solid      yellow     yellow     outline   )
 ( display      GP_emb_flash         dots1      thickLine  lime       magenta    outlineStipple)
 ( display      GP_logic             stipple0   shortDash  yellow     yellow     stipple   )
 ( display      GP_mark              dot2       shortDash  yellow     yellow     stipple   )
 ( display      GP_temb_flash        metal1S    lineStyle6 yellow     yellow     stipple   )
 ( display      GRN_drawing          blank      solid      green      green      outline   )
 ( display      GRN_imagers          hLine      solid      green      green      outlineStipple)
 ( display      GRN_logic            solid      solid      green      green      outlineStipple)
 ( display      GRN_mark             blank      solid      yellow     yellow     outlineStipple)
 ( display      GT_logic             blank      solid      yellow     yellow     outline   )
 ( display      GT_mark              blank      solid      yellow     yellow     outline   )
 ( display      GT_pix               blank      solid      yellow     yellow     outline   )
 ( display      Green                blank      solid      green      green      outline   )
 ( display      Group                stipple2   solid      green      green      outlineStipple)
 ( display      GroupBnd             blank      solid      green      green      outline   )
 ( display      GroupLbl             stipple0   solid      green      green      solid     )
 ( display      HArea_drawing        blank      solid      yellow     yellow     outline   )
 ( display      HArea_emb_flash      blank      solid      yellow     yellow     outline   )
 ( display      HArea_logic          blank      solid      yellow     yellow     outline   )
 ( display      HArea_mark           blank      solid      yellow     yellow     outline   )
 ( display      HIPO                 blank      lineStyle0 white      white      outline   )
 ( display      HIPO35               blank      lineStyle0 yellow     gray4      outline   )
 ( display      HN_drawing           metal2S    lineStyle0 winColor4  winColor4  outlineStipple)
 ( display      HN_logic             metal2S    lineStyle0 winColor4  winColor4  outlineStipple)
 ( display      HN_mark              blank      solid      yellow     yellow     outline   )
 ( display      HP_drawing           metal2S    line_w2    forest     forest     outlineStipple)
 ( display      HP_logic             metal2S    line_w2    forest     forest     outlineStipple)
 ( display      HP_mark              blank      solid      yellow     yellow     outline   )
 ( display      HVN_logic            blank      solid      yellow     yellow     outline   )
 ( display      HVN_mark             blank      solid      yellow     yellow     outline   )
 ( display      HVP_logic            blank      solid      lime       lime       outlineStipple)
 ( display      HVP_mark             blank      solid      yellow     yellow     outlineStipple)
 ( display      HV_BLK               blank      shortDash  white      brown      outline   )
 ( display      HV_Pwell_BLK         blank      lineStyle0 blue       blue       outline   )
 ( display      HV_drawn             blank      lineStyle1 violet     violet     outline   )
 ( display      Harea_drawing        blank      solid      yellow     yellow     outline   )
 ( display      Harea_logic          blank      solid      yellow     yellow     outline   )
 ( display      Harea_mark           blank      solid      yellow     yellow     outline   )
 ( display      ICS_drawing          triangle   solid      magenta    magenta    outline   )
 ( display      ITC_drawing          triangle   solid      magenta    magenta    outline   )
 ( display      ITC_no_dummy         triangle   solid      magenta    magenta    outline   )
 ( display      ITC_opc              triangle   solid      magenta    magenta    outline   )
 ( display      JNL_drawing          blank      solid      yellow     yellow     outline   )
 ( display      JNL_imagers          stipple13  solid      clay       clay       outlineStipple)
 ( display      JNL_logic            dots       solid      clay       clay       outlineStipple)
 ( display      JNL_mark             blank      solid      yellow     yellow     outline   )
 ( display      JNL_temb_flash       dots1      solid      clay       clay       outlineStipple)
 ( display      L101_drawing         blank      solid      yellow     yellow     outline   )
 ( display      L101_logic           blank      solid      yellow     yellow     outline   )
 ( display      L101_mark            blank      solid      yellow     yellow     outline   )
 ( display      L101_tsl_drawing     blank      solid      yellow     yellow     outline   )
 ( display      L101_tsl_logic       blank      solid      yellow     yellow     outline   )
 ( display      L110_asignal1        blank      solid      yellow     yellow     outlineStipple)
 ( display      L110_drawing         wellp      thickLine  yellow     yellow     outlineStipple)
 ( display      L110_logic           wellp      thickLine  yellow     yellow     outlineStipple)
 ( display      L110_mark            blank      solid      yellow     yellow     outlineStipple)
 ( display      L110_mim             blank      solid      yellow     yellow     outline   )
 ( display      L110_res1            blank      solid      yellow     yellow     outlineStipple)
 ( display      L110_tsl_drawing     blank      solid      yellow     yellow     outline   )
 ( display      L110_tsl_logic       blank      solid      yellow     yellow     outline   )
 ( display      L111_drawing         blank      solid      yellow     yellow     outline   )
 ( display      L111_logic           blank      solid      yellow     yellow     outline   )
 ( display      L111_mark            blank      solid      yellow     yellow     outline   )
 ( display      L111_tsl_drawing     blank      solid      yellow     yellow     outline   )
 ( display      L111_tsl_logic       blank      solid      yellow     yellow     outline   )
 ( display      L113_mark            blank      solid      yellow     yellow     outline   )
 ( display      L114_mark            blank      solid      yellow     yellow     outline   )
 ( display      LArea_drawing        blank      solid      yellow     yellow     outline   )
 ( display      LArea_emb_flash      blank      solid      yellow     yellow     outline   )
 ( display      LArea_logic          blank      solid      yellow     yellow     outline   )
 ( display      LArea_mark           blank      solid      yellow     yellow     outline   )
 ( display      LDD                  blank      dashed     red        red        outline   )
 ( display      LIB_SIZE             dots       solid      magenta    magenta    outlineStipple)
 ( display      LIB_size             metal1S    solid      tan        tan        stipple   )
 ( display      LNH_drawing          blank      solid      yellow     yellow     outline   )
 ( display      LNH_emb_flash        blank      solid      yellow     yellow     solid     )
 ( display      LNH_logic            blank      solid      yellow     yellow     outline   )
 ( display      LNH_mark             blank      solid      yellow     yellow     outline   )
 ( display      LNL_drawing          blank      solid      yellow     yellow     outline   )
 ( display      LNL_emb_flash        blank      solid      yellow     yellow     solid     )
 ( display      LNL_logic            blank      solid      yellow     yellow     outline   )
 ( display      LNL_mark             blank      solid      yellow     yellow     outline   )
 ( display      LNV_drawing          blank      solid      yellow     yellow     outline   )
 ( display      LNV_emb_flash        blank      solid      yellow     yellow     solid     )
 ( display      LNV_logic            blank      solid      yellow     yellow     outline   )
 ( display      LNV_mark             blank      solid      yellow     yellow     outline   )
 ( display      LN_com_flash         blank      solid      yellow     yellow     outline   )
 ( display      LN_drawing           blank      solid      yellow     yellow     outline   )
 ( display      LN_logic             blank      solid      yellow     yellow     outline   )
 ( display      LN_mark              blank      solid      yellow     yellow     outline   )
 ( display      LN_mdp               blank      solid      yellow     yellow     outlineStipple)
 ( display      LN_nomdp             blank      solid      yellow     yellow     solid     )
 ( display      LOX_drawing          triangle   solid      magenta    magenta    outline   )
 ( display      LOX_dummy            triangle   solid      magenta    magenta    outline   )
 ( display      LOX_no_dummy         triangle   solid      magenta    magenta    outline   )
 ( display      LOX_p2               triangle   solid      magenta    magenta    outline   )
 ( display      LPH_drawing          blank      solid      yellow     yellow     outline   )
 ( display      LPH_emb_flash        blank      solid      yellow     yellow     outline   )
 ( display      LPH_logic            blank      solid      yellow     yellow     outline   )
 ( display      LPH_mark             blank      solid      yellow     yellow     outline   )
 ( display      LPV_drawing          blank      solid      yellow     yellow     outline   )
 ( display      LPV_emb_flash        blank      solid      yellow     yellow     solid     )
 ( display      LPV_logic            blank      solid      yellow     yellow     outline   )
 ( display      LPV_mark             blank      solid      yellow     yellow     outline   )
 ( display      LP_drawing           blank      solid      yellow     yellow     outline   )
 ( display      LP_logic             blank      solid      yellow     yellow     outline   )
 ( display      LP_mark              blank      solid      yellow     yellow     outline   )
 ( display      LVT_PW_com_flash     blank      solid      yellow     yellow     outline   )
 ( display      LVT_PW_drawing       blank      solid      yellow     yellow     outline   )
 ( display      LVT_PW_logic         blank      solid      yellow     yellow     outline   )
 ( display      LVT_PW_mark          blank      solid      yellow     yellow     outline   )
 ( display      LV_OP                X          solid      cyan       cyan       X         )
 ( display      LWP_logic            blank      solid      yellow     yellow     outline   )
 ( display      LWP_mark             blank      solid      yellow     yellow     outline   )
 ( display      LWP_pix              blank      solid      yellow     yellow     outline   )
 ( display      L_10                 x          lineStyle0 maroon     maroon     outlineStipple)
 ( display      L_11                 blank      lineStyle0 orange     orange     outline   )
 ( display      L_12                 blank      lineStyle0 orange     orange     outline   )
 ( display      L_13                 blank      lineStyle0 cream      cream      outline   )
 ( display      L_14                 stipple0   lineStyle0 silver     silver     solid     )
 ( display      L_15                 stipple8   lineStyle0 gray       gray       outlineStipple)
 ( display      L_16                 stipple0   lineStyle0 cyan       cyan       solid     )
 ( display      L_17                 stipple0   lineStyle0 pink       pink       solid     )
 ( display      L_18                 stipple13  lineStyle0 orange     orange     outlineStipple)
 ( display      L_19                 stipple2   lineStyle0 brown      brown      outlineStipple)
 ( display      L_20                 stipple0   lineStyle0 tan        tan        solid     )
 ( display      L_21                 stipple5   lineStyle0 cream      cream      outlineStipple)
 ( display      L_22                 stipple15  lineStyle0 green      green      outlineStipple)
 ( display      Larea_drawing        blank      solid      yellow     yellow     outline   )
 ( display      Larea_emb_flash      blank      dashed     cadetBlue  cadetBlue  outlineStipple)
 ( display      Larea_logic          blank      solid      yellow     yellow     outline   )
 ( display      Larea_mark           blank      solid      yellow     yellow     outline   )
 ( display      M1                   stipple5   lineStyle0 cyan       cyan       outlineStipple)
 ( display      M1_asignal           stipple1   solid      blue1      purple     outlineStipple)
 ( display      M1_asignal1          blank      solid      blue1      blue1      outline   )
 ( display      M1_drawing           stipple8   lineStyle0 blue1      blue1      outlineStipple)
 ( display      M1_dummy             stipple1   lineStyle0 blue1      blue1      outlineStipple)
 ( display      M1_imagers           dot2       dashed     blue1      blue1      outlineStipple)
 ( display      M1_ip                triangle   solid      magenta    magenta    outline   )
 ( display      M1_keep_out          blank      solid      blue1      blue1      outline   )
 ( display      M1_label             stipple0   thickLine  red        red        solid     )
 ( display      M1_logic             stipple8   lineStyle0 blue1      blue1      outlineStipple)
 ( display      M1_lvs               blank      solid      blue1      blue1      outlineStipple)
 ( display      M1_mark              blank      solid      blue1      blue1      outline   )
 ( display      M1_mdp               blank      solid      blue1      blue1      outline   )
 ( display      M1_mslits            blank      solid      blue1      blue1      X         )
 ( display      M1_mslits_in         blank      solid      blue1      blue1      outline   )
 ( display      M1_net               stipple1   lineStyle0 blue1      blue1      outlineStipple)
 ( display      M1_no_dummy          metal1S    solid      blue1      blue1      outlineStipple)
 ( display      M1_no_slits          blank      solid      blue1      blue1      outline   )
 ( display      M1_nomdp             blank      solid      blue1      blue1      outlineStipple)
 ( display      M1_noopc             blank      solid      blue1      blue1      outlineStipple)
 ( display      M1_opc               metal1S    doubleDash cream      cream      outline   )
 ( display      M1_pin               stipple5   lineStyle0 cyan       cyan       outlineStipple)
 ( display      M1_pix               stipple5   lineStyle6 blue1      blue1      stipple   )
 ( display      M1_pnrblock          blank      solid      blue1      blue1      outline   )
 ( display      M1_res1              stipple5   solid      blue1      blue1      outlineStipple)
 ( display      M1_shielded          blank      solid      yellow     yellow     solid     )
 ( display      M1_shrink            blank      solid      yellow     yellow     outline   )
 ( display      M1_tsl_drawing       stipple1   lineStyle0 navy       navy       outlineStipple)
 ( display      M1_tsl_logic         stipple1   lineStyle0 navy       navy       outlineStipple)
 ( display      M1_vcc               stipple1   solid      blue       cyan       outlineStipple)
 ( display      M1_vddf              blank      solid      blue1      blue1      outline   )
 ( display      M1_vss               stipple20  solid      green      lime       outlineStipple)
 ( display      M2                   stipple1   lineStyle0 magenta    magenta    outlineStipple)
 ( display      M2_asignal           backSlash  solid      cyan       orange     outlineStipple)
 ( display      M2_asignal1          blank      solid      cyan       cyan       outline   )
 ( display      M2_drawing           vZigZag    lineStyle0 cyan       cyan       outlineStipple)
 ( display      M2_dummy             slash      lineStyle0 cyan       cyan       outlineStipple)
 ( display      M2_imagers           triangle   solid      magenta    magenta    outline   )
 ( display      M2_ip                triangle   solid      magenta    magenta    outline   )
 ( display      M2_keep_out          blank      solid      cyan       cyan       outline   )
 ( display      M2_label             stipple0   thickLine  winFore    winFore    outlineStipple)
 ( display      M2_logic             vZigZag    lineStyle0 cyan       cyan       outlineStipple)
 ( display      M2_lvs               blank      solid      cyan       cyan       outlineStipple)
 ( display      M2_mark              blank      solid      cyan       cyan       outline   )
 ( display      M2_mdp               blank      solid      cyan       cyan       outline   )
 ( display      M2_mim               blank      solid      yellow     yellow     outline   )
 ( display      M2_mslits            blank      solid      cyan       cyan       X         )
 ( display      M2_mslits_in         blank      solid      cyan       cyan       outline   )
 ( display      M2_net               stipple13  solid      cyan       cyan       outlineStipple)
 ( display      M2_no_dummy          metal1S    solid      cyan       cyan       outlineStipple)
 ( display      M2_no_slits          blank      solid      cyan       cyan       outline   )
 ( display      M2_nomdp             blank      solid      cyan       cyan       solid     )
 ( display      M2_noopc             blank      solid      cyan       cyan       outlineStipple)
 ( display      M2_opc               met2nitz   shortDash  cyan       cyan       outline   )
 ( display      M2_pin               stipple12  solid      cyan       cyan       outlineStipple)
 ( display      M2_pix               triangle   solid      magenta    magenta    outline   )
 ( display      M2_pnrblock          blank      solid      cyan       cyan       outline   )
 ( display      M2_res1              stipple5   solid      cyan       cyan       outlineStipple)
 ( display      M2_shielded          blank      solid      yellow     yellow     solid     )
 ( display      M2_shrink            blank      solid      cyan       cyan       outline   )
 ( display      M2_tsl_drawing       backSlash  lineStyle0 cyan       cyan       outlineStipple)
 ( display      M2_tsl_logic         backSlash  lineStyle0 cyan       cyan       outlineStipple)
 ( display      M2_vcc               backSlash  line_w2    gold       yellow     outlineStipple)
 ( display      M2_vddf              blank      solid      cyan       cyan       outline   )
 ( display      M2_vss               backSlash  solid      silver     silver     outlineStipple)
 ( display      M3                   stipple8   lineStyle0 tan        tan        outlineStipple)
 ( display      M3_asignal           slash      solid      pinki      magenta    outlineStipple)
 ( display      M3_asignal1          blank      solid      pinki      pinki      outline   )
 ( display      M3_drawing           slash      lineStyle0 pinki      pinki      outlineStipple)
 ( display      M3_dummy             slash      lineStyle0 forest     forest     outlineStipple)
 ( display      M3_ip                triangle   solid      magenta    magenta    outline   )
 ( display      M3_keep_out          blank      solid      pinki      pinki      outline   )
 ( display      M3_label             stipple0   thickLine  lime       lime       solid     )
 ( display      M3_logic             slash      lineStyle0 pinki      pinki      outlineStipple)
 ( display      M3_lvs               blank      solid      pinki      pinki      outline   )
 ( display      M3_mark              blank      solid      pinki      pinki      outline   )
 ( display      M3_mdp               blank      solid      pinki      pinki      outline   )
 ( display      M3_mslits            blank      solid      pinki      pinki      X         )
 ( display      M3_mslits_in         blank      solid      pinki      pinki      outline   )
 ( display      M3_net               stipple13  solid      pink       pink       outlineStipple)
 ( display      M3_no_dummy          metal1S    solid      pinki      pinki      outlineStipple)
 ( display      M3_no_slits          blank      solid      pinki      pinki      outline   )
 ( display      M3_nomdp             blank      solid      pinki      pinki      outlineStipple)
 ( display      M3_noopc             blank      solid      pinki      pinki      outlineStipple)
 ( display      M3_opc               stipple6   dashDot    tan        tan        outline   )
 ( display      M3_pin               stipple12  solid      pink       pink       outlineStipple)
 ( display      M3_pnrblock          blank      solid      pinki      pinki      outline   )
 ( display      M3_res1              stipple5   solid      pinki      pinki      outlineStipple)
 ( display      M3_shielded          blank      solid      yellow     yellow     solid     )
 ( display      M3_shrink            blank      solid      pinki      pinki      outline   )
 ( display      M3_tsl_drawing       viap       lineStyle0 pink       pink       outlineStipple)
 ( display      M3_tsl_logic         viap       lineStyle0 pink       pink       outlineStipple)
 ( display      M3_vcc               slash      line_w2    red        red        outlineStipple)
 ( display      M3_vddf              blank      solid      pinki      pinki      outline   )
 ( display      M3_vss               slash      line_w2    tan        tan        outlineStipple)
 ( display      M4                   blank      line_w2    cyan       cyan       outline   )
 ( display      M4_drawing           stipple6   solid      orange     orange     outlineStipple)
 ( display      M4_dummy             hLine      solid      orange     orange     outlineStipple)
 ( display      M4_keep_out          blank      solid      orange     orange     outline   )
 ( display      M4_label             blank      solid      blue       blue       outline   )
 ( display      M4_logic             stipple6   solid      orange     orange     outlineStipple)
 ( display      M4_lvs               blank      solid      orange     orange     outline   )
 ( display      M4_mark              blank      solid      orange     orange     outline   )
 ( display      M4_mdp               blank      solid      orange     orange     outline   )
 ( display      M4_mslits            blank      solid      orange     orange     X         )
 ( display      M4_mslits_in         blank      solid      orange     orange     outline   )
 ( display      M4_net               stipple13  solid      orange     orange     outlineStipple)
 ( display      M4_no_dummy          metal1S    solid      orange     orange     outlineStipple)
 ( display      M4_no_slits          blank      solid      orange     orange     outline   )
 ( display      M4_nomdp             blank      solid      orange     orange     outlineStipple)
 ( display      M4_noopc             blank      solid      orange     orange     outlineStipple)
 ( display      M4_opc               cross      lineStyle1 winFore    winFore    outline   )
 ( display      M4_pin               stipple12  solid      orange     orange     outlineStipple)
 ( display      M4_pnrblock          blank      solid      orange     orange     outline   )
 ( display      M4_res1              stipple5   solid      orange     orange     outlineStipple)
 ( display      M4_shrink            blank      solid      orange     orange     outline   )
 ( display      M4_tsl_drawing       blank      solid      yellow     yellow     outline   )
 ( display      M4_tsl_logic         blank      solid      yellow     yellow     outline   )
 ( display      M4_vcc               blank      solid      orange     orange     outlineStipple)
 ( display      M4_vddf              blank      solid      orange     orange     outline   )
 ( display      M4_vss               blank      solid      orange     orange     outlineStipple)
 ( display      M5_drawing           stipple9   solid      purple     purple     outlineStipple)
 ( display      M5_dummy             blank      solid      purple     purple     outline   )
 ( display      M5_keep_out          blank      solid      purple     purple     outline   )
 ( display      M5_label             blank      solid      pinki      pinki      outline   )
 ( display      M5_logic             stipple9   solid      purple     purple     outlineStipple)
 ( display      M5_lvs               blank      solid      purple     purple     outline   )
 ( display      M5_mark              blank      solid      purple     purple     outline   )
 ( display      M5_mdp               blank      solid      purple     purple     outline   )
 ( display      M5_mslits            blank      solid      purple     purple     X         )
 ( display      M5_mslits_in         blank      solid      purple     purple     outline   )
 ( display      M5_net               stipple13  solid      purple     purple     outlineStipple)
 ( display      M5_no_dummy          metal1S    solid      purple     purple     outlineStipple)
 ( display      M5_no_slits          blank      solid      purple     purple     outline   )
 ( display      M5_nomdp             blank      solid      purple     purple     solid     )
 ( display      M5_noopc             blank      solid      purple     purple     outlineStipple)
 ( display      M5_opc               metal2S    lineStyle10 maroon     red        outline   )
 ( display      M5_pin               stipple12  solid      purple     purple     outlineStipple)
 ( display      M5_pnrblock          blank      solid      purple     purple     outline   )
 ( display      M5_res1              stipple5   solid      purple     purple     outlineStipple)
 ( display      M5_shrink            blank      solid      purple     purple     outline   )
 ( display      M5_tsl_drawing       blank      solid      yellow     yellow     outline   )
 ( display      M5_tsl_logic         blank      solid      yellow     yellow     outline   )
 ( display      M5_vcc               blank      solid      purple     purple     outlineStipple)
 ( display      M5_vddf              blank      solid      purple     purple     outline   )
 ( display      M5_vss               blank      solid      purple     purple     outlineStipple)
 ( display      M6_drawing           backSlash  solid      green      green      outlineStipple)
 ( display      M6_dummy             metal2S    solid      green      green      outlineStipple)
 ( display      M6_label             blank      solid      magenta1   magenta1   outline   )
 ( display      M6_logic             backSlash  solid      green      green      outlineStipple)
 ( display      M6_lvs               blank      solid      green      green      outline   )
 ( display      M6_mark              blank      solid      green      green      outline   )
 ( display      M6_mdp               blank      solid      green      green      outline   )
 ( display      M6_mslits            blank      solid      green      green      X         )
 ( display      M6_mslits_in         blank      solid      green      green      outline   )
 ( display      M6_net               stipple13  solid      green      green      outlineStipple)
 ( display      M6_no_dummy          metal1S    solid      green      green      outlineStipple)
 ( display      M6_no_slits          blank      solid      green      green      outline   )
 ( display      M6_nomdp             blank      solid      green      green      outlineStipple)
 ( display      M6_noopc             blank      solid      green      green      outlineStipple)
 ( display      M6_opc               blank      doubleDash pink       pink       outline   )
 ( display      M6_pin               stipple12  solid      green      green      outlineStipple)
 ( display      M6_pnrblock          blank      solid      green      green      outline   )
 ( display      M6_res1              stipple5   solid      green      green      outlineStipple)
 ( display      M6_shrink            blank      solid      green      green      outline   )
 ( display      M6_tsl_drawing       blank      solid      yellow     yellow     outline   )
 ( display      M6_tsl_logic         blank      solid      yellow     yellow     outline   )
 ( display      M6_vcc               blank      solid      green      green      outlineStipple)
 ( display      M6_vddf              blank      solid      yellow     yellow     outline   )
 ( display      M6_vss               blank      solid      green      green      outlineStipple)
 ( display      M7_drawing           vZigZag    solid      blue       blue       outlineStipple)
 ( display      M7_dummy             dot1       solid      blue       blue       outlineStipple)
 ( display      M7_label             blank      solid      vccm2      vccm2      outlineStipple)
 ( display      M7_logic             vZigZag    solid      blue       blue       outlineStipple)
 ( display      M7_lvs               blank      solid      blue       blue       outline   )
 ( display      M7_mark              blank      solid      blue       blue       outline   )
 ( display      M7_mdp               blank      solid      blue       blue       outline   )
 ( display      M7_mslits            blank      solid      blue       blue       X         )
 ( display      M7_mslits_in         blank      solid      blue       blue       outline   )
 ( display      M7_net               stipple13  solid      blue       blue       outlineStipple)
 ( display      M7_no_dummy          metal1S    solid      blue       blue       outlineStipple)
 ( display      M7_no_slits          blank      solid      blue       blue       outline   )
 ( display      M7_nomdp             blank      solid      blue       blue       outlineStipple)
 ( display      M7_noopc             blank      solid      blue       blue       outlineStipple)
 ( display      M7_opc               blank      solid      blue       blue       outline   )
 ( display      M7_pin               stipple12  solid      blue       blue       outlineStipple)
 ( display      M7_pnrblock          blank      solid      blue       blue       outline   )
 ( display      M7_res1              stipple5   solid      blue       blue       outlineStipple)
 ( display      M7_shrink            blank      solid      blue       blue       outline   )
 ( display      M7_vcc               blank      solid      blue       blue       outlineStipple)
 ( display      M7_vss               blank      solid      blue       blue       outlineStipple)
 ( display      M8_net               blank      solid      yellow     yellow     solid     )
 ( display      M8_pin               blank      solid      yellow     yellow     solid     )
 ( display      M9_net               blank      solid      yellow     yellow     outlineStipple)
 ( display      M9_pin               blank      solid      yellow     yellow     solid     )
 ( display      MAB                  blank      lineStyle3 violet     violet     outline   )
 ( display      MAB_EMB_flash        dot2       lineStyle0 red        red        outlineStipple)
 ( display      MAB_com_flash        dot2       lineStyle0 red        red        outlineStipple)
 ( display      MAB_drawing          dot2       lineStyle0 red        red        outlineStipple)
 ( display      MAB_emb_flash        dot2       solid      red        red        outlineStipple)
 ( display      MAB_logic            dot2       lineStyle0 red        red        outlineStipple)
 ( display      MAB_mark             blank      solid      yellow     yellow     outline   )
 ( display      MAB_temb_flash       blank      solid      yellow     yellow     outline   )
 ( display      MCI                  blank      lineStyle0 winColor1  winColor1  outline   )
 ( display      MCN_logic            blank      solid      yellow     yellow     outline   )
 ( display      MCN_mark             blank      solid      yellow     yellow     outline   )
 ( display      MCN_pix              blank      solid      yellow     yellow     outline   )
 ( display      METALA_drawing       blank      solid      yellow     yellow     outline   )
 ( display      METALA_label         blank      solid      yellow     yellow     outline   )
 ( display      METALA_logic         blank      solid      yellow     yellow     outline   )
 ( display      METALA_mark          blank      solid      yellow     yellow     outline   )
 ( display      METALA_tsl_drawing   blank      solid      yellow     yellow     outline   )
 ( display      METALA_tsl_logic     blank      solid      yellow     yellow     outline   )
 ( display      METALB_drawing       blank      solid      yellow     yellow     outline   )
 ( display      METALB_label         blank      solid      yellow     yellow     outline   )
 ( display      METALB_logic         blank      solid      yellow     yellow     outline   )
 ( display      METALB_mark          blank      solid      yellow     yellow     outline   )
 ( display      METALB_tsl_drawing   blank      solid      yellow     yellow     outline   )
 ( display      METALB_tsl_logic     blank      solid      yellow     yellow     outline   )
 ( display      METALC_drawing       blank      solid      yellow     yellow     outline   )
 ( display      METALC_label         blank      solid      yellow     yellow     outline   )
 ( display      METALC_logic         blank      solid      yellow     yellow     outline   )
 ( display      METALC_mark          blank      solid      yellow     yellow     outline   )
 ( display      METALC_tsl_drawing   blank      solid      yellow     yellow     outline   )
 ( display      METALC_tsl_logic     blank      solid      yellow     yellow     outline   )
 ( display      MF1_drawing          stipple8   lineStyle0 lime       lime       outlineStipple)
 ( display      MF1_dummy            stipple1   lineStyle0 lime       lime       outlineStipple)
 ( display      MF1_label            stipple0   thickLine  lime       lime       outlineStipple)
 ( display      MF1_logic            stipple8   lineStyle0 lime       lime       outlineStipple)
 ( display      MF1_lvs              pplusp     lineStyle0 lime       lime       outlineStipple)
 ( display      MF1_mark             wellp      dashed     lime       lime       outlineStipple)
 ( display      MF1_mdp              stipple1   lineStyle6 lime       lime       outlineStipple)
 ( display      MF1_mslits           backSlash  dots       lime       lime       outlineStipple)
 ( display      MF1_net              stipple1   lineStyle0 lime       lime       outlineStipple)
 ( display      MF1_no_dummy         metal1S    lineStyle2 lime       lime       outlineStipple)
 ( display      MF1_no_slits         stipple0   dashDot    lime       lime       outlineStipple)
 ( display      MF1_opc              metal1S    doubleDash lime       lime       outlineStipple)
 ( display      MF1_pin              stipple5   lineStyle0 lime       lime       outlineStipple)
 ( display      MF1_pnrblock         vLine      shortDash  lime       lime       stipple   )
 ( display      MF1_res1             stipple5   dashed     lime       lime       outlineStipple)
 ( display      MF1_vcc              stipple0   dashed     lime       lime       outlineStipple)
 ( display      MF1_vddf             triangle   shortDash  lime       lime       outlineStipple)
 ( display      MF1_vss              stipple2   line_w2    lime       lime       outlineStipple)
 ( display      MFL_drawing          stipple8   shortDash  yellow     yellow     outlineStipple)
 ( display      ML1_dummy            stipple1   shortDash  cream      cream      outlineStipple)
 ( display      ML1_label            wellp      dashed     cream      cream      outlineStipple)
 ( display      ML1_logic            stipple8   lineStyle2 cream      cream      outlineStipple)
 ( display      ML1_mark             stipple14  lineStyle6 cream      cream      outlineStipple)
 ( display      ML1_mslits           stipple0   lineStyle2 cream      cream      outlineStipple)
 ( display      ML1_net              stipple5   thickLine  cream      cream      outlineStipple)
 ( display      ML1_no_dummy         metal1S    line_w2    cream      cream      outlineStipple)
 ( display      ML1_opc              stipple8   lineStyle6 cream      cream      outlineStipple)
 ( display      ML1_pin              dot2       dashed     cream      cream      stipple   )
 ( display      ML1_pnrblock         stipple14  dashed     cream      cream      outlineStipple)
 ( display      ML1_res1             hLine      dashed     cream      cream      outlineStipple)
 ( display      ML2_dummy            metal1S    thickLine  magenta    magenta    stipple   )
 ( display      ML2_label            stipple8   lineStyle0 magenta    magenta    outlineStipple)
 ( display      ML2_logic            dot2       dashed     magenta    magenta    outlineStipple)
 ( display      ML2_mark             stipple5   shortDash  magenta    magenta    outlineStipple)
 ( display      ML2_mslits           dot2       lineStyle6 magenta    magenta    outlineStipple)
 ( display      ML2_net              stipple0   dashed     magenta    magenta    outlineStipple)
 ( display      ML2_no_dummy         wellp      line_w2    magenta    magenta    outlineStipple)
 ( display      ML2_opc              stipple14  dashed     magenta    magenta    outlineStipple)
 ( display      ML2_pin              hLine      lineStyle6 magenta    magenta    outlineStipple)
 ( display      ML2_pnrblock         stipple5   lineStyle2 magenta    magenta    stipple   )
 ( display      ML2_res1             stipple1   shortDash  magenta    magenta    outlineStipple)
 ( display      ML_drawing           stipple8   solid      yellow     yellow     outlineStipple)
 ( display      ML_dummy             dot3       solid      yellow     yellow     outlineStipple)
 ( display      ML_label             blank      solid      yellow     yellow     outlineStipple)
 ( display      ML_lvs               blank      solid      yellow     yellow     outlineStipple)
 ( display      ML_mark              blank      solid      yellow     yellow     outlineStipple)
 ( display      ML_mdp               blank      solid      yellow     yellow     outlineStipple)
 ( display      ML_mslits            blank      solid      yellow     yellow     outlineStipple)
 ( display      ML_mslits_in         blank      solid      yellow     yellow     outlineStipple)
 ( display      ML_net               stipple13  solid      yellow     yellow     outlineStipple)
 ( display      ML_no_dummy          blank      solid      yellow     yellow     outlineStipple)
 ( display      ML_no_slits          blank      solid      yellow     yellow     outline   )
 ( display      ML_opc               blank      solid      yellow     yellow     outlineStipple)
 ( display      ML_pin               stipple12  solid      yellow     yellow     outlineStipple)
 ( display      ML_pnrblock          blank      solid      yellow     yellow     outline   )
 ( display      ML_res1              blank      solid      yellow     yellow     outlineStipple)
 ( display      ML_shrink            blank      solid      yellow     yellow     outline   )
 ( display      ML_vcc               blank      solid      yellow     yellow     outlineStipple)
 ( display      MR2_drawing          triangle   solid      magenta    magenta    outline   )
 ( display      MR_drawing           metal2S    solid      yellow     yellow     outlineStipple)
 ( display      MR_logic             metal2S    solid      yellow     yellow     outlineStipple)
 ( display      MR_mark              blank      solid      yellow     yellow     outlineStipple)
 ( display      MT_drawing           dots       solid      brown      brown      outlineStipple)
 ( display      MT_dummy             dots1      solid      brown      brown      outlineStipple)
 ( display      MT_label             stipple5   solid      orange     orange     outlineStipple)
 ( display      MT_logic             dots       solid      brown      brown      outlineStipple)
 ( display      MT_lvs               dot2       solid      yellow     yellow     outlineStipple)
 ( display      MT_mark              blank      solid      yellow     yellow     outlineStipple)
 ( display      MT_mslits            stipple20  solid      brown      brown      outlineStipple)
 ( display      MT_net               blank      solid      yellow     yellow     outline   )
 ( display      MT_no_dummy          wellp      solid      yellow     yellow     outlineStipple)
 ( display      MT_opc               stipple2   solid      yellow     yellow     outlineStipple)
 ( display      MT_pin               blank      solid      yellow     yellow     outline   )
 ( display      MT_res1              hLine      solid      yellow     yellow     outlineStipple)
 ( display      MT_vcc               blank      solid      yellow     yellow     outline   )
 ( display      MT_vss               blank      solid      yellow     yellow     outline   )
 ( display      MW1_auto_ut          stipple5   lineStyle2 red        red        stipple   )
 ( display      MW1_drawing          backSlash  dashed     green      green      outlineStipple)
 ( display      MW1_dummy            hLine      dashed     red        red        outlineStipple)
 ( display      MW1_label            wellp      shortDash  red        red        outlineStipple)
 ( display      MW1_lvs              stipple5   dashed     red        red        outlineStipple)
 ( display      MW1_mark             stipple14  dashed     red        red        outlineStipple)
 ( display      MW1_mslits           stipple14  line_w2    red        red        outlineStipple)
 ( display      MW1_mslits_in        dot2       lineStyle6 red        red        outlineStipple)
 ( display      MW1_net              stipple1   dashed     red        red        stipple   )
 ( display      MW1_no_dummy         wellp      lineStyle6 red        red        outlineStipple)
 ( display      MW1_no_slits         stipple1   dashed     red        red        outlineStipple)
 ( display      MW1_opc              metal1S    lineStyle6 red        red        stipple   )
 ( display      MW1_pin              stipple8   dashed     red        red        outlineStipple)
 ( display      MW1_pnrblock         wellp      dashed     red        red        stipple   )
 ( display      MW1_res1             hLine      dashed     red        red        outlineStipple)
 ( display      MWL_auto_ut          stipple14  dashed     gray4      gray4      stipple   )
 ( display      MWL_drawing          stipple8   line_w2    gray4      gray4      outlineStipple)
 ( display      MWL_dummy            stipple0   lineStyle0 gray4      gray4      outlineStipple)
 ( display      MWL_label            dot2       lineStyle2 yellow     yellow     outlineStipple)
 ( display      MWL_lvs              metal1S    dashed     gray4      gray4      stipple   )
 ( display      MWL_mark             stipple8   thickLine  gray4      gray4      outlineStipple)
 ( display      MWL_mslits           stipple8   line_w2    gray4      gray4      outlineStipple)
 ( display      MWL_mslits_in        dot2       shortDash  gray4      gray4      stipple   )
 ( display      MWL_net              stipple1   lineStyle6 gray4      gray4      stipple   )
 ( display      MWL_no_dummy         stipple0   lineStyle6 gray4      gray4      outlineStipple)
 ( display      MWL_no_slits         wellp      shortDash  gray4      gray4      outline   )
 ( display      MWL_opc              stipple8   thickLine  gray4      gray4      outline   )
 ( display      MWL_pin              stipple0   dashed     gray4      gray4      outlineStipple)
 ( display      MWL_pnrblock         stipple5   dashed     gray4      gray4      stipple   )
 ( display      MWL_res1             hLine      dashed     gray4      gray4      outlineStipple)
 ( display      MWP_logic            blank      solid      yellow     yellow     outline   )
 ( display      MWP_mark             blank      solid      yellow     yellow     outline   )
 ( display      MWP_pix              blank      solid      yellow     yellow     outline   )
 ( display      M_00                 stipple1   lineStyle0 violet     blue       outlineStipple)
 ( display      M_48                 stipple5   lineStyle0 pink       magenta    outlineStipple)
 ( display      M_52                 stipple0   lineStyle0 green      green      solid     )
 ( display      M_54                 stipple0   lineStyle0 tan        tan        solid     )
 ( display      M_56                 stipple0   lineStyle0 winColor3  winColor3  solid     )
 ( display      M_58                 stipple5   lineStyle0 purple     purple     outlineStipple)
 ( display      M_62                 x          lineStyle0 pink       pink       outlineStipple)
 ( display      M_64                 stipple0   lineStyle0 cream      cream      solid     )
 ( display      M_65                 stipple0   lineStyle0 cream      cream      solid     )
 ( display      M_66                 stipple0   lineStyle1 winColor3  winColor3  solid     )
 ( display      M_68                 stipple1   lineStyle0 yellow     yellow     outlineStipple)
 ( display      Metal10_boundary     stipple60  thickLine  blue       blue       outlineStipple)
 ( display      Metal10_drawing      solid      solid      blue       blue       solid     )
 ( display      Metal10_fill         solid      solid      blue       blue       solid     )
 ( display      Metal10_fillBlk      solid      solid      blue       blue       solid     )
 ( display      Metal10_fillOPC      solid      solid      blue       blue       solid     )
 ( display      Metal10_gapFill      solid      solid      blue       blue       solid     )
 ( display      Metal10_net          X          thickLine  blue       blue       X         )
 ( display      Metal10_pin          X          thickLine  blue       blue       X         )
 ( display      Metal10_routeBlk     solid      solid      blue       blue       solid     )
 ( display      Metal10_slot         solid      solid      blue       blue       solid     )
 ( display      Metal10_slotBlk      solid      solid      blue       blue       solid     )
 ( display      Metal10_track        solid      solid      blue       blue       solid     )
 ( display      Metal10_viaBlk       solid      solid      blue       blue       solid     )
 ( display      Metal11_boundary     stipple60  thickLine  gold       gold       outlineStipple)
 ( display      Metal11_drawing      solid      solid      gold       gold       solid     )
 ( display      Metal11_fill         solid      solid      gold       gold       solid     )
 ( display      Metal11_fillBlk      solid      solid      gold       gold       solid     )
 ( display      Metal11_fillOPC      solid      solid      gold       gold       solid     )
 ( display      Metal11_gapFill      solid      solid      gold       gold       solid     )
 ( display      Metal11_net          X          thickLine  gold       gold       X         )
 ( display      Metal11_pin          X          thickLine  gold       gold       X         )
 ( display      Metal11_routeBlk     solid      solid      gold       gold       solid     )
 ( display      Metal11_slot         solid      solid      gold       gold       solid     )
 ( display      Metal11_slotBlk      solid      solid      gold       gold       solid     )
 ( display      Metal11_track        solid      solid      gold       gold       solid     )
 ( display      Metal11_viaBlk       solid      solid      gold       gold       solid     )
 ( display      Metal1_boundary      dots1      thickLine  blue       blue       outlineStipple)
 ( display      Metal1_drawing       solid      solid      blue       blue       solid     )
 ( display      Metal1_fill          backSlash  solid      blue       blue       outlineStipple)
 ( display      Metal1_fillBlk       solid      solid      blue       blue       solid     )
 ( display      Metal1_fillOPC       backSlash  solid      blue       blue       outlineStipple)
 ( display      Metal1_gapFill       backSlash  solid      blue       blue       outlineStipple)
 ( display      Metal1_net           X          thickLine  blue       blue       X         )
 ( display      Metal1_pin           X          thickLine  blue       blue       X         )
 ( display      Metal1_routeBlk      solid      solid      blue       blue       solid     )
 ( display      Metal1_slot          backSlash  solid      blue       blue       outlineStipple)
 ( display      Metal1_slotBlk       solid      solid      blue       blue       solid     )
 ( display      Metal1_track         solid      solid      blue       blue       solid     )
 ( display      Metal1_viaBlk        solid      solid      blue       blue       solid     )
 ( display      Metal2_boundary      dots       thickLine  red        red        outlineStipple)
 ( display      Metal2_drawing       solid      solid      red        red        solid     )
 ( display      Metal2_fill          slash      solid      red        red        outlineStipple)
 ( display      Metal2_fillBlk       solid      solid      red        red        solid     )
 ( display      Metal2_fillOPC       slash      solid      red        red        outlineStipple)
 ( display      Metal2_gapFill       slash      solid      red        red        outlineStipple)
 ( display      Metal2_net           X          thickLine  red        red        X         )
 ( display      Metal2_pin           X          thickLine  red        red        X         )
 ( display      Metal2_routeBlk      solid      solid      red        red        solid     )
 ( display      Metal2_slot          slash      solid      red        red        outlineStipple)
 ( display      Metal2_slotBlk       solid      solid      red        red        solid     )
 ( display      Metal2_track         solid      solid      red        red        solid     )
 ( display      Metal2_viaBlk        solid      solid      red        red        solid     )
 ( display      Metal3_boundary      stipple18  thickLine  green      green      outlineStipple)
 ( display      Metal3_drawing       solid      solid      green      green      solid     )
 ( display      Metal3_fill          stipple18  solid      cream      cream      outlineStipple)
 ( display      Metal3_fillBlk       solid      solid      green      green      solid     )
 ( display      Metal3_fillOPC       stipple18  solid      cream      cream      outlineStipple)
 ( display      Metal3_gapFill       stipple18  solid      cream      cream      outlineStipple)
 ( display      Metal3_net           X          thickLine  green      green      X         )
 ( display      Metal3_pin           X          thickLine  green      green      X         )
 ( display      Metal3_routeBlk      solid      solid      green      green      solid     )
 ( display      Metal3_slot          stipple18  solid      cream      cream      outlineStipple)
 ( display      Metal3_slotBlk       solid      solid      green      green      solid     )
 ( display      Metal3_track         solid      solid      green      green      solid     )
 ( display      Metal3_viaBlk        solid      solid      green      green      solid     )
 ( display      Metal4_boundary      stipple31  thickLine  pink       pink       outlineStipple)
 ( display      Metal4_drawing       solid      solid      yellow     yellow     solid     )
 ( display      Metal4_fill          backSlash  solid      pink       pink       outline   )
 ( display      Metal4_fillBlk       solid      solid      yellow     yellow     solid     )
 ( display      Metal4_fillOPC       backSlash  solid      pink       pink       outline   )
 ( display      Metal4_gapFill       backSlash  solid      pink       pink       outline   )
 ( display      Metal4_net           X          thickLine  pink       pink       X         )
 ( display      Metal4_pin           X          thickLine  pink       pink       X         )
 ( display      Metal4_routeBlk      solid      solid      yellow     yellow     solid     )
 ( display      Metal4_slot          backSlash  solid      pink       pink       outline   )
 ( display      Metal4_slotBlk       solid      solid      yellow     yellow     solid     )
 ( display      Metal4_track         solid      solid      yellow     yellow     solid     )
 ( display      Metal4_viaBlk        solid      solid      yellow     yellow     solid     )
 ( display      Metal5_boundary      stipple61  thickLine  cream      cream      outlineStipple)
 ( display      Metal5_drawing       solid      solid      orange     orange     solid     )
 ( display      Metal5_fill          stipple18  solid      green      green      outlineStipple)
 ( display      Metal5_fillBlk       solid      solid      orange     orange     solid     )
 ( display      Metal5_fillOPC       stipple18  solid      green      green      outlineStipple)
 ( display      Metal5_gapFill       stipple18  solid      green      green      outlineStipple)
 ( display      Metal5_net           X          thickLine  cream      cream      X         )
 ( display      Metal5_pin           X          thickLine  cream      cream      X         )
 ( display      Metal5_routeBlk      solid      solid      orange     orange     solid     )
 ( display      Metal5_slot          stipple18  solid      green      green      outlineStipple)
 ( display      Metal5_slotBlk       solid      solid      orange     orange     solid     )
 ( display      Metal5_track         solid      solid      orange     orange     solid     )
 ( display      Metal5_viaBlk        solid      solid      orange     orange     solid     )
 ( display      Metal6_boundary      stipple36  thickLine  silver     silver     outlineStipple)
 ( display      Metal6_drawing       solid      solid      purple     purple     solid     )
 ( display      Metal6_fill          stipple36  thickLine  gold       gold       outlineStipple)
 ( display      Metal6_fillBlk       solid      solid      purple     purple     solid     )
 ( display      Metal6_fillOPC       stipple36  thickLine  gold       gold       outlineStipple)
 ( display      Metal6_gapFill       stipple36  thickLine  gold       gold       outlineStipple)
 ( display      Metal6_net           X          thickLine  silver     silver     X         )
 ( display      Metal6_pin           X          thickLine  silver     silver     X         )
 ( display      Metal6_routeBlk      solid      solid      purple     purple     solid     )
 ( display      Metal6_slot          stipple36  thickLine  gold       gold       outlineStipple)
 ( display      Metal6_slotBlk       solid      solid      purple     purple     solid     )
 ( display      Metal6_track         solid      solid      purple     purple     solid     )
 ( display      Metal6_viaBlk        solid      solid      purple     purple     solid     )
 ( display      Metal7_boundary      stipple51  thickLine  slateBlue  slateBlue  outlineStipple)
 ( display      Metal7_drawing       solid      solid      yellow     yellow     solid     )
 ( display      Metal7_fill          solid      solid      yellow     yellow     solid     )
 ( display      Metal7_fillBlk       solid      solid      yellow     yellow     solid     )
 ( display      Metal7_fillOPC       solid      solid      yellow     yellow     solid     )
 ( display      Metal7_gapFill       solid      solid      yellow     yellow     solid     )
 ( display      Metal7_net           X          thickLine  slateBlue  slateBlue  X         )
 ( display      Metal7_pin           X          thickLine  slateBlue  slateBlue  X         )
 ( display      Metal7_routeBlk      solid      solid      yellow     yellow     solid     )
 ( display      Metal7_slot          solid      solid      yellow     yellow     solid     )
 ( display      Metal7_slotBlk       solid      solid      yellow     yellow     solid     )
 ( display      Metal7_track         solid      solid      yellow     yellow     solid     )
 ( display      Metal7_viaBlk        solid      solid      yellow     yellow     solid     )
 ( display      Metal8_boundary      stipple46  thickLine  redMagenta redMagenta outlineStipple)
 ( display      Metal8_drawing       solid      solid      blue       blue       solid     )
 ( display      Metal8_fill          solid      solid      blue       blue       solid     )
 ( display      Metal8_fillBlk       solid      solid      blue       blue       solid     )
 ( display      Metal8_fillOPC       solid      solid      blue       blue       solid     )
 ( display      Metal8_gapFill       solid      solid      blue       blue       solid     )
 ( display      Metal8_net           X          thickLine  redMagenta redMagenta X         )
 ( display      Metal8_pin           X          thickLine  redMagenta redMagenta X         )
 ( display      Metal8_routeBlk      solid      solid      blue       blue       solid     )
 ( display      Metal8_slot          solid      solid      blue       blue       solid     )
 ( display      Metal8_slotBlk       solid      solid      blue       blue       solid     )
 ( display      Metal8_track         solid      solid      blue       blue       solid     )
 ( display      Metal8_viaBlk        solid      solid      blue       blue       solid     )
 ( display      Metal9_boundary      stipple60  thickLine  chocolate  chocolate  outlineStipple)
 ( display      Metal9_drawing       solid      solid      red        red        solid     )
 ( display      Metal9_fill          solid      solid      red        red        solid     )
 ( display      Metal9_fillBlk       solid      solid      red        red        solid     )
 ( display      Metal9_fillOPC       solid      solid      red        red        solid     )
 ( display      Metal9_gapFill       solid      solid      red        red        solid     )
 ( display      Metal9_net           X          thickLine  chocolate  chocolate  X         )
 ( display      Metal9_pin           X          thickLine  chocolate  chocolate  X         )
 ( display      Metal9_routeBlk      solid      solid      red        red        solid     )
 ( display      Metal9_slot          solid      solid      red        red        solid     )
 ( display      Metal9_slotBlk       solid      solid      red        red        solid     )
 ( display      Metal9_track         solid      solid      red        red        solid     )
 ( display      Metal9_viaBlk        solid      solid      red        red        solid     )
 ( display      Miclense             blank      solid      yellow     yellow     outline   )
 ( display      "N+_impl"            blank      dashed     lime       lime       outline   )
 ( display      "N+dr"               stipple5   lineStyle0 cream      cream      outlineStipple)
 ( display      NBD_drawing          triangle   solid      magenta    magenta    outline   )
 ( display      NBL_drawing          triangle   solid      magenta    magenta    outline   )
 ( display      NIC_drawing          triangle   solid      magenta    magenta    outline   )
 ( display      NIC_logic            blank      solid      yellow     yellow     outline   )
 ( display      NIC_mark             blank      solid      yellow     yellow     outline   )
 ( display      NITRIDE              stipple2   lineStyle0 winColor5  winColor5  outlineStipple)
 ( display      NLDD                 blank      lineStyle0 orange     orange     outline   )
 ( display      NODUMMY_drawing      dot3       doubleDash red        red        outlineStipple)
 ( display      NODUMMY_ip           blank      solid      yellow     yellow     outlineStipple)
 ( display      NODUMMY_logic        dot3       doubleDash red        red        outlineStipple)
 ( display      NODUMMY_tsl_drawing  blank      solid      yellow     yellow     outline   )
 ( display      NODUMMY_tsl_logic    blank      solid      yellow     yellow     outline   )
 ( display      NOXN_drawing         blank      solid      yellow     yellow     outline   )
 ( display      NOXN_logic           blank      solid      yellow     yellow     outline   )
 ( display      NOXN_tsl_drawing     blank      solid      yellow     yellow     outline   )
 ( display      NOXN_tsl_logic       blank      solid      yellow     yellow     outline   )
 ( display      NO_NLDD              blank      lineStyle0 pink       pink       outline   )
 ( display      NO_SAL               stipple0   lineStyle0 cream      cream      solid     )
 ( display      NO_WELL              blank      thickLine  gray       gray       outline   )
 ( display      NPB_drawing          triangle   solid      magenta    magenta    outline   )
 ( display      NPB_logic            blank      solid      yellow     yellow     outline   )
 ( display      NPB_mark             blank      solid      yellow     yellow     outline   )
 ( display      NSHL_DIOD            stipple5   lineStyle0 gray       blue       outlineStipple)
 ( display      NSUB_drawing         stipple1   line_w2    yellow     yellow     outlineStipple)
 ( display      NSUB_label           blank      solid      yellow     yellow     outline   )
 ( display      NSUB_logic           stipple1   line_w2    yellow     yellow     outlineStipple)
 ( display      NSUB_tsl_drawing     stipple1   line_w2    yellow     yellow     outlineStipple)
 ( display      NSUB_tsl_logic       stipple1   line_w2    yellow     yellow     outlineStipple)
 ( display      NS_drawing           metal2S    solid      winColor3  pink       outlineStipple)
 ( display      NS_drc               blank      thickLine  pink       pink       outlineStipple)
 ( display      NS_imagers           blank      shortDash  pink       pink       outlineStipple)
 ( display      NS_logic             metal2S    solid      winColor3  pink       outlineStipple)
 ( display      NS_mark              blank      solid      yellow     yellow     outlineStipple)
 ( display      NS_tsl_drawing       metal2S    lineStyle0 winColor3  cream      outlineStipple)
 ( display      NS_tsl_logic         metal2S    lineStyle0 winColor3  cream      outlineStipple)
 ( display      NWELL                blank      lineStyle1 green      green      outline   )
 ( display      NWELLHV              stipple0   lineStyle0 gray       gray       solid     )
 ( display      NWELL_HV             blank      solid      yellow     yellow     outline   )
 ( display      NWELL_HV35           blank      lineStyle0 green      gray4      outline   )
 ( display      NWELL_dy             dots       lineStyle1 green      green      outlineStipple)
 ( display      NW_HV35              stipple15  lineStyle0 purple     purple     outlineStipple)
 ( display      NZC_drawing          triangle   solid      magenta    magenta    outline   )
 ( display      N_S                  stipple5   lineStyle1 purple     purple     outlineStipple)
 ( display      Nhvt_blockage        blank      solid      gold       gold       outline   )
 ( display      Nhvt_boundary        blank      solid      gold       gold       outline   )
 ( display      Nhvt_fill            blank      solid      gold       gold       outline   )
 ( display      Nhvt_fillOPC         blank      solid      gold       gold       outline   )
 ( display      Nhvt_gapFill         blank      solid      gold       gold       outline   )
 ( display      Nhvt_grid            blank      solid      gold       gold       outline   )
 ( display      Nhvt_net             blank      solid      gold       gold       outline   )
 ( display      Nhvt_pin             blank      solid      gold       gold       outline   )
 ( display      Nhvt_slot            blank      solid      gold       gold       outline   )
 ( display      Nimp_blockage        stipple4   solid      yellow     yellow     outlineStipple)
 ( display      Nimp_boundary        blank      solid      gold       gold       outline   )
 ( display      Nimp_fill            stipple4   solid      yellow     yellow     outlineStipple)
 ( display      Nimp_fillOPC         stipple4   solid      yellow     yellow     outlineStipple)
 ( display      Nimp_gapFill         stipple4   solid      yellow     yellow     outlineStipple)
 ( display      Nimp_grid            stipple4   solid      yellow     yellow     outlineStipple)
 ( display      Nimp_pin             stipple4   solid      yellow     yellow     outlineStipple)
 ( display      Nimp_slot            stipple4   solid      yellow     yellow     outlineStipple)
 ( display      Nzvt                 blank      solid      red        red        outline   )
 ( display      Nzvt_blockage        blank      solid      gold       gold       outline   )
 ( display      Nzvt_boundary        blank      solid      gold       gold       outline   )
 ( display      Nzvt_fill            blank      solid      gold       gold       outline   )
 ( display      Nzvt_fillOPC         blank      solid      gold       gold       outline   )
 ( display      Nzvt_gapFill         blank      solid      gold       gold       outline   )
 ( display      Nzvt_grid            blank      solid      gold       gold       outline   )
 ( display      Nzvt_net             blank      solid      gold       gold       outline   )
 ( display      Nzvt_pin             blank      solid      gold       gold       outline   )
 ( display      Nzvt_slot            blank      solid      gold       gold       outline   )
 ( display      OVERLAP_blockage     blank      solid      white      white      outline   )
 ( display      OVERLAP_fill         blank      solid      white      white      outline   )
 ( display      OVERLAP_fillOPC      blank      solid      white      white      outline   )
 ( display      OVERLAP_gapFill      blank      solid      white      white      outline   )
 ( display      OVERLAP_grid         blank      solid      white      white      outline   )
 ( display      OVERLAP_net          blank      solid      white      white      outline   )
 ( display      OVERLAP_pin          blank      solid      white      white      outline   )
 ( display      OVERLAP_slot         blank      solid      white      white      outline   )
 ( display      Opt_pad              blank      solid      yellow     yellow     outline   )
 ( display      OverlapCheck         blank      solid      yellow     yellow     outlineStipple)
 ( display      Oxide_blockage       stipple30  dashed     lime       lime       outlineStipple)
 ( display      Oxide_boundary       blank      solid      forest     forest     outline   )
 ( display      Oxide_fill           stipple30  dashed     lime       lime       outlineStipple)
 ( display      Oxide_fillOPC        stipple30  dashed     lime       lime       outlineStipple)
 ( display      Oxide_gapFill        stipple30  dashed     lime       lime       outlineStipple)
 ( display      Oxide_grid           stipple30  dashed     lime       lime       outlineStipple)
 ( display      Oxide_pin            stipple30  dashed     lime       lime       outlineStipple)
 ( display      Oxide_slot           stipple30  dashed     lime       lime       outlineStipple)
 ( display      Oxide_thk            dot4       thickLine  maroon     maroon     outlineStipple)
 ( display      Oxide_thk_net        dot4       thickLine  maroon     maroon     outlineStipple)
 ( display      "P+_impl"            blank      lineStyle1 white      white      outline   )
 ( display      PADMETAL_drawing     blank      solid      yellow     yellow     outline   )
 ( display      PADMETAL_logic       blank      solid      yellow     yellow     outline   )
 ( display      PADMETAL_tsl_drawing blank      solid      yellow     yellow     outline   )
 ( display      PADMETAL_tsl_logic   blank      solid      yellow     yellow     outline   )
 ( display      PAD_WIN              stipple0   lineStyle2 brown      brown      solid     )
 ( display      PAD_area             blank      solid      yellow     yellow     outline   )
 ( display      PAD_cis_array        blank      solid      yellow     yellow     outline   )
 ( display      PAD_drawing          stipple2   lineStyle0 winColor5  winColor5  outlineStipple)
 ( display      PAD_drc              stipple2   solid      met1navy   met1navy   outlineStipple)
 ( display      PAD_dummy            stipple15  solid      orange     orange     outlineStipple)
 ( display      PAD_fc               blank      solid      yellow     yellow     outline   )
 ( display      PAD_ip               triangle   solid      magenta    magenta    outline   )
 ( display      PAD_keep_out         triangle   solid      magenta    magenta    outline   )
 ( display      PAD_ldmos            blank      solid      yellow     yellow     outline   )
 ( display      PAD_logic            stipple2   lineStyle0 winColor5  winColor5  outlineStipple)
 ( display      PAD_mark             blank      solid      yellow     yellow     outline   )
 ( display      PAD_padoverlogic     blank      solid      yellow     yellow     outline   )
 ( display      PAD_pin              blank      solid      yellow     yellow     outlineStipple)
 ( display      PAD_rdla             metal1S    dashed     winColor5  winColor5  outlineStipple)
 ( display      PAD_tcg              blank      solid      yellow     yellow     outline   )
 ( display      PAD_tsl_drawing      blank      solid      yellow     yellow     solid     )
 ( display      PAD_tsl_logic        blank      solid      yellow     yellow     solid     )
 ( display      PCMdummy             blank      solid      cyan       cyan       outline   )
 ( display      PD3_cap              blank      solid      yellow     yellow     outline   )
 ( display      PD3_drawing          blank      solid      yellow     yellow     outline   )
 ( display      PD3_imagers          blank      solid      yellow     yellow     outlineStipple)
 ( display      PD3_logic            dot1       solid      cadetBlue  cadetBlue  outlineStipple)
 ( display      PD3_mark             blank      solid      yellow     yellow     outlineStipple)
 ( display      PD3_pix              wellp      lineStyle6 yellow     yellow     stipple   )
 ( display      PDN_cap              blank      solid      yellow     yellow     outline   )
 ( display      PDN_drawing          blank      solid      yellow     yellow     outline   )
 ( display      PDN_imagers          blank      solid      yellow     yellow     outlineStipple)
 ( display      PDN_logic            metal2S    solid      blue       cyan       outlineStipple)
 ( display      PDN_mark             blank      solid      yellow     yellow     outlineStipple)
 ( display      PDP_cap              blank      solid      yellow     yellow     outline   )
 ( display      PDP_drawing          blank      solid      yellow     yellow     outline   )
 ( display      PDP_logic            metal2S    solid      maroon     maroon     outlineStipple)
 ( display      PDP_mark             blank      solid      yellow     yellow     outlineStipple)
 ( display      PER_area             blank      thickLine  slate      slate      outline   )
 ( display      PFIELD               blank      thickLine  winColor3  winColor3  outline   )
 ( display      PFIELD_drawing       blank      thickLine  winColor3  winColor3  outline   )
 ( display      PFIELD_logic         blank      thickLine  winColor3  winColor3  stipple   )
 ( display      PFIELD_mark          hLine      dashed     yellow     yellow     stipple   )
 ( display      PFIELD_tsl_drawing   blank      thickLine  winColor3  winColor3  outline   )
 ( display      PFIELD_tsl_logic     blank      thickLine  winColor3  winColor3  outline   )
 ( display      PH2_drawing          triangle   solid      magenta    magenta    outline   )
 ( display      PHL_drawing          triangle   solid      magenta    magenta    outline   )
 ( display      PHV_drawing          metal2S    solid      forest     forest     outlineStipple)
 ( display      PHV_logic            metal2S    solid      forest     forest     outlineStipple)
 ( display      PHV_mark             blank      solid      yellow     yellow     outlineStipple)
 ( display      PINMARK              blank      lineStyle10 navy       navy       outline   )
 ( display      PINMARK8             vcc1S      thickLine  violet     cream      outlineStipple)
 ( display      PINMARK_drawing      blank      solid      yellow     yellow     outline   )
 ( display      PINMARK_logic        blank      solid      yellow     yellow     outlineStipple)
 ( display      PINMARK_tsl_drawing  blank      solid      yellow     yellow     outline   )
 ( display      PINMARK_tsl_logic    blank      solid      yellow     yellow     outline   )
 ( display      PIQ_drawing          blank      solid      yellow     yellow     outline   )
 ( display      PIQ_emb_flash        blank      solid      yellow     yellow     outlineStipple)
 ( display      PIQ_imagers          blank      solid      slate      slate      outlineStipple)
 ( display      PIQ_logic            dots       solid      slate      slate      outlineStipple)
 ( display      PIQ_mark             blank      solid      yellow     yellow     outline   )
 ( display      PLC_drawing          stipple2   lineStyle0 winColor5  winColor5  outlineStipple)
 ( display      PLC_logic            stipple2   lineStyle0 winColor5  winColor5  outlineStipple)
 ( display      PLC_mark             blank      solid      yellow     yellow     outlineStipple)
 ( display      PLDD                 blank      dashed     purple     purple     outline   )
 ( display      POLY                 stipple8   lineStyle0 red        red        outlineStipple)
 ( display      POLY2                stipple1   lineStyle0 tan        tan        outlineStipple)
 ( display      POLY_37              stipple6   lineStyle0 forest     forest     outlineStipple)
 ( display      POLY_42              slash      lineStyle0 red        red        outlineStipple)
 ( display      POLY_txt             stipple8   lineStyle0 red        red        outlineStipple)
 ( display      PORT_LAYER           blank      lineStyle0 red        yellow     outline   )
 ( display      PORT_layer           blank      solid      yellow     yellow     solid     )
 ( display      PROT                 blank      solid      white      white      outline   )
 ( display      PR_poly1             blank      lineStyle0 brown      brown      outline   )
 ( display      PSHLW4               blank      solid      yellow     yellow     solid     )
 ( display      PSHL_DIOD            stipple0   lineStyle0 pink       pink       solid     )
 ( display      PSUB_drawing         stipple1   line_w2    yellow     yellow     outlineStipple)
 ( display      PSUB_label           blank      solid      yellow     yellow     outline   )
 ( display      PSUB_logic           stipple1   line_w2    yellow     yellow     outlineStipple)
 ( display      PSUB_tsl_drawing     stipple1   line_w2    yellow     yellow     outlineStipple)
 ( display      PSUB_tsl_logic       stipple1   line_w2    yellow     yellow     outlineStipple)
 ( display      PWELL                blank      lineStyle0 green      green      outline   )
 ( display      PWELL_HV             stipple0   lineStyle0 silver     silver     solid     )
 ( display      PWELL_draw           blank      lineStyle0 brown      cyan       outline   )
 ( display      PW_HV35              metal2S    solid      gold       gold       outlineStipple)
 ( display      PW_LV35              stipple9   solid      green      green      outlineStipple)
 ( display      P_S                  blank      lineStyle0 green      gray4      outline   )
 ( display      Phvt_blockage        blank      solid      gold       gold       outline   )
 ( display      Phvt_boundary        blank      solid      gold       gold       outline   )
 ( display      Phvt_fill            blank      solid      gold       gold       outline   )
 ( display      Phvt_fillOPC         blank      solid      gold       gold       outline   )
 ( display      Phvt_gapFill         blank      solid      gold       gold       outline   )
 ( display      Phvt_grid            blank      solid      gold       gold       outline   )
 ( display      Phvt_net             blank      solid      gold       gold       outline   )
 ( display      Phvt_pin             blank      solid      gold       gold       outline   )
 ( display      Phvt_slot            blank      solid      gold       gold       outline   )
 ( display      Pimp_blockage        stipple4   solid      brown      brown      outlineStipple)
 ( display      Pimp_boundary        blank      solid      gold       gold       outline   )
 ( display      Pimp_fill            stipple4   solid      brown      brown      outlineStipple)
 ( display      Pimp_fillOPC         stipple4   solid      brown      brown      outlineStipple)
 ( display      Pimp_gapFill         stipple4   solid      brown      brown      outlineStipple)
 ( display      Pimp_grid            stipple4   solid      brown      brown      outlineStipple)
 ( display      Pimp_pin             stipple4   solid      brown      brown      outlineStipple)
 ( display      Pimp_slot            stipple4   solid      brown      brown      outlineStipple)
 ( display      Pol_Arr_draw         blank      dashed     magenta    gray4      outline   )
 ( display      Poly1_PR             stipple0   solid      gray6      gray6      solid     )
 ( display      Poly_Array           blank      lineStyle0 red        red        outline   )
 ( display      Poly_blockage        x          solid      tan        tan        outlineStipple)
 ( display      Poly_boundary        blank      solid      brown      brown      outline   )
 ( display      Poly_fill            x          solid      tan        tan        outlineStipple)
 ( display      Poly_fillOPC         x          solid      tan        tan        outlineStipple)
 ( display      Poly_gapFill         x          solid      tan        tan        outlineStipple)
 ( display      Poly_grid            x          solid      tan        tan        outlineStipple)
 ( display      Poly_pin             blank      solid      brown      brown      outline   )
 ( display      Poly_slot            x          solid      tan        tan        outlineStipple)
 ( display      Psubiso              blank      solid      white      white      outline   )
 ( display      QN_drawing           blank      solid      yellow     yellow     outlineStipple)
 ( display      QN_logic             blank      solid      gray5      winColor3  outlineStipple)
 ( display      QN_mark              blank      solid      yellow     yellow     outlineStipple)
 ( display      RED_drawing          blank      solid      red        red        outline   )
 ( display      RED_imagers          stipple15  solid      red        red        outlineStipple)
 ( display      RED_keep_out         triangle   solid      magenta    magenta    outline   )
 ( display      RED_logic            solid      solid      red        red        outlineStipple)
 ( display      RED_mark             blank      solid      yellow     yellow     outlineStipple)
 ( display      RES_area             blank      lineStyle0 pink       pink       outline   )
 ( display      ROWDEC               blank      lineStyle0 cream      cream      outline   )
 ( display      RO_drawing           blank      solid      yellow     yellow     outline   )
 ( display      RO_emb_flash         blank      solid      yellow     yellow     outlineStipple)
 ( display      RO_logic             blank      solid      perple     perple     outlineStipple)
 ( display      RO_mark              blank      solid      yellow     yellow     outlineStipple)
 ( display      Red                  blank      solid      red        red        outline   )
 ( display      Row                  blank      solid      cyan       cyan       outline   )
 ( display      RowBnd               blank      solid      cyan       cyan       outline   )
 ( display      RowLbl               blank      solid      cyan       cyan       outline   )
 ( display      SAE                  blank      lineStyle0 orange     orange     outline   )
 ( display      SAL                  stipple0   lineStyle0 cream      cream      solid     )
 ( display      SBgrid               blank      lineStyle0 green      gray4      outline   )
 ( display      SCAPD                snast2     solid      snacyan    snacyan    outlineStipple)
 ( display      SCAPD1               blank      solid      white      white      outline   )
 ( display      SCMAC                backSlash  solid      white      white      outlineStipple)
 ( display      SCPPD                blank      snadashed  white      snared     outline   )
 ( display      SCPPD1               blank      snasolid   white      snared     outline   )
 ( display      SCPPL                blank      solid      white      white      outline   )
 ( display      SCRD                 snast3     solid      snasalmon  snasalmon  outlineStipple)
 ( display      SCSDD0               snast1     solid      snablue    snablue    outlineStipple)
 ( display      SCSDD1               snast1     solid      snacadetblue snacadetblue outlineStipple)
 ( display      SCSDD2               snast1     solid      snabluegreen snabluegreen outlineStipple)
 ( display      SCSDD3               snast1     solid      snagreen   snagreen   outlineStipple)
 ( display      SCSDD4               snast1     solid      snalime    snalime    outlineStipple)
 ( display      SCSDD5               snast1     solid      snagreenyellow snagreenyellow outlineStipple)
 ( display      SCSDD6               snast1     solid      snayellow  snayellow  outlineStipple)
 ( display      SCSDD7               snast1     solid      snagold    snagold    outlineStipple)
 ( display      SCSDD8               snast1     solid      snaorange  snaorange  outlineStipple)
 ( display      SCSDD9               snast1     solid      snared     snared     outlineStipple)
 ( display      SCSGD                blank      solid      white      white      outline   )
 ( display      SDG_drawing          stipple1   line_w2    yellow     yellow     outlineStipple)
 ( display      SDG_drc              blank      solid      yellow     yellow     outline   )
 ( display      SDG_dummy            blank      solid      yellow     yellow     outline   )
 ( display      SDG_label            blank      solid      yellow     yellow     outline   )
 ( display      SDG_logic            stipple1   line_w2    yellow     yellow     outlineStipple)
 ( display      SDG_mark             blank      solid      yellow     yellow     outline   )
 ( display      SDG_tsl_drawing      stipple1   line_w2    yellow     yellow     outlineStipple)
 ( display      SDG_tsl_logic        stipple1   line_w2    yellow     yellow     outlineStipple)
 ( display      SEAL_area            blank      solid      yellow     yellow     solid     )
 ( display      SHL_DIOD             backSlash  lineStyle0 magenta    magenta    outlineStipple)
 ( display      SHV                  blank      solid      yellow     yellow     outline   )
 ( display      "SHV-N+DR"           stipple5   lineStyle0 cream      cream      outlineStipple)
 ( display      "SHV-N+dr"           blank      solid      yellow     yellow     outline   )
 ( display      SNK_drawing          triangle   solid      magenta    magenta    outline   )
 ( display      SNU_drawing          triangle   solid      magenta    magenta    outline   )
 ( display      SPC_AREA_a_bitcell   blank      solid      pink       pink       outlineStipple)
 ( display      SPC_AREA_bitcell3    dot3       solid      tan        tan        outlineStipple)
 ( display      SPC_AREA_cflash_core stipple9   solid      yellow     yellow     outlineStipple)
 ( display      SPC_AREA_dio         blank      doubleDash cyan       cyan       outlineStipple)
 ( display      SPC_AREA_dt          triangle   solid      magenta    magenta    outline   )
 ( display      SPC_AREA_esd         triangle   solid      magenta    magenta    outline   )
 ( display      SPC_AREA_f2          triangle   solid      magenta    magenta    outline   )
 ( display      SPC_AREA_fc          blank      solid      yellow     yellow     outline   )
 ( display      SPC_AREA_fuse        triangle   solid      magenta    magenta    outline   )
 ( display      SPC_AREA_guard_ring  triangle   solid      magenta    magenta    outline   )
 ( display      SPC_AREA_inductor    triangle   solid      magenta    magenta    outline   )
 ( display      SPC_AREA_ip          blank      solid      yellow     yellow     outline   )
 ( display      SPC_AREA_ldmos_hisid blank      solid      yellow     yellow     outline   )
 ( display      SPC_AREA_ldmos_vscal blank      solid      yellow     yellow     outline   )
 ( display      SPC_AREA_mfc         triangle   solid      magenta    magenta    outline   )
 ( display      SPC_AREA_mim         blank      solid      yellow     yellow     outline   )
 ( display      SPC_AREA_mtpd        stipple8   lineStyle6 cyan       cyan       outlineStipple)
 ( display      SPC_AREA_nbl         triangle   solid      magenta    magenta    outline   )
 ( display      SPC_AREA_novea       stipple15  solid      cyan       cyan       outlineStipple)
 ( display      SPC_AREA_otp         stipple5   dashed     cyan       cyan       stipple   )
 ( display      SPC_AREA_pix         triangle   solid      magenta    magenta    outline   )
 ( display      SPC_AREA_seal        triangle   solid      magenta    magenta    outline   )
 ( display      SPC_AREA_shv         blank      solid      yellow     yellow     outline   )
 ( display      SPC_AREA_tcg         dots1      solid      pink       pink       outlineStipple)
 ( display      SPC_AREA_v_bitcell   blank      solid      lime       lime       outlineStipple)
 ( display      SPC_AREA_yflash      triangle   solid      magenta    magenta    outline   )
 ( display      STCH_reg             blank      solid      yellow     yellow     solid     )
 ( display      STR_BLK_com_flash    blank      solid      yellow     yellow     outline   )
 ( display      STR_BLK_mark         blank      solid      yellow     yellow     outline   )
 ( display      SUPPER_HV            blank      solid      yellow     yellow     outline   )
 ( display      SWP_logic            blank      solid      yellow     yellow     outline   )
 ( display      SWP_mark             blank      solid      yellow     yellow     outline   )
 ( display      SWP_pix              blank      solid      yellow     yellow     outline   )
 ( display      Seal_area            stipple9   lineStyle0 pink       gray6      outlineStipple)
 ( display      SiProt_blockage      blank      solid      gold       gold       outline   )
 ( display      SiProt_boundary      blank      solid      gold       gold       outline   )
 ( display      SiProt_fill          blank      solid      gold       gold       outline   )
 ( display      SiProt_fillOPC       blank      solid      gold       gold       outline   )
 ( display      SiProt_gapFill       blank      solid      gold       gold       outline   )
 ( display      SiProt_grid          blank      solid      gold       gold       outline   )
 ( display      SiProt_net           blank      solid      gold       gold       outline   )
 ( display      SiProt_pin           blank      solid      gold       gold       outline   )
 ( display      SiProt_slot          blank      solid      gold       gold       outline   )
 ( display      Stch_Reg             dots       solid      gray6      gray6      outlineStipple)
 ( display      Str_Blk              blank      solid      yellow     yellow     outline   )
 ( display      TAP_drawing          blank      solid      yellow     yellow     outlineStipple)
 ( display      TC_drawing           triangle   solid      magenta    magenta    outline   )
 ( display      TGO_drawing          blank      solid      yellow     yellow     outline   )
 ( display      TGO_mark             blank      solid      yellow     yellow     outline   )
 ( display      TOP_M_drawing        stipple8   solid      yellow     yellow     outlineStipple)
 ( display      TOP_M_dummy          metal2S    solid      yellow     yellow     outlineStipple)
 ( display      TOP_M_ip             triangle   solid      magenta    magenta    outline   )
 ( display      TOP_M_keep_out       blank      solid      yellow     yellow     outline   )
 ( display      TOP_M_label          blank      solid      magenta    magenta    outlineStipple)
 ( display      TOP_M_logic          stipple8   solid      yellow     yellow     outlineStipple)
 ( display      TOP_M_lvs            blank      solid      yellow     yellow     outlineStipple)
 ( display      TOP_M_mark           blank      solid      yellow     yellow     outlineStipple)
 ( display      TOP_M_mdp            blank      solid      yellow     yellow     outline   )
 ( display      TOP_M_mslits         blank      solid      yellow     yellow     X         )
 ( display      TOP_M_net            stipple13  solid      yellow     yellow     outlineStipple)
 ( display      TOP_M_no_dummy       metal1S    solid      yellow     yellow     outlineStipple)
 ( display      TOP_M_nomdp          blank      solid      yellow     yellow     outlineStipple)
 ( display      TOP_M_noopc          blank      solid      yellow     yellow     outlineStipple)
 ( display      TOP_M_opc            blank      solid      yellow     yellow     outline   )
 ( display      TOP_M_pin            stipple12  solid      yellow     yellow     outlineStipple)
 ( display      TOP_M_pnrblock       blank      solid      yellow     yellow     outlineStipple)
 ( display      TOP_M_res1           stipple5   solid      yellow     yellow     outlineStipple)
 ( display      TOP_M_vcc            blank      solid      yellow     yellow     outlineStipple)
 ( display      TOP_M_vddf           blank      solid      yellow     yellow     outline   )
 ( display      TOP_M_vss            blank      solid      yellow     yellow     outlineStipple)
 ( display      TOP_V_bar            blank      solid      yellow     yellow     solid     )
 ( display      TOP_V_drawing        hLine      solid      orange     orange     outlineStipple)
 ( display      TOP_V_label          blank      solid      lime       lime       outlineStipple)
 ( display      TOP_V_logic          hLine      solid      orange     orange     outlineStipple)
 ( display      TOP_V_lvs            blank      solid      yellow     yellow     outlineStipple)
 ( display      TOP_V_mark           blank      solid      yellow     yellow     outlineStipple)
 ( display      TOP_V_nxp            hLine      lineStyle2 orange     orange     outlineStipple)
 ( display      TOP_V_pnrblock       blank      solid      yellow     yellow     outline   )
 ( display      TOP_V_rdla           stipple8   shortDash  blue1      blue1      outlineStipple)
 ( display      TR_logic             metal1S    shortDash  green      green      outlineStipple)
 ( display      TR_mark              hLine      dashed     green      green      stipple   )
 ( display      TUB_drawing          triangle   solid      magenta    magenta    outline   )
 ( display      TopMetal_drawing     blank      solid      yellow     yellow     outline   )
 ( display      TopMetal_dummy       blank      solid      yellow     yellow     outline   )
 ( display      TopMetal_label       blank      solid      yellow     yellow     outline   )
 ( display      TopMetal_logic       blank      solid      yellow     yellow     outline   )
 ( display      TopMetal_lvs         blank      solid      yellow     yellow     outline   )
 ( display      TopMetal_mark        blank      solid      yellow     yellow     outline   )
 ( display      TopMetal_mslits      blank      solid      yellow     yellow     outline   )
 ( display      TopVia_drawing       blank      solid      yellow     yellow     outline   )
 ( display      TopVia_label         blank      solid      yellow     yellow     outline   )
 ( display      TopVia_logic         blank      solid      yellow     yellow     outline   )
 ( display      TopVia_lvs           blank      solid      yellow     yellow     outline   )
 ( display      TopVia_mark          blank      solid      yellow     yellow     outline   )
 ( display      Top_opt              stipple15  lineStyle0 green      green      outlineStipple)
 ( display      ULS_cis_array        blank      thickLine  magenta1   magenta1   outline   )
 ( display      ULS_drawing          met2nitz   lineStyle8 magenta1   magenta1   outlineStipple)
 ( display      ULS_imagers          blank      shortDash  magenta1   magenta1   outlineStipple)
 ( display      ULS_logic            met2nitz   lineStyle8 magenta1   magenta1   outlineStipple)
 ( display      ULS_mark             blank      solid      yellow     yellow     outlineStipple)
 ( display      ULS_p2               triangle   solid      magenta    magenta    outline   )
 ( display      Unrouted             stipple0   solid      gray       gray       solid     )
 ( display      Unrouted1            stipple0   solid      brown      brown      solid     )
 ( display      Unrouted2            stipple0   solid      red        red        solid     )
 ( display      Unrouted3            stipple0   solid      orange     orange     solid     )
 ( display      Unrouted4            stipple0   solid      yellow     yellow     solid     )
 ( display      Unrouted5            stipple0   solid      green      green      solid     )
 ( display      Unrouted6            stipple0   solid      blue       blue       solid     )
 ( display      Unrouted7            stipple0   solid      purple     purple     solid     )
 ( display      Unrouted8            stipple0   solid      gold       gold       solid     )
 ( display      Unrouted9            stipple0   solid      silver     silver     solid     )
 ( display      UnroutedTrk          blank      dashed     yellow     yellow     outline   )
 ( display      V2_bar               blank      solid      yellow     yellow     solid     )
 ( display      V2_drawing           grid       solid      magenta    magenta    outlineStipple)
 ( display      V2_label             blank      solid      yellow     yellow     outline   )
 ( display      V2_logic             grid       solid      magenta    magenta    outlineStipple)
 ( display      V2_mark              blank      solid      yellow     yellow     outline   )
 ( display      V2_opc               blank      solid      yellow     yellow     outlineStipple)
 ( display      V2_pnrblock          blank      solid      yellow     yellow     outline   )
 ( display      V2_tsl_drawing       grid       solid      magenta    magenta    outlineStipple)
 ( display      V2_tsl_logic         grid       solid      magenta    magenta    outlineStipple)
 ( display      V3_bar               blank      solid      yellow     yellow     solid     )
 ( display      V3_drawing           X          solid      lime       lime       X         )
 ( display      V3_logic             X          solid      lime       lime       X         )
 ( display      V3_lvs               X          dashed     lime       lime       X         )
 ( display      V3_mark              blank      solid      yellow     yellow     outline   )
 ( display      V3_opc               blank      solid      yellow     yellow     outlineStipple)
 ( display      V3_pnrblock          blank      solid      yellow     yellow     outline   )
 ( display      V3_tsl_drawing       stipple14  lineStyle0 lime       lime       outlineStipple)
 ( display      V3_tsl_logic         stipple14  lineStyle0 lime       lime       outlineStipple)
 ( display      V4_bar               blank      solid      yellow     yellow     solid     )
 ( display      V4_drawing           stipple3   lineStyle7 forest     forest     outlineStipple)
 ( display      V4_logic             stipple3   lineStyle7 forest     forest     outlineStipple)
 ( display      V4_lvs               blank      solid      yellow     yellow     outline   )
 ( display      V4_mark              blank      solid      yellow     yellow     outline   )
 ( display      V4_opc               blank      solid      yellow     yellow     outlineStipple)
 ( display      V4_pnrblock          blank      solid      yellow     yellow     outline   )
 ( display      V4_tsl_drawing       stipple3   lineStyle7 forest     forest     outlineStipple)
 ( display      V4_tsl_logic         stipple3   lineStyle7 forest     forest     outlineStipple)
 ( display      V5_bar               blank      solid      yellow     yellow     solid     )
 ( display      V5_drawing           stipple12  solid      yellow     yellow     outlineStipple)
 ( display      V5_logic             stipple12  solid      yellow     yellow     outlineStipple)
 ( display      V5_lvs               blank      solid      yellow     yellow     outline   )
 ( display      V5_mark              blank      solid      yellow     yellow     outline   )
 ( display      V5_mdp               blank      solid      yellow     yellow     outline   )
 ( display      V5_nomdp             blank      solid      yellow     yellow     outlineStipple)
 ( display      V5_opc               blank      solid      yellow     yellow     outlineStipple)
 ( display      V5_pnrblock          blank      solid      yellow     yellow     outline   )
 ( display      V5_tsl_drawing       blank      solid      yellow     yellow     outline   )
 ( display      V5_tsl_logic         blank      solid      yellow     yellow     outline   )
 ( display      V6_bar               blank      solid      yellow     yellow     solid     )
 ( display      V6_drawing           blank      solid      magenta    magenta    X         )
 ( display      V6_label             blank      solid      yellow     yellow     solid     )
 ( display      V6_logic             blank      solid      magenta    magenta    X         )
 ( display      V6_lvs               blank      solid      yellow     yellow     outline   )
 ( display      V6_mark              blank      solid      yellow     yellow     outline   )
 ( display      V6_opc               blank      solid      yellow     yellow     outlineStipple)
 ( display      V6_pnrblock          blank      solid      yellow     yellow     outline   )
 ( display      V6_tsl_drawing       blank      solid      yellow     yellow     outline   )
 ( display      V6_tsl_logic         blank      solid      yellow     yellow     outline   )
 ( display      V7_bar               blank      solid      yellow     yellow     solid     )
 ( display      V7_drawing           blank      solid      pinki      pinki      X         )
 ( display      V7_label             blank      solid      yellow     yellow     solid     )
 ( display      V7_logic             blank      solid      pinki      pinki      X         )
 ( display      V7_lvs               blank      solid      yellow     yellow     outline   )
 ( display      V7_mark              blank      solid      yellow     yellow     outline   )
 ( display      V7_opc               blank      solid      yellow     yellow     outlineStipple)
 ( display      V7_pnrblock          blank      solid      yellow     yellow     outline   )
 ( display      VF1_drawing          stipple0   lineStyle0 yellow     yellow     outlineStipple)
 ( display      VF1_label            stipple14  lineStyle0 yellow     yellow     outlineStipple)
 ( display      VF1_logic            stipple0   lineStyle0 yellow     yellow     stipple   )
 ( display      VF1_lvs              stipple0   lineStyle0 yellow     yellow     stipple   )
 ( display      VF1_mark             stipple14  dashed     yellow     yellow     outlineStipple)
 ( display      VF1_mdp              wellp      dashed     yellow     yellow     outlineStipple)
 ( display      VF1_opc              stipple1   lineStyle0 yellow     yellow     outlineStipple)
 ( display      VF1_pnrblock         stipple0   lineStyle9 yellow     yellow     stipple   )
 ( display      VFL_logic            hLine      dashed     orange     orange     outlineStipple)
 ( display      VIA                  blank      lineStyle6 white      white      outline   )
 ( display      VIA2                 stipple13  lineStyle0 white      white      outlineStipple)
 ( display      VIA3                 stipple3   lineStyle7 forest     forest     outlineStipple)
 ( display      VIAA_drawing         blank      solid      yellow     yellow     outline   )
 ( display      VIAA_logic           blank      solid      yellow     yellow     outline   )
 ( display      VIAA_mark            blank      solid      yellow     yellow     outline   )
 ( display      VIAA_tsl_drawing     blank      solid      yellow     yellow     outline   )
 ( display      VIAA_tsl_logic       blank      solid      yellow     yellow     outline   )
 ( display      VIAB_drawing         blank      solid      yellow     yellow     outline   )
 ( display      VIAB_logic           blank      solid      yellow     yellow     outline   )
 ( display      VIAB_mark            blank      solid      yellow     yellow     outline   )
 ( display      VIAB_tsl_drawing     blank      solid      yellow     yellow     outline   )
 ( display      VIAB_tsl_logic       blank      solid      yellow     yellow     outline   )
 ( display      VIAC_drawing         blank      solid      yellow     yellow     outline   )
 ( display      VIAC_logic           blank      solid      yellow     yellow     outline   )
 ( display      VIAC_mark            blank      solid      yellow     yellow     outline   )
 ( display      VIAC_tsl_drawing     blank      solid      yellow     yellow     outline   )
 ( display      VIAC_tsl_logic       blank      solid      yellow     yellow     outline   )
 ( display      VL1_logic            metal1S    dashed     yellow     yellow     outlineStipple)
 ( display      VL1_mark             hLine      dashed     yellow     yellow     outlineStipple)
 ( display      VL1_pnrblock         blank      solid      yellow     yellow     outline   )
 ( display      VL2_logic            wellp      lineStyle6 cadetBlue  cadetBlue  outlineStipple)
 ( display      VL2_mark             stipple1   dashed     cadetBlue  cadetBlue  outlineStipple)
 ( display      VL2_pnrblock         blank      solid      yellow     yellow     outline   )
 ( display      VL_bar               blank      solid      yellow     yellow     solid     )
 ( display      VL_drawing           blank      solid      orange     orange     X         )
 ( display      VL_lvs               blank      solid      yellow     yellow     outlineStipple)
 ( display      VL_mark              blank      solid      yellow     yellow     solid     )
 ( display      VL_nxp               blank      thickLine  orange     orange     X         )
 ( display      VL_opc               blank      solid      yellow     yellow     outlineStipple)
 ( display      VL_pnrblock          blank      solid      yellow     yellow     outline   )
 ( display      VNH_drawing          blank      solid      yellow     yellow     outline   )
 ( display      VNH_emb_flash        wellp      solid      cyan       cyan       outlineStipple)
 ( display      VNH_logic            blank      solid      yellow     yellow     outline   )
 ( display      VNH_mark             blank      solid      yellow     yellow     outline   )
 ( display      VNH_temb_flash       blank      solid      yellow     yellow     outline   )
 ( display      VNL_drawing          blank      solid      yellow     yellow     outlineStipple)
 ( display      VNL_logic            metal2S    solid      yellow     tan        outlineStipple)
 ( display      VNL_mark             blank      solid      yellow     yellow     outline   )
 ( display      VNN_drawing          stipple9   solid      gold       gold       outlineStipple)
 ( display      VNN_imagers          blank      solid      yellow     yellow     outline   )
 ( display      VNN_logic            stipple9   solid      gold       gold       outlineStipple)
 ( display      VNN_mark             wellp      solid      forest     forest     outlineStipple)
 ( display      VNN_mslits           triangle   solid      magenta    magenta    outline   )
 ( display      VNS_drawing          blank      solid      yellow     yellow     outlineStipple)
 ( display      VNS_mark             blank      solid      yellow     yellow     outlineStipple)
 ( display      VNS_v_bitcell        blank      solid      yellow     yellow     outline   )
 ( display      VPL_drawing          blank      solid      yellow     yellow     outlineStipple)
 ( display      VPL_logic            metal2S    solid      cadetBlue  cadetBlue  outlineStipple)
 ( display      VPL_mark             blank      solid      yellow     yellow     outline   )
 ( display      VTG_logic            metal2S    solid      yellow     whiteBlink outlineStipple)
 ( display      VTG_mark             blank      solid      yellow     yellow     outlineStipple)
 ( display      VTG_pix              triangle   solid      magenta    magenta    outline   )
 ( display      VTH2A_drawing        blank      solid      yellow     yellow     outline   )
 ( display      VTH2A_drc            blank      solid      yellow     yellow     outline   )
 ( display      VTH2A_logic          blank      solid      yellow     yellow     outline   )
 ( display      VTH2A_mark           blank      solid      yellow     yellow     outline   )
 ( display      VTH2A_tsl_drawing    blank      solid      yellow     yellow     outline   )
 ( display      VTH2A_tsl_logic      blank      solid      yellow     yellow     outline   )
 ( display      VTH2B_drawing        blank      solid      yellow     yellow     outline   )
 ( display      VTH2B_drc            blank      solid      yellow     yellow     outline   )
 ( display      VTH2B_logic          blank      solid      yellow     yellow     outline   )
 ( display      VTH2B_mark           blank      solid      yellow     yellow     outline   )
 ( display      VTH2B_tsl_drawing    blank      solid      yellow     yellow     outline   )
 ( display      VTH2B_tsl_logic      blank      solid      yellow     yellow     outline   )
 ( display      VTH3A_drawing        blank      solid      yellow     yellow     outline   )
 ( display      VTH3A_drc            blank      solid      yellow     yellow     outline   )
 ( display      VTH3A_logic          blank      solid      yellow     yellow     outline   )
 ( display      VTH3A_mark           blank      solid      yellow     yellow     outline   )
 ( display      VTH3A_tsl_drawing    blank      solid      yellow     yellow     outline   )
 ( display      VTH3A_tsl_logic      blank      solid      yellow     yellow     outline   )
 ( display      VTH3B_drawing        blank      solid      yellow     yellow     outline   )
 ( display      VTH3B_drc            blank      solid      yellow     yellow     outline   )
 ( display      VTH3B_logic          blank      solid      yellow     yellow     outline   )
 ( display      VTH3B_mark           blank      solid      yellow     yellow     outline   )
 ( display      VTH3B_tsl_drawing    blank      solid      yellow     yellow     outline   )
 ( display      VTH3B_tsl_logic      blank      solid      yellow     yellow     outline   )
 ( display      VTH6A_drawing        blank      solid      yellow     yellow     outline   )
 ( display      VTH6A_logic          blank      solid      yellow     yellow     outline   )
 ( display      VTH6A_mark           blank      solid      yellow     yellow     outline   )
 ( display      VTH6B_com_flash      pplusp     solid      yellow     yellow     outlineStipple)
 ( display      VTH6B_drawing        blank      solid      yellow     yellow     outline   )
 ( display      VTH6B_logic          blank      solid      yellow     yellow     outline   )
 ( display      VTH6B_mark           blank      solid      yellow     yellow     outline   )
 ( display      VT_BLK_com_flash     pplusp     lineStyle0 yellow     yellow     outlineStipple)
 ( display      VT_BLK_drawing       pplusp     solid      yellow     yellow     outlineStipple)
 ( display      VT_BLK_logic         pplusp     lineStyle6 yellow     yellow     outlineStipple)
 ( display      VT_BLK_mark          metal1S    lineStyle6 yellow     yellow     stipple   )
 ( display      VT_N_com_flash       blank      solid      yellow     yellow     outline   )
 ( display      VW1_auto_ut          stipple5   thickLine  yellow     yellow     outlineStipple)
 ( display      VW1_drawing          blank      lineStyle2 magenta    magenta    X         )
 ( display      VW1_lvs              stipple1   lineStyle0 yellow     yellow     outlineStipple)
 ( display      VW1_mark             metal1S    lineStyle6 yellow     yellow     stipple   )
 ( display      VW1_opc              stipple14  lineStyle0 yellow     yellow     outlineStipple)
 ( display      VW1_pnrblock         wellp      lineStyle6 yellow     yellow     outlineStipple)
 ( display      VWG_cis_array        triangle   solid      magenta    magenta    outline   )
 ( display      VWG_logic            blank      solid      yellow     yellow     outline   )
 ( display      VWG_mark             blank      solid      yellow     yellow     outline   )
 ( display      VWL_auto_ut          dot2       dashed     yellow     yellow     stipple   )
 ( display      VWL_drawing          blank      thickLine  orange     orange     X         )
 ( display      VWL_lvs              hLine      dashed     yellow     yellow     stipple   )
 ( display      VWL_mark             stipple8   lineStyle6 yellow     yellow     outlineStipple)
 ( display      VWL_opc              stipple5   lineStyle2 yellow     yellow     stipple   )
 ( display      VWL_pnrblock         stipple1   lineStyle2 yellow     yellow     stipple   )
 ( display      Via10_boundary       cross      solid      green      green      outlineStipple)
 ( display      Via10_drawing        solid      solid      green      green      solid     )
 ( display      Via10_fill           solid      solid      green      green      solid     )
 ( display      Via10_fillBlk        solid      solid      green      green      solid     )
 ( display      Via10_fillOPC        solid      solid      green      green      solid     )
 ( display      Via10_gapFill        solid      solid      green      green      solid     )
 ( display      Via10_net            dots       solid      green      green      outlineStipple)
 ( display      Via10_pin            dots1      solid      green      green      outlineStipple)
 ( display      Via10_routeBlk       solid      solid      green      green      solid     )
 ( display      Via10_slot           solid      solid      green      green      solid     )
 ( display      Via10_slotBlk        solid      solid      green      green      solid     )
 ( display      Via10_track          solid      solid      green      green      solid     )
 ( display      Via10_viaBlk         solid      solid      green      green      solid     )
 ( display      Via1_boundary        cross      solid      cyan       cyan       outlineStipple)
 ( display      Via1_drawing         solid      solid      cyan       cyan       solid     )
 ( display      Via1_fill            solid      thickLine  cadetBlue  cadetBlue  solid     )
 ( display      Via1_fillBlk         solid      solid      cyan       cyan       solid     )
 ( display      Via1_fillOPC         solid      thickLine  cadetBlue  cadetBlue  solid     )
 ( display      Via1_gapFill         solid      thickLine  cadetBlue  cadetBlue  solid     )
 ( display      Via1_net             dots       solid      cyan       cyan       outlineStipple)
 ( display      Via1_pin             dots1      solid      cyan       cyan       outlineStipple)
 ( display      Via1_routeBlk        solid      solid      cyan       cyan       solid     )
 ( display      Via1_slot            solid      thickLine  cadetBlue  cadetBlue  solid     )
 ( display      Via1_slotBlk         solid      solid      cyan       cyan       solid     )
 ( display      Via1_track           solid      solid      cyan       cyan       solid     )
 ( display      Via1_viaBlk          solid      solid      cyan       cyan       solid     )
 ( display      Via2_boundary        cross      solid      cyan       cyan       outlineStipple)
 ( display      Via2_drawing         solid      solid      cyan       cyan       solid     )
 ( display      Via2_fill            solid      solid      orange     orange     outlineStipple)
 ( display      Via2_fillBlk         solid      solid      cyan       cyan       solid     )
 ( display      Via2_fillOPC         solid      solid      orange     orange     outlineStipple)
 ( display      Via2_gapFill         solid      solid      orange     orange     outlineStipple)
 ( display      Via2_net             dots       solid      cyan       cyan       outlineStipple)
 ( display      Via2_pin             dots1      solid      cyan       cyan       outlineStipple)
 ( display      Via2_routeBlk        solid      solid      cyan       cyan       solid     )
 ( display      Via2_slot            solid      solid      orange     orange     outlineStipple)
 ( display      Via2_slotBlk         solid      solid      cyan       cyan       solid     )
 ( display      Via2_track           solid      solid      cyan       cyan       solid     )
 ( display      Via2_viaBlk          solid      solid      cyan       cyan       solid     )
 ( display      Via3_boundary        cross      solid      cyan       cyan       outlineStipple)
 ( display      Via3_drawing         solid      solid      cyan       cyan       solid     )
 ( display      Via3_fill            solid      thickLine  purple     purple     solid     )
 ( display      Via3_fillBlk         solid      solid      cyan       cyan       solid     )
 ( display      Via3_fillOPC         solid      thickLine  purple     purple     solid     )
 ( display      Via3_gapFill         solid      thickLine  purple     purple     solid     )
 ( display      Via3_net             dots       solid      cyan       cyan       outlineStipple)
 ( display      Via3_pin             dots1      solid      cyan       cyan       outlineStipple)
 ( display      Via3_routeBlk        solid      solid      cyan       cyan       solid     )
 ( display      Via3_slot            solid      thickLine  purple     purple     solid     )
 ( display      Via3_slotBlk         solid      solid      cyan       cyan       solid     )
 ( display      Via3_track           solid      solid      cyan       cyan       solid     )
 ( display      Via3_viaBlk          solid      solid      cyan       cyan       solid     )
 ( display      Via4_boundary        cross      solid      cyan       cyan       outlineStipple)
 ( display      Via4_drawing         solid      solid      cyan       cyan       solid     )
 ( display      Via4_fill            solid      thickLine  chocolate  chocolate  solid     )
 ( display      Via4_fillBlk         solid      solid      cyan       cyan       solid     )
 ( display      Via4_fillOPC         solid      thickLine  chocolate  chocolate  solid     )
 ( display      Via4_gapFill         solid      thickLine  chocolate  chocolate  solid     )
 ( display      Via4_net             dots       solid      cyan       cyan       outlineStipple)
 ( display      Via4_pin             dots1      solid      cyan       cyan       outlineStipple)
 ( display      Via4_routeBlk        solid      solid      cyan       cyan       solid     )
 ( display      Via4_slot            solid      thickLine  chocolate  chocolate  solid     )
 ( display      Via4_slotBlk         solid      solid      cyan       cyan       solid     )
 ( display      Via4_track           solid      solid      cyan       cyan       solid     )
 ( display      Via4_viaBlk          solid      solid      cyan       cyan       solid     )
 ( display      Via5_boundary        cross      solid      cyan       cyan       outlineStipple)
 ( display      Via5_drawing         solid      solid      cyan       cyan       solid     )
 ( display      Via5_fill            solid      thickLine  cyan       cyan       solid     )
 ( display      Via5_fillBlk         solid      solid      cyan       cyan       solid     )
 ( display      Via5_fillOPC         solid      thickLine  cyan       cyan       solid     )
 ( display      Via5_gapFill         solid      thickLine  cyan       cyan       solid     )
 ( display      Via5_net             dots       solid      cyan       cyan       outlineStipple)
 ( display      Via5_pin             dots1      solid      cyan       cyan       outlineStipple)
 ( display      Via5_routeBlk        solid      solid      cyan       cyan       solid     )
 ( display      Via5_slot            solid      thickLine  cyan       cyan       solid     )
 ( display      Via5_slotBlk         solid      solid      cyan       cyan       solid     )
 ( display      Via5_track           solid      solid      cyan       cyan       solid     )
 ( display      Via5_viaBlk          solid      solid      cyan       cyan       solid     )
 ( display      Via6_boundary        cross      solid      cyan       cyan       outlineStipple)
 ( display      Via6_drawing         solid      solid      cyan       cyan       solid     )
 ( display      Via6_fill            solid      solid      cyan       cyan       solid     )
 ( display      Via6_fillBlk         solid      solid      cyan       cyan       solid     )
 ( display      Via6_fillOPC         solid      solid      cyan       cyan       solid     )
 ( display      Via6_gapFill         solid      solid      cyan       cyan       solid     )
 ( display      Via6_net             dots       solid      cyan       cyan       outlineStipple)
 ( display      Via6_pin             dots1      solid      cyan       cyan       outlineStipple)
 ( display      Via6_routeBlk        solid      solid      cyan       cyan       solid     )
 ( display      Via6_slot            solid      solid      cyan       cyan       solid     )
 ( display      Via6_slotBlk         solid      solid      cyan       cyan       solid     )
 ( display      Via6_track           solid      solid      cyan       cyan       solid     )
 ( display      Via6_viaBlk          solid      solid      cyan       cyan       solid     )
 ( display      Via7_boundary        cross      solid      cyan       cyan       outlineStipple)
 ( display      Via7_drawing         solid      solid      cyan       cyan       solid     )
 ( display      Via7_fill            solid      solid      cyan       cyan       solid     )
 ( display      Via7_fillBlk         solid      solid      cyan       cyan       solid     )
 ( display      Via7_fillOPC         solid      solid      cyan       cyan       solid     )
 ( display      Via7_gapFill         solid      solid      cyan       cyan       solid     )
 ( display      Via7_net             dots       solid      cyan       cyan       outlineStipple)
 ( display      Via7_pin             dots1      solid      cyan       cyan       outlineStipple)
 ( display      Via7_routeBlk        solid      solid      cyan       cyan       solid     )
 ( display      Via7_slot            solid      solid      cyan       cyan       solid     )
 ( display      Via7_slotBlk         solid      solid      cyan       cyan       solid     )
 ( display      Via7_track           solid      solid      cyan       cyan       solid     )
 ( display      Via7_viaBlk          solid      solid      cyan       cyan       solid     )
 ( display      Via8_boundary        cross      solid      cyan       cyan       outlineStipple)
 ( display      Via8_drawing         solid      solid      cyan       cyan       solid     )
 ( display      Via8_fill            solid      solid      cyan       cyan       solid     )
 ( display      Via8_fillBlk         solid      solid      cyan       cyan       solid     )
 ( display      Via8_fillOPC         solid      solid      cyan       cyan       solid     )
 ( display      Via8_gapFill         solid      solid      cyan       cyan       solid     )
 ( display      Via8_net             dots       solid      cyan       cyan       outlineStipple)
 ( display      Via8_pin             dots1      solid      cyan       cyan       outlineStipple)
 ( display      Via8_routeBlk        solid      solid      cyan       cyan       solid     )
 ( display      Via8_slot            solid      solid      cyan       cyan       solid     )
 ( display      Via8_slotBlk         solid      solid      cyan       cyan       solid     )
 ( display      Via8_track           solid      solid      cyan       cyan       solid     )
 ( display      Via8_viaBlk          solid      solid      cyan       cyan       solid     )
 ( display      Via9_boundary        cross      solid      brown      brown      outlineStipple)
 ( display      Via9_drawing         solid      solid      brown      brown      solid     )
 ( display      Via9_fill            solid      solid      brown      brown      solid     )
 ( display      Via9_fillBlk         solid      solid      brown      brown      solid     )
 ( display      Via9_fillOPC         solid      solid      brown      brown      solid     )
 ( display      Via9_gapFill         solid      solid      brown      brown      solid     )
 ( display      Via9_net             dots       solid      brown      brown      outlineStipple)
 ( display      Via9_pin             dots1      solid      brown      brown      outlineStipple)
 ( display      Via9_routeBlk        solid      solid      brown      brown      solid     )
 ( display      Via9_slot            solid      solid      brown      brown      solid     )
 ( display      Via9_slotBlk         solid      solid      brown      brown      solid     )
 ( display      Via9_track           solid      solid      brown      brown      solid     )
 ( display      Via9_viaBlk          solid      solid      brown      brown      solid     )
 ( display      Vt_Blk               blank      solid      yellow     yellow     outline   )
 ( display      Vt_Blk_com_flash     blank      solid      yellow     yellow     outline   )
 ( display      W1_drawing           blank      solid      yellow     yellow     outline   )
 ( display      W1_logic             blank      solid      yellow     yellow     outline   )
 ( display      W1_mark              blank      solid      yellow     yellow     outline   )
 ( display      W1_temb_flash        blank      solid      yellow     yellow     outline   )
 ( display      W2_drawing           blank      solid      yellow     yellow     outline   )
 ( display      W2_logic             blank      solid      yellow     yellow     outline   )
 ( display      W2_mark              blank      solid      yellow     yellow     outline   )
 ( display      W2_temb_flash        blank      solid      yellow     yellow     outline   )
 ( display      W3_drawing           blank      solid      yellow     yellow     outline   )
 ( display      W3_logic             blank      solid      yellow     yellow     outline   )
 ( display      W3_mark              blank      solid      yellow     yellow     outline   )
 ( display      W3_temb_flash        blank      solid      yellow     yellow     outline   )
 ( display      W4_drawing           blank      solid      yellow     yellow     outline   )
 ( display      W4_logic             blank      solid      yellow     yellow     outline   )
 ( display      W4_mark              blank      solid      yellow     yellow     outline   )
 ( display      W4_temb_flash        blank      solid      yellow     yellow     outline   )
 ( display      WBD_drawing          triangle   solid      magenta    magenta    outline   )
 ( display      WB_com_flash         dot2       solid      maroon     maroon     outlineStipple)
 ( display      WB_drawing           dot2       solid      red        red        outlineStipple)
 ( display      WB_logic             dot2       solid      red        red        outlineStipple)
 ( display      WB_mark              blank      solid      green      red        outline   )
 ( display      WB_temb_flash        blank      solid      yellow     yellow     outline   )
 ( display      WIN_1                stipple2   lineStyle0 blue       blue       outlineStipple)
 ( display      WIN_2                stipple5   lineStyle0 cream      cream      outlineStipple)
 ( display      WL_drawing           blank      solid      yellow     yellow     outline   )
 ( display      WL_emb_flash         blank      solid      yellow     yellow     outline   )
 ( display      WL_logic             blank      solid      yellow     yellow     outline   )
 ( display      WL_mark              blank      solid      yellow     yellow     outline   )
 ( display      WM_drawing           blank      solid      yellow     yellow     outline   )
 ( display      WM_emb_flash         pplusp     solid      tan        tan        outlineStipple)
 ( display      WM_logic             grid       solid      gray       gray       outlineStipple)
 ( display      WM_mark              blank      solid      yellow     yellow     outlineStipple)
 ( display      WM_temb_flash        blank      solid      yellow     yellow     outlineStipple)
 ( display      WN1_drawing          blank      solid      yellow     yellow     outline   )
 ( display      WN1_logic            blank      solid      yellow     yellow     outline   )
 ( display      WN1_mark             blank      solid      yellow     yellow     outline   )
 ( display      WN2_drawing          blank      solid      yellow     yellow     outline   )
 ( display      WN2_logic            blank      solid      yellow     yellow     outline   )
 ( display      WN2_mark             blank      solid      yellow     yellow     outline   )
 ( display      WNH_drawing          blank      solid      yellow     yellow     outline   )
 ( display      WNH_logic            stipple15  solid      forest1    forest1    outlineStipple)
 ( display      WNH_mark             blank      solid      yellow     yellow     outlineStipple)
 ( display      WNL_drawing          stipple9   lineStyle1 pink       pink       outlineStipple)
 ( display      WNL_logic            stipple9   lineStyle1 pink       pink       outlineStipple)
 ( display      WNL_mark             blank      solid      yellow     yellow     outline   )
 ( display      WNV_drawing          blank      solid      yellow     yellow     outline   )
 ( display      WNV_emb_flash        vCurb      solid      green      green      outlineStipple)
 ( display      WNV_logic            dot2       solid      blue1      blue1      outlineStipple)
 ( display      WNV_mark             blank      solid      yellow     yellow     outlineStipple)
 ( display      WNV_temb_flash       vCurb      solid      green      green      outlineStipple)
 ( display      WN_dio               blank      solid      yellow     yellow     outline   )
 ( display      WN_drawing           viap       lineStyle0 magenta    magenta    outlineStipple)
 ( display      WN_drc               blank      solid      yellow     yellow     outline   )
 ( display      WN_label             blank      solid      yellow     yellow     outlineStipple)
 ( display      WN_ldmos             blank      solid      yellow     yellow     outline   )
 ( display      WN_logic             viap       lineStyle0 magenta    magenta    outlineStipple)
 ( display      WN_mark              blank      solid      yellow     yellow     outline   )
 ( display      WN_mdp               blank      solid      yellow     yellow     outlineStipple)
 ( display      WN_opc               dot1       dashed     pink       pink       outline   )
 ( display      WN_tsl_drawing       dot3       lineStyle0 magenta    magenta    outlineStipple)
 ( display      WN_tsl_logic         dot3       lineStyle0 magenta    magenta    outlineStipple)
 ( display      WN_vss               stipple8   dashed     silver     silver     outlineStipple)
 ( display      WP1_drawing          blank      solid      yellow     yellow     outline   )
 ( display      WP1_logic            blank      solid      yellow     yellow     outline   )
 ( display      WP1_mark             blank      solid      yellow     yellow     outline   )
 ( display      WP2_drawing          blank      solid      yellow     yellow     outline   )
 ( display      WP2_logic            blank      solid      yellow     yellow     outline   )
 ( display      WP2_mark             blank      solid      yellow     yellow     outline   )
 ( display      WPA_drawing          blank      solid      yellow     yellow     outlineStipple)
 ( display      WPA_logic            blank      solid      yellow     yellow     outlineStipple)
 ( display      WPA_mark             blank      solid      yellow     yellow     outline   )
 ( display      WPD_drawing          stipple0   dashed     yellow     yellow     stipple   )
 ( display      WPD_logic            stipple0   dashed     yellow     yellow     stipple   )
 ( display      WPD_mark             stipple14  lineStyle6 yellow     yellow     outlineStipple)
 ( display      WPH_drawing          blank      solid      yellow     yellow     outline   )
 ( display      WPH_emb_flash        blank      solid      yellow     yellow     outlineStipple)
 ( display      WPH_logic            dot1       solid      cyan       cyan       outlineStipple)
 ( display      WPH_mark             blank      solid      yellow     yellow     outlineStipple)
 ( display      WPL_drawing          dots1      lineStyle1 tan        tan        outlineStipple)
 ( display      WPL_logic            dots1      lineStyle1 tan        tan        outlineStipple)
 ( display      WPL_mark             blank      solid      yellow     yellow     outline   )
 ( display      WPV_drawing          blank      solid      yellow     yellow     outline   )
 ( display      WPV_emb_flash        viap       lineStyle0 magenta    magenta    outlineStipple)
 ( display      WPV_logic            dots1      solid      blinkYellow blinkYellow outlineStipple)
 ( display      WPV_mark             blank      solid      yellow     yellow     outline   )
 ( display      WPV_temb_flash       blank      solid      yellow     yellow     outlineStipple)
 ( display      WP_cap               blank      solid      yellow     yellow     outline   )
 ( display      WP_drawing           blank      lineStyle0 green      green      outline   )
 ( display      WP_imagers           blank      solid      yellow     yellow     outline   )
 ( display      WP_logic             blank      lineStyle0 green      green      outline   )
 ( display      WP_mark              dot2       lineStyle6 cyan       green      outlineStipple)
 ( display      WP_pix               wellp      thickLine  yellow     yellow     outlineStipple)
 ( display      WP_tsl_drawing       blank      lineStyle0 green      green      outline   )
 ( display      WP_tsl_logic         blank      lineStyle0 green      green      outline   )
 ( display      WT2_drawing          triangle   solid      magenta    magenta    outline   )
 ( display      WTN_dio              stipple1   lineStyle0 pinki      pinki      outlineStipple)
 ( display      WTN_drawing          stipple0   lineStyle0 pinki      pinki      stipple   )
 ( display      WTN_drc              wellp      lineStyle6 pinki      pinki      outlineStipple)
 ( display      WTN_label            stipple14  lineStyle0 pinki      pinki      outlineStipple)
 ( display      WTN_ldmos            blank      dashed     pinki      pinki      outlineStipple)
 ( display      WTN_logic            stipple0   lineStyle0 pinki      pinki      stipple   )
 ( display      WTN_mark             blank      lineStyle2 pinki      pinki      outlineStipple)
 ( display      WTN_mslits           triangle   solid      magenta    magenta    outline   )
 ( display      WTN_tap              dot2       dashed     pinki      pinki      outlineStipple)
 ( display      WTN_vddf             stipple0   lineStyle0 pinki      pinki      outlineStipple)
 ( display      WTN_vss              stipple0   lineStyle9 pinki      pinki      outlineStipple)
 ( display      WTP_dio              stipple1   lineStyle0 blue       blue       outlineStipple)
 ( display      WTP_drawing          stipple0   lineStyle0 blue       blue       outline   )
 ( display      WTP_drc              wellp      lineStyle0 blue       blue       outlineStipple)
 ( display      WTP_label            stipple14  lineStyle0 blue       blue       outlineStipple)
 ( display      WTP_ldmos            blank      thickLine  blue       blue       outlineStipple)
 ( display      WTP_logic            stipple0   lineStyle0 blue       blue       stipple   )
 ( display      WTP_mark             blank      line_w2    blue       blue       outlineStipple)
 ( display      WTP_mslits           triangle   solid      magenta    magenta    outline   )
 ( display      WTP_tap              dot2       dashed     blue       blue       outlineStipple)
 ( display      WTP_vddf             stipple0   lineStyle0 blue       blue       outlineStipple)
 ( display      WTP_vss              stipple0   lineStyle9 blue       blue       outlineStipple)
 ( display      WellBody             blank      solid      white      white      outline   )
 ( display      Wline_drawing        blank      solid      yellow     yellow     outline   )
 ( display      Wline_emb_flash      stipple20  solid      lime       lime       outlineStipple)
 ( display      Wline_logic          blank      solid      yellow     yellow     outlineStipple)
 ( display      Wline_mark           blank      solid      yellow     yellow     outlineStipple)
 ( display      Wline_temb_flash     blank      solid      yellow     yellow     outlineStipple)
 ( display      XN_drawing           metal2S    lineStyle0 winColor4  winColor4  outlineStipple)
 ( display      XN_emb_flash         metal2S    solid      winColor4  winColor4  outlineStipple)
 ( display      XN_imagers           blank      solid      yellow     yellow     outline   )
 ( display      XN_logic             metal2S    lineStyle0 winColor4  winColor4  outlineStipple)
 ( display      XN_mark              blank      solid      yellow     yellow     outline   )
 ( display      XN_tsl_drawing       viap       lineStyle0 winColor4  winColor4  outlineStipple)
 ( display      XN_tsl_logic         viap       lineStyle0 winColor4  winColor4  outlineStipple)
 ( display      XP_drawing           metal2S    lineStyle0 forest     forest     outlineStipple)
 ( display      XP_emb_flash         metal2S    solid      forest     forest     outlineStipple)
 ( display      XP_logic             metal2S    lineStyle0 forest     forest     outlineStipple)
 ( display      XP_mark              blank      solid      yellow     yellow     outline   )
 ( display      XP_tsl_drawing       metal2S    line_w2    green      green      outlineStipple)
 ( display      XP_tsl_logic         metal2S    line_w2    green      green      outlineStipple)
 ( display      ZERO                 stipple1   lineStyle0 violet     blue       outlineStipple)
 ( display      Zero_logic           blank      solid      yellow     yellow     outlineStipple)
 ( display      Zero_mark            blank      solid      yellow     yellow     outlineStipple)
 ( display      align                stipple0   solid      tan        tan        solid     )
 ( display      analog               blank      thickLine  chocolate  chocolate  outline   )
 ( display      annotate             stipple4   solid      red        white      outlineStipple)
 ( display      annotate1            stipple1   solid      yellow     white      outlineStipple)
 ( display      annotate2            blank      dashed     purple     purple     outline   )
 ( display      annotate3            blank      shortDash  white      white      outline   )
 ( display      annotate4            blank      thickLine  white      white      outline   )
 ( display      annotate5            blank      dashed     white      white      outline   )
 ( display      annotate6            blank      solid      silver     silver     outline   )
 ( display      annotate7            blank      thickLine  pink       pink       outline   )
 ( display      annotate8            blank      thickLine  tan        tan        outline   )
 ( display      annotate9            blank      solid      green      green      outline   )
 ( display      annotatedash         dots       dashed     white      white      outline   )
 ( display      area                 blank      solid      tan        tan        outline   )
 ( display      assemblyBoundary     blank      solid      yellow     yellow     outline   )
 ( display      axis                 stipple0   solid      slate      slate      solid     )
 ( display      background           stipple1   lineStyle0 black      black      outlineStipple)
 ( display      beginGenericLayer    blank      solid      yellow     yellow     outline   )
 ( display      black                solid      solid      black      black      outline   )
 ( display      blackSolid           solid      solid      black      black      solid     )
 ( display      blacksolid_S         stipple1   lineStyle0 black      black      solid     )
 ( display      blue                 blank      solid      blue       blue       outline   )
 ( display      blueDashed           blank      solid      blue       blue       outline   )
 ( display      blueMetal1S          metal1S    solid      blue       blue       outlineStipple)
 ( display      bluelineStyle0_L     blank      solid      gray8      gray8      outline   )
 ( display      bluelineStyle18_L    stipple3   thickLine  purple     cream      outlineStipple)
 ( display      bluelineStyle7_L     blank      solid      purple     purple     outlineStipple)
 ( display      bluelineStyle8_L     vcc1S      thickLine  gray8      cream      outlineStipple)
 ( display      bluelineStyle9_L     blank      solid      purple     purple     solid     )
 ( display      bluestipple7lineStyle0 gnd2S      solid      cadetBlue  cadetBlue  outlineStipple)
 ( display      bluestipple7lineStyle8 gnd2S      thickLine  violet     cream      outlineStipple)
 ( display      bluestipple8lineStyle0 gnd2S      thickLine  cadetBlue  cream      outlineStipple)
 ( display      bluevZigZag          vZigZag    solid      blue       blue       outlineStipple)
 ( display      border               stipple0   solid      tan        tan        solid     )
 ( display      brown                blank      solid      brown      brown      outline   )
 ( display      brownDashed          blank      dashed     brown      brown      outline   )
 ( display      brownSolid           solid      solid      brown      brown      solid     )
 ( display      cadetBlueSolid       solid      solid      cadetBlue  cadetBlue  solid     )
 ( display      capacit              stipple0   lineStyle0 cream      cream      solid     )
 ( display      cell_bnd             blank      lineStyle8 cream      cream      outline   )
 ( display      cell_txt             stipple0   lineStyle0 yellow     yellow     solid     )
 ( display      changedLayerTl0      stipple0   solid      red        red        solid     )
 ( display      changedLayerTl1      stipple0   solid      yellow     yellow     solid     )
 ( display      charcoalSolid        solid      solid      charcoal   charcoal   solid     )
 ( display      chocolatelineStyle0_L blank      solid      silver     silver     solid     )
 ( display      chocolatelineStyle8_L vcc1S      thickLine  cream      cream      outlineStipple)
 ( display      chocolatethickLine1_L metal2S    thickLine  cream      cream      outlineStipple)
 ( display      chocolatethickLine_L metal2S    doubleDash silver     silver     outlineStipple)
 ( display      chocolatethickLinei1_L metal2S    thickLine  silver     cream      outlineStipple)
 ( display      claySolid            solid      solid      clay       clay       solid     )
 ( display      cream                blank      solid      cream      cream      outline   )
 ( display      creamThickLine       blank      thickLine  cream      cream      outline   )
 ( display      creamXlineStyle8     vCurb      thickLine  forest     cream      outlineStipple)
 ( display      creamdashed          contp      thickLine  magenta    cream      outlineStipple)
 ( display      creamdashed8_L       vcc1S      thickLine  pink       cream      outlineStipple)
 ( display      creamdashed_L        dot3       solid      pink       magenta    outlineStipple)
 ( display      creamlineStyle0_L    blank      solid      lime       lime       solid     )
 ( display      creamlineStyle7_L    blank      solid      lime       lime       solid     )
 ( display      creamlineStyle9_L    blank      solid      lime       yellow     solid     )
 ( display      creamthick8Line_L    grid       thickLine  yellow     cream      outlineStipple)
 ( display      creamthickLine8      grid       thickLine  yellow     cream      outlineStipple)
 ( display      creamthickLine_L     grid       solid      yellow     lime       outlineStipple)
 ( display      cw                   solid      thickLine  yellow     yellow     solid     )
 ( display      cwBnd                cross      solid      yellow     yellow     outlineStipple)
 ( display      cwNet                cross      solid      yellow     yellow     outlineStipple)
 ( display      cwPin                cross      solid      white      white      outlineStipple)
 ( display      cw_net               solid      thickLine  white      white      solid     )
 ( display      cyan                 blank      solid      cyan       cyan       outline   )
 ( display      cyanPplusp           pplusp     solid      cyan       cyan       outlineStipple)
 ( display      cyanSolid            solid      solid      cyan       cyan       solid     )
 ( display      cyanThickLine        blank      thickLine  cyan       cyan       outline   )
 ( display      cyanXlineStyle0      blank      lineStyle6 white      white      outline   )
 ( display      cyanXlineStyle8      dot3       lineStyle6 white      cream      outlineStipple)
 ( display      cyanlineStyle0_L     blank      solid      tan        tan        solid     )
 ( display      cyanlineStyle4_L     stipple14  lineStyle4 orange     orange     outlineStipple)
 ( display      cyanlineStyle7_L     blank      solid      blue       blue       solid     )
 ( display      cyanlineStyle8_L     stipple14  thickLine  orange     cream      outlineStipple)
 ( display      cyanlineStyle9_L     blank      solid      tan        tan        solid     )
 ( display      defaultPacket        triangle   solid      magenta    magenta    outlineStipple)
 ( display      designFlow           stipple1   lineStyle0 green      green      outlineStipple)
 ( display      designFlow1          stipple1   lineStyle0 red        red        outlineStipple)
 ( display      designFlow2          stipple1   lineStyle0 purple     purple     outlineStipple)
 ( display      designFlow3          stipple1   lineStyle0 pink       pink       outlineStipple)
 ( display      designFlow4          stipple1   lineStyle0 black      black      outlineStipple)
 ( display      designFlow5          stipple1   lineStyle0 silver     silver     outlineStipple)
 ( display      designFlow6          stipple1   lineStyle0 tan        tan        outlineStipple)
 ( display      designFlow7          stipple1   lineStyle0 cyan       cyan       outlineStipple)
 ( display      designFlow8          stipple1   lineStyle0 navy       navy       outlineStipple)
 ( display      designFlow9          stipple1   lineStyle0 orange     orange     outlineStipple)
 ( display      device               blank      solid      green      green      outline   )
 ( display      device1              stipple1   lineStyle0 green      green      outlineStipple)
 ( display      device2              stipple0   dashed     green      green      solid     )
 ( display      deviceAnt            stipple0   solid      yellow     yellow     solid     )
 ( display      deviceLbl            stipple0   solid      green      green      solid     )
 ( display      drc_win              stipple0   lineStyle0 cream      cream      solid     )
 ( display      drc_win1             stipple0   lineStyle0 cream      cream      solid     )
 ( display      drc_win2             stipple0   lineStyle0 cream      cream      solid     )
 ( display      drc_win3             stipple0   lineStyle0 cream      cream      solid     )
 ( display      drcerr               stipple0   lineStyle0 orange     orange     solid     )
 ( display      drill                blank      solid      yellow     yellow     outline   )
 ( display      drive                stipple0   solid      blue       blue       solid     )
 ( display      dummy                blank      lineStyle0 violet     violet     outline   )
 ( display      dummyM1              blank      lineStyle0 green      gray4      outline   )
 ( display      dynamicHighlightCurrent blank      solid      magenta    magenta    outline   )
 ( display      dynamicHighlightMemNet blank      solid      cadetBlue  cadetBlue  outline   )
 ( display      dynamicHighlightModified blank      solid      orange     orange     outline   )
 ( display      dynamicHighlightPre  blank      solid      magenta    magenta    outline   )
 ( display      dynamicHilight       blank      DHDashed   yellow     yellow     outline   )
 ( display      edgeLayer            stipple0   solid      gray       gray       solid     )
 ( display      edgeLayerPin         stipple0   solid      yellow     yellow     solid     )
 ( display      emeraldgrnXlineStyle0 hCurb      solid      lime       lime       outlineStipple)
 ( display      emeraldgrnXlineStyle8 hCurb      thickLine  lime       cream      outlineStipple)
 ( display      emeraldgrnstipple6lineStyle0 cross      solid      winColor5  winColor5  outlineStipple)
 ( display      emeraldgrnstipple6lineStyle8 x          thickLine  winColor5  cream      outlineStipple)
 ( display      emeraldgrnstipple8lineStyle0 x          thickLine  winColor5  cream      outlineStipple)
 ( display      endGenericLayer      blank      solid      yellow     yellow     outline   )
 ( display      esddum               blank      lineStyle2 white      white      outline   )
 ( display      fd_m1_prt            stipple0   lineStyle1 violet     violet     solid     )
 ( display      fd_m2_prt            stipple0   lineStyle1 winColor3  winColor3  solid     )
 ( display      fd_m3                stipple0   lineStyle1 tan        tan        solid     )
 ( display      fd_m3_prt            stipple0   lineStyle1 tan        tan        solid     )
 ( display      fd_txt               stipple0   lineStyle0 winColor5  winColor5  solid     )
 ( display      fd_via               stipple0   lineStyle1 pink       pink       solid     )
 ( display      fd_via2              stipple0   lineStyle1 white      white      solid     )
 ( display      filler               blank      thickLine  chocolate  chocolate  outline   )
 ( display      forest               blank      solid      forest     forest     outline   )
 ( display      forestSolid          solid      solid      forest     forest     solid     )
 ( display      forestVline          vLine      solid      forest     forest     outlineStipple)
 ( display      forestlineStyle0_L   blank      solid      winColor5  winColor5  solid     )
 ( display      forestlineStyle6_L   blank      solid      yellow     yellow     solid     )
 ( display      forestlineStyle7_L   blank      solid      pink       pink       solid     )
 ( display      forestlineStyle9_L   blank      solid      winColor5  winColor5  solid     )
 ( display      forestlineStyler7_L  blank      solid      cream      cream      solid     )
 ( display      foreststipple27lineStyle0 stipple8   lineStyle0 tan        tan        outlineStipple)
 ( display      foreststipple27lineStyle1 blank      solid      yellow     yellow     solid     )
 ( display      foreststipple27lineStyle2 blank      solid      yellow     yellow     solid     )
 ( display      foreststipple27lineStyle3 blank      solid      magenta    magenta    outline   )
 ( display      foreststipple27lineStyle4 blank      solid      yellow     yellow     solid     )
 ( display      foreststipple27lineStyle8 vcc1S      thickLine  cream      cream      outlineStipple)
 ( display      foreststipple28lineStyle0 stipple6   thickLine  tan        cream      outlineStipple)
 ( display      fuse                 blank      thickLine  chocolate  chocolate  outline   )
 ( display      gateTxtSc            stipple0   lineStyle0 cream      cream      solid     )
 ( display      gate_txt             stipple0   lineStyle0 tan        tan        solid     )
 ( display      ge_glyph_black       solid      solid      black      black      outlineStipple)
 ( display      ge_glyph_blinkRed    solid      solid      blinkRed   blinkRed   outlineStipple)
 ( display      ge_glyph_blinkWhite  solid      solid      blinkWhite blinkWhite outlineStipple)
 ( display      ge_glyph_blinkYellow solid      solid      blinkYellow blinkYellow outlineStipple)
 ( display      ge_glyph_blue        solid      solid      blue       blue       outlineStipple)
 ( display      ge_glyph_blue1       solid      solid      blue1      blue1      outlineStipple)
 ( display      ge_glyph_blueB       solid      solid      blueB      blueB      outlineStipple)
 ( display      ge_glyph_brown       solid      solid      brown      brown      outlineStipple)
 ( display      ge_glyph_brownB      solid      solid      brownB     brownB     outlineStipple)
 ( display      ge_glyph_cadetBlue   solid      solid      cadetBlue  cadetBlue  outlineStipple)
 ( display      ge_glyph_charcoal    solid      solid      charcoal   charcoal   outlineStipple)
 ( display      ge_glyph_chocolate   solid      solid      chocolate  chocolate  outlineStipple)
 ( display      ge_glyph_clay        solid      solid      clay       clay       outlineStipple)
 ( display      ge_glyph_cream       solid      solid      cream      cream      outlineStipple)
 ( display      ge_glyph_cyan        solid      solid      cyan       cyan       outlineStipple)
 ( display      ge_glyph_forest      solid      solid      forest     forest     outlineStipple)
 ( display      ge_glyph_forest1     solid      solid      forest1    forest1    outlineStipple)
 ( display      ge_glyph_gold        solid      solid      gold       gold       outlineStipple)
 ( display      ge_glyph_goldB       solid      solid      goldB      goldB      outlineStipple)
 ( display      ge_glyph_gray        solid      solid      gray       gray       outlineStipple)
 ( display      ge_glyph_gray3       solid      solid      gray3      gray3      outlineStipple)
 ( display      ge_glyph_gray4       solid      solid      gray4      gray4      outlineStipple)
 ( display      ge_glyph_gray5       solid      solid      gray5      gray5      outlineStipple)
 ( display      ge_glyph_gray6       solid      solid      gray6      gray6      outlineStipple)
 ( display      ge_glyph_gray7       solid      solid      gray7      gray7      outlineStipple)
 ( display      ge_glyph_gray8       solid      solid      gray8      gray8      outlineStipple)
 ( display      ge_glyph_grayB       solid      solid      grayB      grayB      outlineStipple)
 ( display      ge_glyph_grayBlink   solid      solid      grayBlink  grayBlink  outlineStipple)
 ( display      ge_glyph_green       solid      solid      green      green      outlineStipple)
 ( display      ge_glyph_greenB      solid      solid      greenB     greenB     outlineStipple)
 ( display      ge_glyph_joy1        solid      solid      joy1       joy1       outlineStipple)
 ( display      ge_glyph_lime        solid      solid      lime       lime       outlineStipple)
 ( display      ge_glyph_magenta     solid      solid      magenta    magenta    outlineStipple)
 ( display      ge_glyph_magenta1    solid      solid      magenta1   magenta1   outlineStipple)
 ( display      ge_glyph_maroon      solid      solid      maroon     maroon     outlineStipple)
 ( display      ge_glyph_met1navy    solid      solid      met1navy   met1navy   outlineStipple)
 ( display      ge_glyph_navy        solid      solid      navy       navy       outlineStipple)
 ( display      ge_glyph_orange      solid      solid      orange     orange     outlineStipple)
 ( display      ge_glyph_orangeB     solid      solid      orangeB    orangeB    outlineStipple)
 ( display      ge_glyph_perple      solid      solid      perple     perple     outlineStipple)
 ( display      ge_glyph_pink        solid      solid      pink       pink       outlineStipple)
 ( display      ge_glyph_pinkB       solid      solid      pinkB      pinkB      outlineStipple)
 ( display      ge_glyph_pinki       solid      solid      pinki      pinki      outlineStipple)
 ( display      ge_glyph_purple      solid      solid      purple     purple     outlineStipple)
 ( display      ge_glyph_purpleB     solid      solid      purpleB    purpleB    outlineStipple)
 ( display      ge_glyph_red         solid      solid      red        red        outlineStipple)
 ( display      ge_glyph_redMagenta  solid      solid      redMagenta redMagenta outlineStipple)
 ( display      ge_glyph_salmon      solid      solid      salmon     salmon     outlineStipple)
 ( display      ge_glyph_silver      solid      solid      silver     silver     outlineStipple)
 ( display      ge_glyph_silverB     solid      solid      silverB    silverB    outlineStipple)
 ( display      ge_glyph_skyBlue     solid      solid      skyBlue    skyBlue    outlineStipple)
 ( display      ge_glyph_slate       solid      solid      slate      slate      outlineStipple)
 ( display      ge_glyph_slateBlue   solid      solid      slateBlue  slateBlue  outlineStipple)
 ( display      ge_glyph_snablue     solid      solid      snablue    snablue    outlineStipple)
 ( display      ge_glyph_snabluegreen solid      solid      snabluegreen snabluegreen outlineStipple)
 ( display      ge_glyph_snacadetblue solid      solid      snacadetblue snacadetblue outlineStipple)
 ( display      ge_glyph_snacyan     solid      solid      snacyan    snacyan    outlineStipple)
 ( display      ge_glyph_snagold     solid      solid      snagold    snagold    outlineStipple)
 ( display      ge_glyph_snagreen    solid      solid      snagreen   snagreen   outlineStipple)
 ( display      ge_glyph_snagreenyellow solid      solid      snagreenyellow snagreenyellow outlineStipple)
 ( display      ge_glyph_snalime     solid      solid      snalime    snalime    outlineStipple)
 ( display      ge_glyph_snaorange   solid      solid      snaorange  snaorange  outlineStipple)
 ( display      ge_glyph_snared      solid      solid      snared     snared     outlineStipple)
 ( display      ge_glyph_snasalmon   solid      solid      snasalmon  snasalmon  outlineStipple)
 ( display      ge_glyph_snayellow   solid      solid      snayellow  snayellow  outlineStipple)
 ( display      ge_glyph_tan         solid      solid      tan        tan        outlineStipple)
 ( display      ge_glyph_vccm2       solid      solid      vccm2      vccm2      outlineStipple)
 ( display      ge_glyph_violet      solid      solid      violet     violet     outlineStipple)
 ( display      ge_glyph_vlcBlack    solid      solid      vlcBlack   vlcBlack   outlineStipple)
 ( display      ge_glyph_vlcBrown    solid      solid      vlcBrown   vlcBrown   outlineStipple)
 ( display      ge_glyph_vlcCream    solid      solid      vlcCream   vlcCream   outlineStipple)
 ( display      ge_glyph_vlcFill     solid      solid      vlcFill    vlcFill    outlineStipple)
 ( display      ge_glyph_vlcNavy     solid      solid      vlcNavy    vlcNavy    outlineStipple)
 ( display      ge_glyph_vlcOrange   solid      solid      vlcOrange  vlcOrange  outlineStipple)
 ( display      ge_glyph_vlcOrange1  solid      solid      vlcOrange1 vlcOrange1 outlineStipple)
 ( display      ge_glyph_vlcOrange2  solid      solid      vlcOrange2 vlcOrange2 outlineStipple)
 ( display      ge_glyph_vlcOrange3  solid      solid      vlcOrange3 vlcOrange3 outlineStipple)
 ( display      ge_glyph_vlcOrange4  solid      solid      vlcOrange4 vlcOrange4 outlineStipple)
 ( display      ge_glyph_vlcOutline  solid      solid      vlcOutline vlcOutline outlineStipple)
 ( display      ge_glyph_vlcPurple   solid      solid      vlcPurple  vlcPurple  outlineStipple)
 ( display      ge_glyph_white       solid      solid      white      white      outlineStipple)
 ( display      ge_glyph_whiteBlink  solid      solid      whiteBlink whiteBlink outlineStipple)
 ( display      ge_glyph_winBack     solid      solid      winBack    winBack    outlineStipple)
 ( display      ge_glyph_winColor1   solid      solid      winColor1  winColor1  outlineStipple)
 ( display      ge_glyph_winColor2   solid      solid      winColor2  winColor2  outlineStipple)
 ( display      ge_glyph_winColor3   solid      solid      winColor3  winColor3  outlineStipple)
 ( display      ge_glyph_winColor4   solid      solid      winColor4  winColor4  outlineStipple)
 ( display      ge_glyph_winColor5   solid      solid      winColor5  winColor5  outlineStipple)
 ( display      ge_glyph_winColor5B  solid      solid      winColor5B winColor5B outlineStipple)
 ( display      ge_glyph_winFore     solid      solid      winFore    winFore    outlineStipple)
 ( display      ge_glyph_winText     solid      solid      winText    winText    outlineStipple)
 ( display      ge_glyph_yellow      solid      solid      yellow     yellow     outlineStipple)
 ( display      gold                 blank      solid      gold       gold       outline   )
 ( display      goldDashed           blank      dashed     gold       gold       outline   )
 ( display      goldX                x          solid      gold       gold       outlineStipple)
 ( display      goldXlineStyle0      stipple13  lineStyle0 white      white      outlineStipple)
 ( display      goldXlineStyle4      blank      solid      yellow     yellow     solid     )
 ( display      goldXlineStyle5      blank      solid      yellow     yellow     solid     )
 ( display      goldXlineStyle6      dot2       solid      cadetBlue  cadetBlue  outlineStipple)
 ( display      goldXlineStyle7      blank      solid      yellow     yellow     solid     )
 ( display      goldXlineStyle8      stipple13  thickLine  white      cream      outlineStipple)
 ( display      goldlineStyle7_L     blank      solid      yellow     yellow     solid     )
 ( display      goldlineStyle9_L     blank      solid      yellow     yellow     solid     )
 ( display      goldvZigZag          vZigZag    dashed     gold       gold       outlineStipple)
 ( display      gray                 blank      solid      gray       gray       outline   )
 ( display      gray3Solid           solid      solid      gray3      gray3      solid     )
 ( display      gray4BackSlash       backSlash  solid      gray4      gray4      outlineStipple)
 ( display      gray4Solid           solid      solid      gray4      gray4      solid     )
 ( display      gray5Solid           solid      solid      gray5      gray5      solid     )
 ( display      gray5Vcc1S           vcc1S      solid      gray5      gray5      outlineStipple)
 ( display      gray6Dashed          blank      dashed     gray6      gray6      outline   )
 ( display      gray6Solid           solid      solid      gray6      gray6      solid     )
 ( display      gray7Solid           solid      solid      gray7      gray7      solid     )
 ( display      gray8Solid           solid      solid      gray8      gray8      solid     )
 ( display      grayBlink            blank      solid      grayBlink  grayBlink  outline   )
 ( display      grayDashed           blank      dashed     gray       gray       outline   )
 ( display      graySlash            slash      dashed     gray       gray       outlineStipple)
 ( display      grayThickLine        blank      thickLine  gray5      gray5      outline   )
 ( display      gray_B               blank      solid      yellow     yellow     solid     )
 ( display      graystipple23lineStyle0 blank      solid      yellow     yellow     solid     )
 ( display      graystipple7lineStyle0 stipple10  solid      gold       yellow     outlineStipple)
 ( display      graystipple7lineStyle8 stipple10  thickLine  gold       cream      outlineStipple)
 ( display      green                blank      solid      green      green      outline   )
 ( display      greenBackSlash       backSlash  solid      green      green      outlineStipple)
 ( display      greenBrick           brick      mLine      green      green      outlineStipple)
 ( display      greenDashed          blank      dashed     green      green      outline   )
 ( display      greenDots            dots       solid      green      green      outlineStipple)
 ( display      greenDots3           dot3       solid      green      green      outlineStipple)
 ( display      greenSlash           slash      solid      green      green      outlineStipple)
 ( display      greenSolid           blank      solid      green      green      outline   )
 ( display      greenstipple12lineStyle0 stipple9   lineStyle2 red        red        outlineStipple)
 ( display      greenstipple12lineStyle8 dagger     solid      red        red        outlineStipple)
 ( display      greenstipple1lineStyle0 stipple8   solid      red        red        outlineStipple)
 ( display      greenstipple23lineStyle0 blank      solid      yellow     yellow     solid     )
 ( display      greenstipple5lineStyle0 stipple8   thickLine  red        cream      outlineStipple)
 ( display      greenstipple5lineStyle8 stipple8   thickLine  red        cream      outlineStipple)
 ( display      greenstipple7lineStyle0 blank      solid      yellow     yellow     solid     )
 ( display      grid                 blank      solid      white      white      outline   )
 ( display      grid1                stipple5   solid      cyan       white      outlineStipple)
 ( display      halo1                blank      solid      yellow     yellow     outline   )
 ( display      halo10               blank      solid      brown      brown      outline   )
 ( display      halo11               blank      solid      cadetBlue  cadetBlue  outline   )
 ( display      halo12               blank      solid      navy       navy       outline   )
 ( display      halo13               blank      solid      chocolate  chocolate  outline   )
 ( display      halo14               blank      solid      maroon     maroon     outline   )
 ( display      halo15               blank      solid      tan        tan        outline   )
 ( display      halo16               blank      solid      gold       gold       outline   )
 ( display      halo17               blank      solid      forest     forest     outline   )
 ( display      halo18               blank      solid      slate      slate      outline   )
 ( display      halo19               blank      solid      cream      cream      outline   )
 ( display      halo2                blank      solid      cyan       cyan       outline   )
 ( display      halo20               blank      solid      silver     silver     outline   )
 ( display      halo3                blank      solid      orange     orange     outline   )
 ( display      halo4                blank      solid      pink       pink       outline   )
 ( display      halo5                blank      solid      green      green      outline   )
 ( display      halo6                blank      solid      blue       blue       outline   )
 ( display      halo7                blank      solid      violet     violet     outline   )
 ( display      halo8                blank      solid      white      white      outline   )
 ( display      halo9                blank      solid      gray       gray       outline   )
 ( display      hardFence            blank      solid      red        red        outline   )
 ( display      hilite               blank      solid      white      white      outline   )
 ( display      hilite1              stipple0   solid      silver     silver     solid     )
 ( display      hilite2              stipple0   solid      tan        tan        solid     )
 ( display      hilite3              stipple0   solid      cyan       cyan       solid     )
 ( display      hilite4              stipple0   solid      gray       gray       solid     )
 ( display      hilite5              stipple0   solid      lime       lime       solid     )
 ( display      hilite6              stipple0   solid      orange     orange     solid     )
 ( display      hilite7              stipple0   solid      cream      cream      solid     )
 ( display      hilite8              stipple0   solid      magenta    magenta    solid     )
 ( display      hilite9              stipple0   solid      pink       pink       solid     )
 ( display      hiz                  stipple0   solid      orange     orange     solid     )
 ( display      inst_txt             stipple0   lineStyle0 silver     silver     solid     )
 ( display      instance             blank      lineStyle1 yellow     red        outline   )
 ( display      instanceLbl          backSlash  solid      magenta    white      outlineStipple)
 ( display      internalGenericLayer blank      solid      yellow     yellow     outline   )
 ( display      iqPacket             triangle   solid      magenta    magenta    outlineStipple)
 ( display      lime                 blank      solid      lime       lime       outline   )
 ( display      limeBackSlash        backSlash  solid      lime       lime       outlineStipple)
 ( display      limeDots             dots       solid      lime       lime       outlineStipple)
 ( display      limeThickLine        blank      thickLine  lime       lime       outline   )
 ( display      limeXlineStyle0      checker    solid      green      forest     outlineStipple)
 ( display      limeXlineStyle8      checker    thickLine  green      cream      outlineStipple)
 ( display      limelineStyle4       contp      thickLine  cream      cream      outlineStipple)
 ( display      limelineStyle4_L     viap       lineStyle2 cream      tan        outlineStipple)
 ( display      limelineStyle5_L     blank      solid      cyan       cyan       outline   )
 ( display      limelineStyle8_L     dot3       thickLine  cream      cream      outlineStipple)
 ( display      logo                 blank      thickLine  chocolate  chocolate  outline   )
 ( display      ltcc1                vlcDots    vlcSolid   vlcOrange  vlcOrange  outlineStipple)
 ( display      ltcc2                vlcDots    vlcSolid   vlcOrange1 vlcOrange1 outlineStipple)
 ( display      ltcc3                vlcDots    vlcSolid   vlcOrange2 vlcOrange2 outlineStipple)
 ( display      ltcc4                vlcDots    vlcSolid   vlcOrange3 vlcOrange3 outlineStipple)
 ( display      ltcc5                vlcSt1     vlcSolid   vlcOrange4 vlcOrange4 outline   )
 ( display      ltcc_bump            vlcDots    vlcSolid   vlcPurple  vlcPurple  outlineStipple)
 ( display      ltccvia1             vlcDagger  vlcSolid   vlcBrown   vlcBrown   outlineStipple)
 ( display      ltccvia2             vlcDagger  vlcSolid   vlcBrown   vlcBrown   outlineStipple)
 ( display      ltccvia3             vlcDagger  vlcSolid   vlcBrown   vlcBrown   outlineStipple)
 ( display      ltccvia4             vlcDagger  vlcSolid   vlcBrown   vlcBrown   outlineStipple)
 ( display      m1                   backSlash  solid      blue       blue       outlineStipple)
 ( display      m10                  stipple60  solid      blue       blue       outlineStipple)
 ( display      m10_fill             stipple60  thickLine  black      blue       outlineStipple)
 ( display      m10_slot             stipple60  thickLine  black      blue       outlineStipple)
 ( display      m11                  stipple60  solid      gold       gold       outlineStipple)
 ( display      m11_fill             stipple60  thickLine  black      gold       outlineStipple)
 ( display      m11_slot             stipple60  thickLine  black      gold       outlineStipple)
 ( display      m1Bnd                backSlash  solid      blue       blue       outlineStipple)
 ( display      m1Net                backSlash  solid      blue       blue       outlineStipple)
 ( display      m1Pin                X          thickLine  blue       blue       X         )
 ( display      m1_chanel            stipple0   lineStyle10 violet     violet     solid     )
 ( display      m1_fill              dots1      thickLine  black      blue       outlineStipple)
 ( display      m1_lgn               stipple0   lineStyle0 cream      cream      solid     )
 ( display      m1_phi1              stipple0   lineStyle9 slate      slate      solid     )
 ( display      m1_phi2              stipple0   lineStyle2 brown      brown      solid     )
 ( display      m1_pnt               stipple0   lineStyle0 cream      cream      solid     )
 ( display      m1_prt               stipple0   lineStyle0 violet     violet     solid     )
 ( display      m1_slot              dots1      thickLine  black      blue       outlineStipple)
 ( display      m1_txt               stipple6   lineStyle0 violet     violet     outlineStipple)
 ( display      m1_vcc               stipple3   lineStyle7 forest     forest     outlineStipple)
 ( display      m1_vss               stipple9   lineStyle7 winColor1  winColor1  outlineStipple)
 ( display      m1dum                backSlash  thickLine  blue       blue       outlineStipple)
 ( display      m2                   slash      solid      red        red        outlineStipple)
 ( display      m2Bnd                slash      solid      red        red        outlineStipple)
 ( display      m2Net                slash      solid      red        red        outlineStipple)
 ( display      m2Pin                X          thickLine  red        red        X         )
 ( display      m2_chanel            stipple0   lineStyle10 winColor3  winColor3  solid     )
 ( display      m2_fill              dots       thickLine  black      red        outlineStipple)
 ( display      m2_lgn               stipple0   lineStyle0 cream      cream      solid     )
 ( display      m2_phi1              stipple0   lineStyle0 winColor5  winColor5  solid     )
 ( display      m2_phi2              stipple0   lineStyle0 orange     orange     solid     )
 ( display      m2_pnt               stipple0   lineStyle0 cream      cream      solid     )
 ( display      m2_prt               stipple0   lineStyle0 winColor3  winColor3  solid     )
 ( display      m2_slot              dots       thickLine  black      red        outlineStipple)
 ( display      m2_txt               stipple0   lineStyle0 winColor3  winColor3  solid     )
 ( display      m2_vcc               stipple3   lineStyle0 green      green      outlineStipple)
 ( display      m2_vss               stipple9   lineStyle0 tan        tan        outlineStipple)
 ( display      m2dum                slash      thickLine  red        red        outlineStipple)
 ( display      m3                   stipple18  solid      cream      cream      outlineStipple)
 ( display      m3Bnd                stipple18  solid      cream      cream      outlineStipple)
 ( display      m3Net                stipple18  solid      cream      cream      outlineStipple)
 ( display      m3Pin                X          thickLine  cream      cream      X         )
 ( display      m3_chanel            stipple0   lineStyle10 tan        tan        solid     )
 ( display      m3_fill              stipple18  thickLine  black      green      outlineStipple)
 ( display      m3_lgn               stipple0   lineStyle0 cream      cream      solid     )
 ( display      m3_phi1              stipple0   lineStyle9 winColor5  winColor5  solid     )
 ( display      m3_phi2              stipple0   lineStyle6 winColor3  winColor3  solid     )
 ( display      m3_pnt               stipple0   lineStyle0 cream      cream      solid     )
 ( display      m3_prt               stipple0   lineStyle0 tan        tan        solid     )
 ( display      m3_slot              stipple18  thickLine  black      green      outlineStipple)
 ( display      m3_txt               stipple0   lineStyle4 tan        tan        solid     )
 ( display      m3_vcc               stipple12  lineStyle0 cream      cream      outlineStipple)
 ( display      m3_vss               stipple9   lineStyle0 cream      cream      outlineStipple)
 ( display      m3dum                dots       thickLine  cream      cream      outlineStipple)
 ( display      m4                   backSlash  solid      pink       pink       outline   )
 ( display      m4Bnd                backSlash  solid      pink       pink       outline   )
 ( display      m4Net                backSlash  solid      pink       pink       outline   )
 ( display      m4Pin                X          thickLine  pink       pink       X         )
 ( display      m4_fill              stipple31  thickLine  black      pink       outlineStipple)
 ( display      m4_slot              stipple31  thickLine  black      pink       outlineStipple)
 ( display      m4_txt               blank      line_w2    cyan       cyan       outline   )
 ( display      m4dum                backSlash  thickLine  pink       pink       outline   )
 ( display      m5                   stipple18  solid      green      green      outlineStipple)
 ( display      m5Bnd                stipple18  solid      green      green      outline   )
 ( display      m5Net                stipple18  solid      green      green      outlineStipple)
 ( display      m5Pin                X          thickLine  green      green      X         )
 ( display      m5_fill              stipple61  thickLine  black      cream      outlineStipple)
 ( display      m5_slot              stipple61  thickLine  black      cream      outlineStipple)
 ( display      m5dum                stipple18  thickLine  green      green      outlineStipple)
 ( display      m6                   stipple36  thickLine  gold       gold       outlineStipple)
 ( display      m6Bnd                stipple36  thickLine  gold       gold       outline   )
 ( display      m6Net                stipple36  thickLine  gold       gold       outlineStipple)
 ( display      m6Pin                X          thickLine  gold       gold       X         )
 ( display      m6_fill              stipple36  thickLine  black      silver     outlineStipple)
 ( display      m6_slot              stipple36  thickLine  black      silver     outlineStipple)
 ( display      m6dum                dots       thickLine  gold       gold       outlineStipple)
 ( display      m7                   stipple51  solid      slateBlue  slateBlue  outlineStipple)
 ( display      m7_fill              stipple51  thickLine  black      slateBlue  outlineStipple)
 ( display      m7_slot              stipple51  thickLine  black      slateBlue  outlineStipple)
 ( display      m8                   stipple46  solid      redMagenta redMagenta outlineStipple)
 ( display      m8_fill              stipple46  thickLine  black      redMagenta outlineStipple)
 ( display      m8_slot              stipple46  thickLine  black      redMagenta outlineStipple)
 ( display      m9                   stipple60  solid      chocolate  chocolate  outlineStipple)
 ( display      m9_fill              stipple60  thickLine  black      chocolate  outlineStipple)
 ( display      m9_slot              stipple60  thickLine  black      chocolate  outlineStipple)
 ( display      magenta              blank      solid      magenta    magenta    outline   )
 ( display      magentaBackSlash     backSlash  solid      magenta    magenta    outlineStipple)
 ( display      magentaDots          dots       solid      magenta    magenta    outlineStipple)
 ( display      magentaGnd2S         gnd2S      solid      magenta    magenta    outlineStipple)
 ( display      magentaSolid         solid      solid      magenta    magenta    solid     )
 ( display      magentaThickLine     blank      thickLine  magenta    magenta    outline   )
 ( display      magentaVcc2S         vcc2S      solid      magenta    magenta    outlineStipple)
 ( display      magentaX             x          shortDash  magenta    magenta    outlineStipple)
 ( display      magentalineStyle5_L  blank      solid      silver     silver     outline   )
 ( display      magentalineStyle8_L  viap       thickLine  white      cream      outlineStipple)
 ( display      magentalineStyler8_L dot3       thickLine  silver     cream      outlineStipple)
 ( display      magentathickLine8_L  dot3       thickLine  white      cream      outlineStipple)
 ( display      magentathickLine_L   blank      lineStyle1 white      white      outline   )
 ( display      markerAck            X          solid      yellow     yellow     X         )
 ( display      markerAno            X          solid      blue       blue       X         )
 ( display      markerCrt            X          solid      red        red        X         )
 ( display      markerErr            stipple13  solid      white      white      outlineStipple)
 ( display      markerFat            X          solid      blinkRed   blinkRed   X         )
 ( display      markerInf            X          solid      green      green      X         )
 ( display      markerScr            X          solid      red        red        X         )
 ( display      markerSer            X          solid      orange     orange     X         )
 ( display      markerWarn           x          solid      yellow     yellow     outlineStipple)
 ( display      markerWarndash       dots       dashed     yellow     yellow     outline   )
 ( display      maroonXlineStyle0    vCurb      solid      forest     forest     outlineStipple)
 ( display      maroonlineStyle0_L   solid      solid      winColor5  winColor5  solid     )
 ( display      maroonlineStyle8_L   blank      solid      silver     silver     solid     )
 ( display      maroonlineStyle9_L   blank      solid      magenta    magenta    solid     )
 ( display      mcap                 stipple27  solid      pink       pink       outlineStipple)
 ( display      mcap_net             stipple27  solid      pink       pink       outlineStipple)
 ( display      mksc_txt             stipple0   lineStyle0 cream      cream      solid     )
 ( display      monoColorDragPacket  triangle   solid      yellow     yellow     outline   )
 ( display      navy                 blank      solid      magenta    magenta    outline   )
 ( display      navySolid            solid      solid      magenta    magenta    solid     )
 ( display      navyhZigZag          hZigZag    solid      magenta    magenta    outlineStipple)
 ( display      netNameBackground    solid      solid      black      black      stipple   )
 ( display      netNameForeground    solid      solid      white      white      solid     )
 ( display      nhvt                 hCurb      solid      chocolate  chocolate  outlineStipple)
 ( display      nlvt                 blank      thickLine  white      chocolate  outlineStipple)
 ( display      notChg               blank      solid      white      white      outline   )
 ( display      npblk                blank      solid      red        red        outline   )
 ( display      npblkBnd             blank      solid      red        red        outline   )
 ( display      npblk_net            blank      solid      red        red        outline   )
 ( display      nplus                stipple4   solid      yellow     yellow     outlineStipple)
 ( display      nplusBnd             stipple4   solid      yellow     yellow     outlineStipple)
 ( display      nplus_net            dots       solid      yellow     yellow     outlineStipple)
 ( display      nwbnd                dot1       solid      white      purple     outlineStipple)
 ( display      nwell                dot1       thickLine  orange     orange     outlineStipple)
 ( display      nwellBnd             blank      thickLine  orange     orange     outline   )
 ( display      nwellNet             dot1       thickLine  orange     orange     outlineStipple)
 ( display      nwell_boundary       dot1       dashed     purple     purple     outline   )
 ( display      nwell_net            dot1       solid      purple     purple     outlineStipple)
 ( display      nwell_pin            dot1       solid      purple     purple     outline   )
 ( display      nwpin                dot1       solid      pink       purple     outlineStipple)
 ( display      orange               blank      solid      orange     orange     outline   )
 ( display      orangeDashed         blank      dashed     orange     orange     outline   )
 ( display      orangePoly2p         poly2p     solid      orange     orange     outlineStipple)
 ( display      orangeSolid          solid      solid      orange     orange     solid     )
 ( display      orangeThickLine      blank      thickLine  orange     orange     outline   )
 ( display      orangeViap           viap       mLine      orange     orange     outlineStipple)
 ( display      orangeXlineStyle0    blank      solid      yellow     yellow     solid     )
 ( display      orangelineStyle0_L   blank      solid      silver     silver     solid     )
 ( display      orangelineStyle10_L  blank      solid      brown      brown      solid     )
 ( display      orangelineStyle9_L   blank      solid      gold       gold       solid     )
 ( display      orangestipple17lineStyle0 hLine      solid      gray5      gray5      outlineStipple)
 ( display      orangestipple17lineStyle8 vcc1S      thickLine  silver     cream      outlineStipple)
 ( display      orangestipple18lineStyle0 hZigZag    thickLine  silver     cream      outlineStipple)
 ( display      ovlap                blank      solid      white      white      outline   )
 ( display      pass                 blank      doubleDash cream      cream      outline   )
 ( display      pass_net             blank      doubleDash cream      cream      outline   )
 ( display      pbaseBnd             dots       dashDot    green      green      outlineStipple)
 ( display      phvt                 vCurb      solid      red        red        outlineStipple)
 ( display      pin                  stipple1   lineStyle0 red        red        outlineStipple)
 ( display      pinAnt               stipple0   solid      red        red        solid     )
 ( display      pinLbl               stipple0   solid      red        red        solid     )
 ( display      pink                 blank      solid      pink       pink       outline   )
 ( display      pinkDashed           blank      dashed     pink       pink       outline   )
 ( display      pinkSolid            solid      solid      pink       pink       solid     )
 ( display      pinkThickLine        blank      thickLine  pink       pink       outline   )
 ( display      pinkXlineStyle0      stipple12  lineStyle0 forest     forest     outlineStipple)
 ( display      pinkXlineStyle8      stipple3   thickLine  forest     cream      outlineStipple)
 ( display      pinkXlineStyler8     stipple12  thickLine  forest     cream      outlineStipple)
 ( display      pinklineStyle0_L     cross      lineStyle0 pink       pink       outlineStipple)
 ( display      pinklineStyle4       contp      thickLine  winColor4  cream      outlineStipple)
 ( display      pinklineStyle4_L     metal2S    lineStyle10 winColor5  winColor5  outlineStipple)
 ( display      pinklineStyle5_L     dots       thickLine  magenta    cream      outlineStipple)
 ( display      pinklineStyle6_L     cross      thickLine  pink       cream      outlineStipple)
 ( display      pinklineStyle8_L     metal2S    thickLine  winColor4  cream      outlineStipple)
 ( display      pinklineStyle9_L     dot2       solid      purple     purple     solid     )
 ( display      pinkstipple21lineStyle0 blank      solid      yellow     yellow     solid     )
 ( display      pldd                 stipple0   lineStyle0 gray       gray       solid     )
 ( display      plvt                 blank      thickLine  white      red        outlineStipple)
 ( display      po_text              blank      thickLine  chocolate  chocolate  outline   )
 ( display      poly1                x          solid      tan        tan        outlineStipple)
 ( display      poly1Bnd             x          solid      tan        tan        outlineStipple)
 ( display      poly1Net             x          solid      tan        tan        outlineStipple)
 ( display      poly1Pin             x          solid      tan        tan        outlineStipple)
 ( display      poly1_net            x          solid      lime       lime       outlineStipple)
 ( display      poly_lgn             stipple0   lineStyle0 cream      cream      solid     )
 ( display      poly_pnt             stipple0   lineStyle0 cream      cream      solid     )
 ( display      poly_prt             stipple0   lineStyle0 brown      brown      solid     )
 ( display      poly_res             stipple4   lineStyle0 tan        tan        outlineStipple)
 ( display      poly_sp              stipple10  lineStyle0 white      white      outlineStipple)
 ( display      poly_txt             stipple0   lineStyle0 tan        tan        solid     )
 ( display      pplus                stipple4   solid      brown      brown      outlineStipple)
 ( display      pplusBnd             stipple4   solid      brown      brown      outlineStipple)
 ( display      pplus_net            dots       solid      brown      brown      outlineStipple)
 ( display      prBoundary           blank      solid      purple     purple     outline   )
 ( display      prBoundaryBnd        blank      solid      orange     orange     outline   )
 ( display      prBoundaryLbl        blank      thickLine  green      green      outline   )
 ( display      prGrid               blank      lineStyle0 green      gray4      outline   )
 ( display      probe_txt            stipple5   lineStyle0 cream      cream      outlineStipple)
 ( display      psub                 blank      thickLine  white      redMagenta outline   )
 ( display      purple               blank      solid      purple     purple     outline   )
 ( display      purpleDashed         blank      dashed     purple     purple     outline   )
 ( display      purpleSolid          solid      solid      purple     purple     solid     )
 ( display      purpleWellp          wellp      solid      purple     purple     outlineStipple)
 ( display      purplelineStyle0_L   dots       solid      pink       pink       outlineStipple)
 ( display      purplelineStyle5_L   blank      solid      magenta    magenta    solid     )
 ( display      purplelineStyle7_L   blank      solid      yellow     yellow     solid     )
 ( display      purplelineStyle8_L   dots       thickLine  pink       cream      outlineStipple)
 ( display      purplelineStyle9_L   blank      solid      pink       pink       outline   )
 ( display      purplestipple23lineStyle0 hLine      solid      purple     cadetBlue  outlineStipple)
 ( display      purplestipple26lineStyle0 blank      solid      yellow     yellow     solid     )
 ( display      purplestipple2lineStyle0 blank      solid      yellow     yellow     solid     )
 ( display      purplestipple7lineStyle0 blank      solid      yellow     yellow     solid     )
 ( display      pwell                blank      solid      forest     forest     outline   )
 ( display      pwellBnd             blank      solid      forest     forest     outline   )
 ( display      pwellNet             blank      solid      forest     forest     outline   )
 ( display      red                  blank      solid      red        red        outline   )
 ( display      redChecker           checker    solid      red        red        outlineStipple)
 ( display      redDashed            blank      dashed     red        red        outline   )
 ( display      redSolid             solid      solid      red        red        solid     )
 ( display      redThickLine         blank      thickLine  red        red        outline   )
 ( display      redX                 x          solid      red        red        outlineStipple)
 ( display      redXThickLine        x          thickLine  red        red        outlineStipple)
 ( display      redhZigZag           hZigZag    dashed     red        red        outlineStipple)
 ( display      redlineStyle5_L      blank      solid      brown      brown      outline   )
 ( display      redlineStyle8_L      dot3       thickLine  brown      cream      outlineStipple)
 ( display      redpurplelineStyle5_L blank      solid      magenta    magenta    outline   )
 ( display      redpurplelineStyle8_L dot3       thickLine  magenta    cream      outlineStipple)
 ( display      redpurplestipple26lineStyle0 grid       solid      purple     purple     outlineStipple)
 ( display      redpurplestipple26lineStyle8 grid       thickLine  magenta    cream      outlineStipple)
 ( display      redpurplestipple28lineStyle0 grid       thickLine  purple     cream      outlineStipple)
 ( display      redsolid_S           blank      solid      yellow     yellow     solid     )
 ( display      redstipple23lineStyle0 stipple5   lineStyle0 cyan       cyan       outlineStipple)
 ( display      redstipple23lineStyle8 stipple6   thickLine  cyan       cream      outlineStipple)
 ( display      refdotpacket         solid      thickLine  magenta    magenta    solid     )
 ( display      refpacket            solid      thickLine  magenta    magenta    outline   )
 ( display      resist               stipple0   solid      cyan       cyan       solid     )
 ( display      rightbluelineStyle5_L blank      solid      pink       pink       outline   )
 ( display      rightbluelineStyle8_L dot3       thickLine  pink       cream      outlineStipple)
 ( display      rightbluestipple24lineStyle0 stipple1   lineStyle0 magenta    magenta    outlineStipple)
 ( display      rightbluestipple24lineStyle8 stipple1   thickLine  magenta    cream      outlineStipple)
 ( display      scaNburied_net       blank      solid      white      white      outline   )
 ( display      scaNwell_net         blank      solid      white      white      outline   )
 ( display      scaPort_net          blank      solid      white      white      outline   )
 ( display      scaSelect            blank      solid      white      white      outline   )
 ( display      sealring             blank      thickLine  chocolate  chocolate  outline   )
 ( display      select               stipple0   solid      tan        tan        solid     )
 ( display      silver               blank      solid      silver     silver     outline   )
 ( display      silverDashed         blank      dashed     silver     silver     outline   )
 ( display      silverSolid          solid      solid      silver     silver     solid     )
 ( display      silverXlineStyle0    stipple13  lineStyle0 chocolate  chocolate  outlineStipple)
 ( display      silverXlineStyle8    stipple13  thickLine  chocolate  cream      outlineStipple)
 ( display      siprot               blank      solid      white      white      outline   )
 ( display      slate                blank      solid      slate      slate      outline   )
 ( display      slatelineStyle0_L    blank      lineStyle9 cream      cream      outline   )
 ( display      snap                 stipple0   solid      yellow     yellow     solid     )
 ( display      snapHilightPacket    solid      thickLine  yellow     yellow     outline   )
 ( display      snapHilightPacketSolidFill solid      thickLine  yellow     yellow     solid     )
 ( display      softFence            blank      solid      yellow     white      outline   )
 ( display      solderMaskBottom     blank      solid      yellow     yellow     outline   )
 ( display      solderMaskTop        blank      solid      yellow     yellow     outline   )
 ( display      sp_nwell             stipple0   lineStyle0 white      white      solid     )
 ( display      spike                stipple0   solid      purple     purple     solid     )
 ( display      sram                 blank      thickLine  chocolate  chocolate  outline   )
 ( display      stam                 x          lineStyle0 maroon     maroon     outlineStipple)
 ( display      stretch              stipple0   solid      yellow     yellow     solid     )
 ( display      supply               stipple0   solid      lime       lime       solid     )
 ( display      tan                  blank      solid      tan        tan        outline   )
 ( display      tanSolid             solid      solid      tan        tan        solid     )
 ( display      tanThickLine         blank      thickLine  tan        tan        outline   )
 ( display      tanlineStyle0_L      blank      solid      silver     cream      solid     )
 ( display      tanlineStyle7_L      blank      solid      gold       yellow     solid     )
 ( display      tanlineStyle9_L      blank      solid      gold       gold       solid     )
 ( display      tanstipple21lineStyle0 stipple11  solid      gold       gold       outlineStipple)
 ( display      tanstipple21lineStyle8 stipple1   thickLine  gold       cream      outlineStipple)
 ( display      tanstipple28lineStyle0 stipple11  thickLine  gold       cream      outlineStipple)
 ( display      tempdrc              stipple0   lineStyle0 magenta    magenta    solid     )
 ( display      text                 blank      solid      white      white      outline   )
 ( display      text1                stipple0   dashed     white      white      solid     )
 ( display      text2                stipple1   solid      white      white      outlineStipple)
 ( display      thox                 dot4       thickLine  maroon     maroon     outlineStipple)
 ( display      tox                  stipple30  dashed     lime       lime       outlineStipple)
 ( display      toxBnd               stipple30  dashed     lime       lime       outlineStipple)
 ( display      tox_net              stipple30  dashed     maroon     maroon     outlineStipple)
 ( display      unknown              stipple0   solid      yellow     yellow     solid     )
 ( display      unset                stipple0   solid      forest     forest     solid     )
 ( display      v1                   solid      thickLine  cadetBlue  cadetBlue  solid     )
 ( display      v10                  solid      thickLine  green      green      solid     )
 ( display      v1Bnd                solid      thickLine  cadetBlue  cadetBlue  solid     )
 ( display      v1Net                solid      thickLine  cadetBlue  cadetBlue  solid     )
 ( display      v2                   solid      solid      orange     orange     outlineStipple)
 ( display      v2Bnd                dagger     solid      orange     orange     outlineStipple)
 ( display      v2Net                dagger     solid      orange     orange     outlineStipple)
 ( display      v3                   solid      thickLine  purple     purple     solid     )
 ( display      v3Bnd                blank      solid      purple     purple     outline   )
 ( display      v3Net                blank      solid      purple     purple     outline   )
 ( display      v4                   solid      thickLine  chocolate  chocolate  solid     )
 ( display      v4Bnd                solid      thickLine  chocolate  chocolate  solid     )
 ( display      v4Net                solid      thickLine  chocolate  chocolate  solid     )
 ( display      v5                   solid      thickLine  cyan       cyan       solid     )
 ( display      v5Bnd                solid      thickLine  cyan       cyan       solid     )
 ( display      v5Net                solid      thickLine  cyan       cyan       solid     )
 ( display      v6                   solid      thickLine  silver     silver     solid     )
 ( display      v7                   solid      thickLine  gold       gold       solid     )
 ( display      v8                   solid      thickLine  magenta    magenta    solid     )
 ( display      v9                   solid      thickLine  brown      brown      solid     )
 ( display      viaexcl              blank      thickLine  chocolate  chocolate  outline   )
 ( display      vlcbase              vlcBlank   vlcDashDot vlcBrown   vlcBrown   outline   )
 ( display      vlccn                vlcSolid   vlcSolid   vlcNavy    vlcBlack   solid     )
 ( display      vlcdummy             vlcZigZag  vlcHidden  vlcFill    vlcOutline outlineStipple)
 ( display      waterlineStyle0_L    stipple2   lineStyle0 pink       pink       outlineStipple)
 ( display      waterlineStyle5_L    x          lineStyle6 pink       pink       outline   )
 ( display      waterlineStyle6_L    stipple2   thickLine  pink       cream      outlineStipple)
 ( display      waterlineStyle8_L    stipple13  thickLine  yellow     cream      outlineStipple)
 ( display      waterlineStyle9_L    wellp      solid      pink       pink       outlineStipple)
 ( display      waterstipple1lineStyle8 hLine      thickLine  cadetBlue  cream      outlineStipple)
 ( display      waterstipple21lineStyle0 blank      solid      yellow     yellow     solid     )
 ( display      waterstipple8lineStyle0 hLine      thickLine  purple     cream      outlineStipple)
 ( display      white                blank      solid      white      white      outline   )
 ( display      whiteContp           contp      solid      cream      white      outlineStipple)
 ( display      whiteDashed          blank      dashed     white      white      outline   )
 ( display      whiteSolid           solid      solid      white      white      solid     )
 ( display      whiteThickLine       blank      thickLine  white      white      outline   )
 ( display      whiteX               x          solid      white      white      outlineStipple)
 ( display      whiteXBlink          x          solid      whiteBlink whiteBlink outlineStipple)
 ( display      whiteX_SB            blank      solid      yellow     yellow     solid     )
 ( display      whiteXlineStyle0     stipple13  solid      winBack    gold       outlineStipple)
 ( display      whiteXlineStyle8     stipple13  thickLine  gold       cream      outlineStipple)
 ( display      whitelineStyle0_L    stipple6   lineStyle6 gray5      gray5      outline   )
 ( display      whitelineStyle10_L   dot3       solid      winFore    winBack    outlineStipple)
 ( display      whitelineStyle1_L    stipple2   thickLine  cream      cream      outlineStipple)
 ( display      whitelineStyle2_L    stipple2   thickLine  winColor3  cream      outlineStipple)
 ( display      whitelineStyle3_L    brick      solid      tan        cream      outlineStipple)
 ( display      whitelineStyle4_L    dagger     thickLine  silver     cream      outlineStipple)
 ( display      whitelineStyle7_L    blank      solid      violet     violet     solid     )
 ( display      whitelineStyle8_L    vcc2S      thickLine  gray8      cream      outlineStipple)
 ( display      whitelineStyle9_L    blank      solid      cadetBlue  cadetBlue  solid     )
 ( display      winColor2lineStyle0_L blank      solid      green      green      solid     )
 ( display      winColor2lineStyle1_L blank      solid      green      green      solid     )
 ( display      winColor2thickLine1_L metal2S    thickLine  lime       cream      outlineStipple)
 ( display      winColor2thickLine_L blank      lineStyle1 green      green      outline   )
 ( display      wire                 stipple1   lineStyle0 cyan       cyan       outlineStipple)
 ( display      wireFlt              stipple0   dashed     red        red        solid     )
 ( display      wireLbl              stipple1   lineStyle0 cyan       cyan       outlineStipple)
 ( display      wirebond             blank      solid      yellow     yellow     outline   )
 ( display      wirebondFingerGuide  blank      solid      yellow     yellow     outline   )
 ( display      y0                   stipple13  solid      blinkYellow blinkYellow outlineStipple)
 ( display      y0Flt                blank      solid      yellow     yellow     outline   )
 ( display      y0dash               dots       dashed     blinkYellow blinkYellow outline   )
 ( display      y1                   stipple13  solid      blinkRed   blinkRed   outlineStipple)
 ( display      y1Flt                blank      solid      red        red        outline   )
 ( display      y2                   stipple13  solid      lime       lime       outlineStipple)
 ( display      y2Flt                blank      solid      green      green      outline   )
 ( display      y3                   stipple13  solid      orange     orange     outlineStipple)
 ( display      y3Flt                blank      solid      magenta    magenta    outline   )
 ( display      y4                   stipple13  solid      yellow     yellow     outlineStipple)
 ( display      y4Flt                blank      solid      cyan       cyan       outline   )
 ( display      y5                   stipple13  solid      green      green      solid     )
 ( display      y5Flt                blank      solid      purple     purple     outline   )
 ( display      y6                   stipple13  solid      blue       blue       outlineStipple)
 ( display      y6Flt                blank      solid      orange     orange     outline   )
 ( display      y7                   stipple13  solid      purple     purple     outlineStipple)
 ( display      y7Flt                blank      solid      gold       gold       outline   )
 ( display      y8                   stipple13  solid      gold       gold       outlineStipple)
 ( display      y8Flt                blank      solid      blue       blue       outline   )
 ( display      y9                   stipple13  solid      silver     silver     outlineStipple)
 ( display      y9Flt                blank      solid      silver     silver     outline   )
 ( display      yellow               blank      solid      yellow     yellow     outline   )
 ( display      yellowMetal2S        metal2S    solid      yellow     yellow     outlineStipple)
 ( display      yellowSlash          slash      solid      yellow     yellow     outlineStipple)
 ( display      yellowSolid          blank      solid      yellow     yellow     outline   )
 ( display      yellowThickLine      blank      thickLine  yellow     yellow     outline   )
 ( display      yellowX              x          solid      yellow     yellow     outlineStipple)
 ( display      yellowX_SB           blank      solid      yellow     yellow     solid     )
 ( display      yellowXlineStyle0    solid      solid      white      white      solid     )
 ( display      yellowXlineStyle8    blank      thickLine  white      cyan       solid     )
 ( display      yellowlineStyle0_L   stipple0   lineStyle0 winColor3  winColor3  solid     )
 ( display      yellowlineStyle4     stipple1   thickLine  yellow     cream      outlineStipple)
 ( display      yellowlineStyle4_L   stipple11  solid      yellow     pink       outlineStipple)
 ( display      yellowlineStyle5_L   blank      solid      purple     purple     solid     )
 ( display      yellowlineStyle8_L   stipple11  thickLine  yellow     cream      outlineStipple)
 ( display      zbip                 blank      solid      slate      slate      outline   )
 ( display      zcap                 blank      solid      slate      slate      outline   )
 ( display      zdiode               blank      solid      slate      slate      outline   )
 ( display      zind                 blank      solid      blue       blue       outline   )
 ( display      zind2                dots       dashDot    red        red        outlineStipple)
 ( display      zind3                blank      hidden     white      white      outline   )
 ( display      zindnet              blank      solid      blue       blue       outline   )
 ( display      zjvar1               blank      solid      white      white      outline   )
 ( display      zjvar2               blank      solid      white      white      outline   )
 ( display      zjvar3               blank      solid      white      white      outline   )
 ( display      znpn                 blank      dashed     cadetBlue  cadetBlue  outline   )
 ( display      znpn10               blank      solid      slate      slate      outline   )
 ( display      znpn2                blank      solid      slate      slate      outline   )
 ( display      znpn5                blank      solid      slate      slate      outline   )
 ( display      zpnp                 blank      solid      yellow     yellow     outline   )
 ( display      zpw                  blank      solid      yellow     brown      outline   )
 ( display      zpw1                 blank      solid      pink       brown      outline   )
 ( display      zpw2                 blank      solid      gold       brown      outline   )
 ( display      zpw3                 blank      solid      cyan       brown      outline   )
 ( display      zpw_boundary         blank      solid      yellow     brown      outlineStipple)
 ( display      zpw_net              dots       solid      yellow     brown      outline   )
 ( display      zpw_pin              solid      solid      yellow     brown      outlineStipple)
 ( display      zrf                  blank      solid      slate      slate      outline   )
 ( display      zrm1                 blank      thickLine  blue       blue       outline   )
 ( display      zrm10                blank      thickLine  violet     violet     outline   )
 ( display      zrm11                blank      thickLine  orange     orange     outline   )
 ( display      zrm2                 blank      thickLine  red        red        outline   )
 ( display      zrm3                 blank      thickLine  green      green      outline   )
 ( display      zrm4                 blank      thickLine  pink       pink       outline   )
 ( display      zrm5                 blank      thickLine  cream      cream      outline   )
 ( display      zrm6                 blank      thickLine  silver     silver     outline   )
 ( display      zrm7                 blank      thickLine  slateBlue  slateBlue  outline   )
 ( display      zrm8                 blank      thickLine  redMagenta redMagenta outline   )
 ( display      zrm9                 blank      thickLine  chocolate  chocolate  outline   )
 ( display      zrpoly               blank      solid      slate      slate      outline   )
 ( display      zrwell               blank      solid      slate      slate      outline   )
 ( display      zvpnp10              blank      solid      slate      slate      outline   )
 ( display      zvpnp2               blank      solid      slate      slate      outline   )
 ( display      zvpnp5               blank      solid      slate      slate      outline   )
)
drDefineColor(
;( DisplayName   ColorsName   Red      Green    Blue     )
 ( psb           black        0        0        0        )
 ( psb           white        255      255      255      )
 ( psb           yellow       255      255      0        )
)
drDefineStipple(
;( DisplayName   StippleName  Bitmap     )
 ( psb           dots         ( ( 1 0 0 0 1 0 0 0 1 0 0 0 1 0 0 0  )
                                ( 0 0 0 0 0 0 0 0 0 0 0 0 0 0 0 0  )
                                ( 0 0 0 0 0 0 0 0 0 0 0 0 0 0 0 0  )
                                ( 0 0 0 0 0 0 0 0 0 0 0 0 0 0 0 0  )
                                ( 1 0 0 0 1 0 0 0 1 0 0 0 1 0 0 0  )
                                ( 0 0 0 0 0 0 0 0 0 0 0 0 0 0 0 0  )
                                ( 0 0 0 0 0 0 0 0 0 0 0 0 0 0 0 0  )
                                ( 0 0 0 0 0 0 0 0 0 0 0 0 0 0 0 0  )
                                ( 1 0 0 0 1 0 0 0 1 0 0 0 1 0 0 0  )
                                ( 0 0 0 0 0 0 0 0 0 0 0 0 0 0 0 0  )
                                ( 0 0 0 0 0 0 0 0 0 0 0 0 0 0 0 0  )
                                ( 0 0 0 0 0 0 0 0 0 0 0 0 0 0 0 0  )
                                ( 1 0 0 0 1 0 0 0 1 0 0 0 1 0 0 0  )
                                ( 0 0 0 0 0 0 0 0 0 0 0 0 0 0 0 0  )
                                ( 0 0 0 0 0 0 0 0 0 0 0 0 0 0 0 0  )
                                ( 0 0 0 0 0 0 0 0 0 0 0 0 0 0 0 0  ) ) )
 ( psb           dots1        ( ( 0 0 0 0 0 0 0 0 0 0 0 0 0 0 0 0  )
                                ( 0 0 1 0 0 0 1 0 0 0 1 0 0 0 1 0  )
                                ( 0 0 0 0 0 0 0 0 0 0 0 0 0 0 0 0  )
                                ( 1 0 0 0 1 0 0 0 1 0 0 0 1 0 0 0  )
                                ( 0 0 0 0 0 0 0 0 0 0 0 0 0 0 0 0  )
                                ( 0 0 1 0 0 0 1 0 0 0 1 0 0 0 1 0  )
                                ( 0 0 0 0 0 0 0 0 0 0 0 0 0 0 0 0  )
                                ( 1 0 0 0 1 0 0 0 1 0 0 0 1 0 0 0  )
                                ( 0 0 0 0 0 0 0 0 0 0 0 0 0 0 0 0  )
                                ( 0 0 1 0 0 0 1 0 0 0 1 0 0 0 1 0  )
                                ( 0 0 0 0 0 0 0 0 0 0 0 0 0 0 0 0  )
                                ( 1 0 0 0 1 0 0 0 1 0 0 0 1 0 0 0  )
                                ( 0 0 0 0 0 0 0 0 0 0 0 0 0 0 0 0  )
                                ( 0 0 1 0 0 0 1 0 0 0 1 0 0 0 1 0  )
                                ( 0 0 0 0 0 0 0 0 0 0 0 0 0 0 0 0  )
                                ( 1 0 0 0 1 0 0 0 1 0 0 0 1 0 0 0  ) ) )
 ( psb           hLine        ( ( 1 1 1 1 1 1 1 1 1 1 1 1 1 1 1 1  )
                                ( 0 0 0 0 0 0 0 0 0 0 0 0 0 0 0 0  )
                                ( 0 0 0 0 0 0 0 0 0 0 0 0 0 0 0 0  )
                                ( 0 0 0 0 0 0 0 0 0 0 0 0 0 0 0 0  )
                                ( 1 1 1 1 1 1 1 1 1 1 1 1 1 1 1 1  )
                                ( 0 0 0 0 0 0 0 0 0 0 0 0 0 0 0 0  )
                                ( 0 0 0 0 0 0 0 0 0 0 0 0 0 0 0 0  )
                                ( 0 0 0 0 0 0 0 0 0 0 0 0 0 0 0 0  )
                                ( 1 1 1 1 1 1 1 1 1 1 1 1 1 1 1 1  )
                                ( 0 0 0 0 0 0 0 0 0 0 0 0 0 0 0 0  )
                                ( 0 0 0 0 0 0 0 0 0 0 0 0 0 0 0 0  )
                                ( 0 0 0 0 0 0 0 0 0 0 0 0 0 0 0 0  )
                                ( 1 1 1 1 1 1 1 1 1 1 1 1 1 1 1 1  )
                                ( 0 0 0 0 0 0 0 0 0 0 0 0 0 0 0 0  )
                                ( 0 0 0 0 0 0 0 0 0 0 0 0 0 0 0 0  )
                                ( 0 0 0 0 0 0 0 0 0 0 0 0 0 0 0 0  ) ) )
 ( psb           vLine        ( ( 1 0 0 0 1 0 0 0 1 0 0 0 1 0 0 0  )
                                ( 1 0 0 0 1 0 0 0 1 0 0 0 1 0 0 0  )
                                ( 1 0 0 0 1 0 0 0 1 0 0 0 1 0 0 0  )
                                ( 1 0 0 0 1 0 0 0 1 0 0 0 1 0 0 0  )
                                ( 1 0 0 0 1 0 0 0 1 0 0 0 1 0 0 0  )
                                ( 1 0 0 0 1 0 0 0 1 0 0 0 1 0 0 0  )
                                ( 1 0 0 0 1 0 0 0 1 0 0 0 1 0 0 0  )
                                ( 1 0 0 0 1 0 0 0 1 0 0 0 1 0 0 0  )
                                ( 1 0 0 0 1 0 0 0 1 0 0 0 1 0 0 0  )
                                ( 1 0 0 0 1 0 0 0 1 0 0 0 1 0 0 0  )
                                ( 1 0 0 0 1 0 0 0 1 0 0 0 1 0 0 0  )
                                ( 1 0 0 0 1 0 0 0 1 0 0 0 1 0 0 0  )
                                ( 1 0 0 0 1 0 0 0 1 0 0 0 1 0 0 0  )
                                ( 1 0 0 0 1 0 0 0 1 0 0 0 1 0 0 0  )
                                ( 1 0 0 0 1 0 0 0 1 0 0 0 1 0 0 0  )
                                ( 1 0 0 0 1 0 0 0 1 0 0 0 1 0 0 0  ) ) )
 ( psb           cross        ( ( 1 0 0 0 1 0 0 0 1 0 0 0 1 0 0 0  )
                                ( 0 1 0 1 0 1 0 1 0 1 0 1 0 1 0 0  )
                                ( 0 0 1 0 0 0 1 0 0 0 1 0 0 0 1 0  )
                                ( 0 1 0 1 0 1 0 1 0 1 0 1 0 0 0 1  )
                                ( 1 0 0 0 1 0 0 0 1 0 0 0 1 0 0 0  )
                                ( 0 1 0 1 0 1 0 1 0 1 0 0 0 1 0 1  )
                                ( 0 0 1 0 0 0 1 0 0 0 1 0 0 0 1 0  )
                                ( 0 1 0 1 0 1 0 1 0 0 0 1 0 1 0 1  )
                                ( 1 0 0 0 1 0 0 0 1 0 0 0 1 0 0 0  )
                                ( 0 1 0 1 0 1 0 0 0 1 0 1 0 1 0 0  )
                                ( 0 0 1 0 0 0 1 0 0 0 1 0 0 0 1 0  )
                                ( 0 1 0 1 0 0 0 1 0 1 0 1 0 0 0 1  )
                                ( 1 0 0 0 1 0 0 0 1 0 0 0 1 0 0 0  )
                                ( 0 1 0 0 0 1 0 1 0 1 0 0 0 1 0 0  )
                                ( 0 0 1 0 0 0 1 0 0 0 1 0 0 0 1 0  )
                                ( 0 0 0 1 0 1 0 1 0 0 0 1 0 0 0 1  ) ) )
 ( psb           grid         ( ( 1 1 1 1 1 1 1 1 1 1 1 1 1 1 1 1  )
                                ( 1 0 0 0 1 0 0 0 1 0 0 0 1 0 0 0  )
                                ( 1 0 0 0 1 0 0 0 1 0 0 0 1 0 0 0  )
                                ( 1 0 0 0 1 0 0 0 1 0 0 0 1 0 0 0  )
                                ( 1 1 1 1 1 1 1 1 1 1 1 1 1 1 1 1  )
                                ( 1 0 0 0 1 0 0 0 1 0 0 0 1 0 0 0  )
                                ( 1 0 0 0 1 0 0 0 1 0 0 0 1 0 0 0  )
                                ( 1 0 0 0 1 0 0 0 1 0 0 0 1 0 0 0  )
                                ( 1 1 1 1 1 1 1 1 1 1 1 1 1 1 1 1  )
                                ( 1 0 0 0 1 0 0 0 1 0 0 0 1 0 0 0  )
                                ( 1 0 0 0 1 0 0 0 1 0 0 0 1 0 0 0  )
                                ( 1 0 0 0 1 0 0 0 1 0 0 0 1 0 0 0  )
                                ( 1 1 1 1 1 1 1 1 1 1 1 1 1 1 1 1  )
                                ( 1 0 0 0 1 0 0 0 1 0 0 0 1 0 0 0  )
                                ( 1 0 0 0 1 0 0 0 1 0 0 0 1 0 0 0  )
                                ( 1 0 0 0 1 0 0 0 1 0 0 0 1 0 0 0  ) ) )
 ( psb           slash        ( ( 1 0 0 1 0 0 1 0 0 1 0 0 1 0 0 1  )
                                ( 0 0 1 0 0 1 0 0 1 0 0 1 0 0 1 0  )
                                ( 0 1 0 0 1 0 0 1 0 0 1 0 0 1 0 0  )
                                ( 1 0 0 1 0 0 1 0 0 1 0 0 1 0 0 1  )
                                ( 0 0 1 0 0 1 0 0 1 0 0 1 0 0 1 0  )
                                ( 0 1 0 0 1 0 0 1 0 0 1 0 0 1 0 0  )
                                ( 1 0 0 1 0 0 1 0 0 1 0 0 1 0 0 1  )
                                ( 0 0 1 0 0 1 0 0 1 0 0 1 0 0 1 0  )
                                ( 0 1 0 0 1 0 0 1 1 0 1 0 0 1 0 0  )
                                ( 1 0 0 1 0 0 1 0 0 1 0 0 1 0 0 1  )
                                ( 0 0 1 0 0 1 0 0 1 0 0 1 0 0 1 0  )
                                ( 0 1 0 0 1 0 0 1 0 0 1 0 0 1 0 0  )
                                ( 1 0 0 1 0 0 1 0 0 1 0 0 1 0 0 1  )
                                ( 0 0 1 0 0 1 0 0 1 0 0 1 0 0 1 0  )
                                ( 0 1 0 0 1 0 0 1 0 0 1 0 0 1 0 0  )
                                ( 1 0 0 1 0 0 1 0 0 1 0 0 1 0 0 1  ) ) )
 ( psb           backslash    ( ( 1 0 0 0 1 0 0 0 1 0 0 0 1 0 0 0  )
                                ( 0 1 0 0 0 1 0 0 0 1 0 0 0 1 0 0  )
                                ( 0 0 1 0 0 0 1 0 0 0 1 0 0 0 1 0  )
                                ( 0 0 0 1 0 0 0 1 0 0 0 1 0 0 0 1  )
                                ( 1 0 0 0 1 0 0 0 1 0 0 0 1 0 0 0  )
                                ( 0 1 0 0 0 1 0 0 0 1 0 0 0 1 0 0  )
                                ( 0 0 1 0 0 0 1 0 0 0 1 0 0 0 1 0  )
                                ( 0 0 0 1 0 0 0 1 0 0 0 1 0 0 0 1  )
                                ( 1 0 0 0 1 0 0 0 1 0 0 0 1 0 0 0  )
                                ( 0 1 0 0 0 1 0 0 0 1 0 0 0 1 0 0  )
                                ( 0 0 1 0 0 0 1 0 0 0 1 0 0 0 1 0  )
                                ( 0 0 0 1 0 0 0 1 0 0 0 1 0 0 0 1  )
                                ( 1 0 0 0 1 0 0 0 1 0 0 0 1 0 0 0  )
                                ( 0 1 0 0 0 1 0 0 0 1 0 0 0 1 0 0  )
                                ( 0 0 1 0 0 0 1 0 0 0 1 0 0 0 1 0  )
                                ( 0 0 0 1 0 0 0 1 0 0 0 1 0 0 0 1  ) ) )
 ( psb           hZigZag      ( ( 1 1 0 0 1 1 0 0 1 1 0 0 1 1 0 0  )
                                ( 0 0 1 1 0 0 1 1 0 0 1 1 0 0 1 1  )
                                ( 0 0 0 0 0 0 0 0 0 0 0 0 0 0 0 0  )
                                ( 0 0 0 0 0 0 0 0 0 0 0 0 0 0 0 0  )
                                ( 1 1 0 0 1 1 0 0 1 1 0 0 1 1 0 0  )
                                ( 0 0 1 1 0 0 1 1 0 0 1 1 0 0 1 1  )
                                ( 0 0 0 0 0 0 0 0 0 0 0 0 0 0 0 0  )
                                ( 0 0 0 0 0 0 0 0 0 0 0 0 0 0 0 0  )
                                ( 1 1 0 0 1 1 0 0 1 1 0 0 1 1 0 0  )
                                ( 0 0 1 1 0 0 1 1 0 0 1 1 0 0 1 1  )
                                ( 0 0 0 0 0 0 0 0 0 0 0 0 0 0 0 0  )
                                ( 0 0 0 0 0 0 0 0 0 0 0 0 0 0 0 0  )
                                ( 1 1 0 0 1 1 0 0 1 1 0 0 1 1 0 0  )
                                ( 0 0 1 1 0 0 1 1 0 0 1 1 0 0 1 1  )
                                ( 0 0 0 0 0 0 0 0 0 0 0 0 0 0 0 0  )
                                ( 0 0 0 0 0 0 0 0 0 0 0 0 0 0 0 0  ) ) )
 ( psb           vZigZag      ( ( 1 0 0 0 1 0 0 0 1 0 0 0 1 0 0 0  )
                                ( 1 0 0 0 1 0 0 0 1 0 0 0 1 0 0 0  )
                                ( 0 1 0 0 0 1 0 0 0 1 0 0 0 1 0 0  )
                                ( 0 1 0 0 0 1 0 0 0 1 0 0 0 1 0 0  )
                                ( 1 0 0 0 1 0 0 0 1 0 0 0 1 0 0 0  )
                                ( 1 0 0 0 1 0 0 0 1 0 0 0 1 0 0 0  )
                                ( 0 1 0 0 0 1 0 0 0 1 0 0 0 1 0 0  )
                                ( 0 1 0 0 0 1 0 0 0 1 0 0 0 1 0 0  )
                                ( 1 0 0 0 1 0 0 0 1 0 0 0 1 0 0 0  )
                                ( 1 0 0 0 1 0 0 0 1 0 0 0 1 0 0 0  )
                                ( 0 1 0 0 0 1 0 0 0 1 0 0 0 1 0 0  )
                                ( 0 1 0 0 0 1 0 0 0 1 0 0 0 1 0 0  )
                                ( 1 0 0 0 1 0 0 0 1 0 0 0 1 0 0 0  )
                                ( 1 0 0 0 1 0 0 0 1 0 0 0 1 0 0 0  )
                                ( 0 1 0 0 0 1 0 0 0 1 0 0 0 1 0 0  )
                                ( 0 1 0 0 0 1 0 0 0 1 0 0 0 1 0 0  ) ) )
 ( psb           hCurb        ( ( 0 0 0 0 0 0 0 0 0 0 0 0 0 0 0 0  )
                                ( 0 0 0 0 0 0 0 0 0 0 0 0 0 0 0 0  )
                                ( 0 0 0 0 0 0 0 0 0 0 0 0 0 0 0 0  )
                                ( 0 0 0 1 1 1 1 0 0 0 1 1 1 1 1 0  )
                                ( 0 0 0 1 0 0 1 0 0 0 1 0 0 0 1 0  )
                                ( 0 0 0 1 0 0 1 0 0 0 1 0 0 0 1 0  )
                                ( 1 1 1 1 0 0 1 1 1 1 1 0 0 0 1 1  )
                                ( 0 0 0 0 0 0 0 0 0 0 0 0 0 0 0 0  )
                                ( 0 0 0 0 0 0 0 0 0 0 0 0 0 0 0 0  )
                                ( 0 0 0 0 0 0 0 0 0 0 0 0 0 0 0 0  )
                                ( 0 0 0 1 1 1 1 0 0 0 1 1 1 1 1 0  )
                                ( 0 0 0 1 0 0 1 0 0 0 1 0 0 0 1 0  )
                                ( 0 0 0 1 0 0 1 0 0 0 1 0 0 0 1 0  )
                                ( 1 1 1 1 0 0 1 1 1 1 1 0 0 0 1 1  )
                                ( 0 0 0 0 0 0 0 0 0 0 0 0 0 0 0 0  )
                                ( 0 0 0 0 0 0 0 0 0 0 0 0 0 0 0 0  ) ) )
 ( psb           vCurb        ( ( 0 0 1 0 0 0 0 0 0 1 0 0 0 0 0 0  )
                                ( 0 0 1 0 0 0 0 0 0 1 0 0 0 0 0 0  )
                                ( 0 0 1 0 0 0 0 0 0 1 0 0 0 0 0 0  )
                                ( 0 0 1 1 1 1 0 0 0 1 1 1 1 0 0 0  )
                                ( 0 0 0 0 0 1 0 0 0 0 0 0 1 0 0 0  )
                                ( 0 0 0 0 0 1 0 0 0 0 0 0 1 0 0 0  )
                                ( 0 0 1 1 1 1 0 0 0 1 1 1 1 0 0 0  )
                                ( 0 0 1 0 0 0 0 0 0 1 0 0 0 0 0 0  )
                                ( 0 0 1 0 0 0 0 0 0 1 0 0 0 0 0 0  )
                                ( 0 0 1 0 0 0 0 0 0 1 0 0 0 0 0 0  )
                                ( 0 0 1 1 1 1 0 0 0 1 1 1 1 0 0 0  )
                                ( 0 0 0 0 0 1 0 0 0 0 0 0 1 0 0 0  )
                                ( 0 0 0 0 0 1 0 0 0 0 0 0 1 0 0 0  )
                                ( 0 0 0 0 0 1 0 0 0 0 0 0 1 0 0 0  )
                                ( 0 0 1 1 1 1 0 0 0 1 1 1 1 0 0 0  )
                                ( 0 0 1 0 0 0 0 0 0 1 0 0 0 0 0 0  ) ) )
 ( psb           brick        ( ( 1 1 1 1 1 1 1 1 1 1 1 1 1 1 1 1  )
                                ( 0 0 0 1 0 0 0 0 0 0 0 1 0 0 0 0  )
                                ( 0 0 0 1 0 0 0 0 0 0 0 1 0 0 0 0  )
                                ( 0 0 0 1 0 0 0 0 0 0 0 1 0 0 0 0  )
                                ( 1 1 1 1 1 1 1 1 1 1 1 1 1 1 1 1  )
                                ( 0 0 0 0 0 0 0 1 0 0 0 0 0 0 0 1  )
                                ( 0 0 0 0 0 0 0 1 0 0 0 0 0 0 0 1  )
                                ( 0 0 0 0 0 0 0 1 0 0 0 0 0 0 0 1  )
                                ( 1 1 1 1 1 1 1 1 1 1 1 1 1 1 1 1  )
                                ( 0 0 0 1 0 0 0 0 0 0 0 1 0 0 0 0  )
                                ( 0 0 0 1 0 0 0 0 0 0 0 1 0 0 0 0  )
                                ( 0 0 0 1 0 0 0 0 0 0 0 1 0 0 0 0  )
                                ( 1 1 1 1 1 1 1 1 1 1 1 1 1 1 1 1  )
                                ( 0 0 0 0 0 0 0 1 0 0 0 0 0 0 0 1  )
                                ( 0 0 0 0 0 0 0 1 0 0 0 0 0 0 0 1  )
                                ( 0 0 0 0 0 0 0 1 0 0 0 0 0 0 0 1  ) ) )
 ( psb           dagger       ( ( 0 0 0 0 0 0 0 0 0 0 0 0 0 0 0 0  )
                                ( 0 0 1 0 0 0 0 0 0 0 1 0 0 0 0 0  )
                                ( 0 0 1 0 0 0 0 0 0 0 1 0 0 0 0 0  )
                                ( 0 0 1 0 0 0 0 0 0 0 1 0 0 0 0 0  )
                                ( 1 1 1 1 1 0 0 0 1 1 1 1 1 0 0 0  )
                                ( 0 0 1 0 0 0 0 0 0 0 1 0 0 0 0 0  )
                                ( 0 0 1 0 0 0 0 0 0 0 1 0 0 0 0 0  )
                                ( 0 0 1 0 0 0 0 0 0 0 1 0 0 0 0 0  )
                                ( 0 0 0 0 0 0 0 0 0 0 0 0 0 0 0 0  )
                                ( 0 0 0 0 0 1 0 0 0 0 0 0 0 1 0 0  )
                                ( 0 0 0 0 0 1 0 0 0 0 0 0 0 1 0 0  )
                                ( 0 0 0 0 0 1 0 0 0 0 0 0 0 1 0 0  )
                                ( 0 0 0 1 1 1 1 1 0 0 0 1 1 1 1 1  )
                                ( 0 0 0 0 0 1 0 0 0 0 0 0 0 1 0 0  )
                                ( 0 0 0 0 0 1 0 0 0 0 0 0 0 1 0 0  )
                                ( 0 0 0 0 0 1 0 0 0 0 0 0 0 1 0 0  ) ) )
 ( psb           triangle     ( ( 0 0 0 0 0 0 0 0 0 0 0 0 0 0 0 0  )
                                ( 0 0 0 1 0 0 0 0 0 0 0 0 0 0 0 0  )
                                ( 0 0 1 0 1 0 0 0 0 0 0 0 0 0 0 0  )
                                ( 0 1 0 0 0 1 0 0 0 0 0 0 0 0 0 0  )
                                ( 1 1 1 1 1 1 1 0 0 0 0 0 0 0 0 0  )
                                ( 0 0 0 0 0 0 0 0 0 0 0 0 0 0 0 0  )
                                ( 0 0 0 0 0 0 0 0 0 0 1 0 0 0 0 0  )
                                ( 0 0 0 0 0 0 0 0 0 1 0 1 0 0 0 0  )
                                ( 0 0 0 0 0 0 0 0 1 0 0 0 1 0 0 0  )
                                ( 0 0 0 0 0 0 0 1 1 1 1 1 1 1 0 0  )
                                ( 0 0 0 0 0 0 0 0 0 0 0 0 0 0 0 0  )
                                ( 0 0 0 1 0 0 0 0 0 0 0 0 0 0 0 0  )
                                ( 0 0 1 0 1 0 0 0 0 0 0 0 0 0 0 0  )
                                ( 0 1 0 0 0 1 0 0 0 0 0 0 0 0 0 0  )
                                ( 1 1 1 1 1 1 1 0 0 0 0 0 0 0 0 0  )
                                ( 0 0 0 0 0 0 0 0 0 0 0 0 0 0 0 0  ) ) )
 ( psb           x            ( ( 1 0 1 0 0 1 0 1 0 0 1 0 1 0 0 0  )
                                ( 0 1 0 0 0 0 1 0 0 0 0 1 0 0 0 0  )
                                ( 1 0 1 0 0 1 0 1 0 0 1 0 1 0 0 0  )
                                ( 0 0 0 0 0 0 0 0 0 0 0 0 0 0 0 0  )
                                ( 0 0 0 0 0 0 0 0 0 0 0 0 0 0 0 0  )
                                ( 0 0 0 1 0 1 0 0 1 0 1 0 0 1 0 1  )
                                ( 0 0 0 0 1 0 0 0 0 1 0 0 0 0 1 0  )
                                ( 0 0 0 1 0 1 0 0 1 0 1 0 0 1 0 1  )
                                ( 0 0 0 0 0 0 0 0 0 0 0 0 0 0 0 0  )
                                ( 0 0 0 0 0 0 0 0 0 0 0 0 0 0 0 0  )
                                ( 1 0 1 0 0 1 0 1 0 0 0 1 0 1 0 0  )
                                ( 0 1 0 0 0 0 1 0 0 0 0 0 1 0 0 0  )
                                ( 1 0 1 0 0 1 0 1 0 0 0 1 0 1 0 0  )
                                ( 0 0 0 0 0 0 0 0 0 0 0 0 0 0 0 0  )
                                ( 0 0 0 0 0 0 0 0 0 0 0 0 0 0 0 0  )
                                ( 0 0 0 0 0 0 0 0 0 0 0 0 0 0 0 0  ) ) )
 ( psb           stipple18    ( ( 1 0 0 0 0 0 0 0 0 0 0 0 0 0 0 0  )
                                ( 0 1 0 0 0 0 0 0 0 0 0 0 0 0 0 0  )
                                ( 0 0 1 0 0 0 0 0 0 0 0 0 0 0 0 0  )
                                ( 0 0 0 1 0 0 0 0 0 0 0 0 0 0 0 0  )
                                ( 0 0 0 0 1 0 0 0 0 0 0 0 0 0 0 0  )
                                ( 0 0 0 0 0 1 0 0 0 0 0 0 0 0 0 0  )
                                ( 0 0 0 0 0 0 1 0 0 0 0 0 0 0 0 0  )
                                ( 0 0 0 0 0 0 0 1 0 0 0 0 0 0 0 0  )
                                ( 0 0 0 0 0 0 0 0 1 0 0 0 0 0 0 0  )
                                ( 0 0 0 0 0 0 0 0 0 1 0 0 0 0 0 0  )
                                ( 0 0 0 0 0 0 0 0 0 0 1 0 0 0 0 0  )
                                ( 0 0 0 0 0 0 0 0 0 0 0 1 0 0 0 0  )
                                ( 0 0 0 0 0 0 0 0 0 0 0 0 1 0 0 0  )
                                ( 0 0 0 0 0 0 0 0 0 0 0 0 0 1 0 0  )
                                ( 0 0 0 0 0 0 0 0 0 0 0 0 0 0 1 0  )
                                ( 0 0 0 0 0 0 0 0 0 0 0 0 0 0 0 1  ) ) )
 ( psb           stipple61    ( ( 0 1 0 0 0 0 0 0 0 0 0 0 0 0 0 0  )
                                ( 0 1 0 0 0 0 0 0 0 0 0 0 0 0 0 0  )
                                ( 0 1 0 0 0 0 0 0 0 0 0 0 0 0 0 0  )
                                ( 0 0 0 0 0 0 0 0 0 0 0 0 0 0 0 0  )
                                ( 0 0 0 0 0 0 0 0 0 0 0 0 0 0 0 0  )
                                ( 0 0 0 0 0 0 0 0 0 0 0 0 0 0 0 0  )
                                ( 0 0 0 0 0 0 0 0 0 1 0 0 0 0 0 0  )
                                ( 0 0 0 0 0 0 0 0 0 1 0 0 0 0 0 0  )
                                ( 0 0 0 0 0 0 0 0 0 1 0 0 0 0 0 0  )
                                ( 0 0 0 0 0 0 0 0 0 1 0 0 0 0 0 0  )
                                ( 0 0 0 0 0 0 0 0 0 1 0 0 0 0 0 0  )
                                ( 0 0 0 0 0 0 0 0 0 0 0 0 0 0 0 0  )
                                ( 0 0 0 0 0 0 0 0 0 0 0 0 0 0 0 0  )
                                ( 0 0 0 0 0 0 0 0 0 0 0 0 0 0 0 0  )
                                ( 0 1 0 0 0 0 0 0 0 0 0 0 0 0 0 0  )
                                ( 0 1 0 0 0 0 0 0 0 0 0 0 0 0 0 0  ) ) )
 ( psb           stipple30    ( ( 0 0 0 0 0 0 0 0 0 0 0 0 0 0 0 0  )
                                ( 0 0 0 0 1 0 0 0 1 0 0 0 1 0 0 0  )
                                ( 0 0 0 0 0 0 0 0 0 0 0 0 0 0 0 0  )
                                ( 1 0 0 0 0 0 0 0 1 0 0 0 1 0 0 0  )
                                ( 0 0 0 0 0 0 0 0 0 0 0 0 0 0 0 0  )
                                ( 1 0 0 0 1 0 0 0 0 0 0 0 0 0 0 0  )
                                ( 0 0 0 0 0 0 0 0 0 0 0 0 0 0 0 0  )
                                ( 0 0 0 0 1 0 0 0 1 0 0 0 0 0 0 0  )
                                ( 0 0 0 0 0 0 0 0 0 0 0 0 0 0 0 0  )
                                ( 1 0 0 0 0 0 0 0 1 0 0 0 1 0 0 0  )
                                ( 0 0 0 0 0 0 0 0 0 0 0 0 0 0 0 0  )
                                ( 1 0 0 0 1 0 0 0 0 0 0 0 1 0 0 0  )
                                ( 0 0 0 0 0 0 0 0 0 0 0 0 0 0 0 0  )
                                ( 0 0 0 0 1 0 0 0 1 0 0 0 0 0 0 0  )
                                ( 0 0 0 0 0 0 0 0 0 0 0 0 0 0 0 0  )
                                ( 1 0 0 0 0 0 0 0 1 0 0 0 1 0 0 0  ) ) )
 ( psb           dot4         ( ( 0 0 0 0 0 0 0 0 0 0 0 0 0 0 0 0  )
                                ( 0 1 0 0 0 1 0 0 0 1 0 0 0 1 0 0  )
                                ( 0 0 0 0 0 0 0 0 0 0 0 0 0 0 0 0  )
                                ( 0 0 0 0 0 0 0 0 0 0 0 0 0 0 0 0  )
                                ( 0 0 0 0 0 0 0 0 0 0 0 0 0 0 0 0  )
                                ( 0 1 0 0 0 1 0 0 0 1 0 0 0 1 0 0  )
                                ( 0 0 0 0 0 0 0 0 0 0 0 0 0 0 0 0  )
                                ( 0 0 0 0 0 0 0 0 0 0 0 0 0 0 0 0  )
                                ( 0 0 0 0 0 0 0 0 0 0 0 0 0 0 0 0  )
                                ( 0 1 0 0 0 1 0 0 0 1 0 0 0 1 0 0  )
                                ( 0 0 0 0 0 0 0 0 0 0 0 0 0 0 0 0  )
                                ( 0 0 0 0 0 0 0 0 0 0 0 0 0 0 0 0  )
                                ( 0 0 0 0 0 0 0 0 0 0 0 0 0 0 0 0  )
                                ( 0 1 0 0 0 1 0 0 0 1 0 0 0 1 0 0  )
                                ( 0 0 0 0 0 0 0 0 0 0 0 0 0 0 0 0  )
                                ( 0 0 0 0 0 0 0 0 0 0 0 0 0 0 0 0  ) ) )
 ( psb           dot2         ( ( 0 0 0 0 0 0 0 0 0 0 0 0 0 0 0 0  )
                                ( 0 0 0 0 0 0 0 0 0 0 0 0 0 0 0 0  )
                                ( 0 0 0 0 0 0 0 0 0 0 0 0 0 0 0 0  )
                                ( 0 0 0 1 1 1 0 0 0 0 0 0 0 0 0 0  )
                                ( 0 0 0 1 1 1 0 0 0 0 0 0 0 0 0 0  )
                                ( 0 0 0 1 1 1 0 0 0 0 0 0 0 0 0 0  )
                                ( 0 0 0 0 0 0 0 0 0 0 0 0 0 0 0 0  )
                                ( 0 0 0 0 0 0 0 0 0 0 0 0 0 0 0 0  )
                                ( 0 0 0 0 0 0 0 0 0 0 0 0 0 0 0 0  )
                                ( 0 0 0 0 0 0 0 0 0 0 0 0 0 0 0 0  )
                                ( 0 0 0 0 0 0 0 0 0 0 0 0 0 0 0 0  )
                                ( 0 0 0 0 0 0 0 0 0 0 0 0 0 0 0 0  )
                                ( 0 0 0 0 0 0 0 0 0 0 0 0 0 0 0 0  )
                                ( 0 0 0 0 0 0 0 0 0 0 0 0 0 0 0 0  )
                                ( 0 0 0 0 0 0 0 0 0 0 0 0 0 0 0 0  )
                                ( 0 0 0 0 0 0 0 0 0 0 0 0 0 0 0 0  ) ) )
 ( psb           dot1         ( ( 1 0 0 0 0 0 0 0 0 0 0 0 0 0 0 0  )
                                ( 0 0 0 0 0 0 0 0 0 0 0 0 0 0 0 0  )
                                ( 0 0 0 0 0 0 0 0 0 0 0 0 0 0 0 0  )
                                ( 0 0 0 0 0 0 0 0 0 0 0 0 0 0 0 0  )
                                ( 0 0 0 0 0 0 0 0 0 0 0 0 0 0 0 0  )
                                ( 0 0 0 0 0 0 0 0 0 0 0 0 0 0 0 0  )
                                ( 0 0 0 0 0 0 0 0 0 0 0 0 0 0 0 0  )
                                ( 0 0 0 0 0 0 0 0 0 0 0 0 0 0 0 0  )
                                ( 0 0 0 0 0 0 0 0 0 0 0 0 0 0 0 0  )
                                ( 0 0 0 0 0 0 0 0 0 0 0 0 0 0 0 0  )
                                ( 0 0 0 0 0 0 0 0 0 0 0 0 0 0 0 0  )
                                ( 0 0 0 0 0 0 0 0 0 0 0 0 0 0 0 0  )
                                ( 0 0 0 0 0 0 0 0 0 0 0 0 0 0 0 0  )
                                ( 0 0 0 0 0 0 0 0 0 0 0 0 0 0 0 0  )
                                ( 0 0 0 0 0 0 0 0 0 0 0 0 0 0 0 0  )
                                ( 0 0 0 0 0 0 0 0 0 0 0 0 0 0 0 0  ) ) )
 ( psb           stipple4     ( ( 0 0 0 0 0 0 0 0 0 0 0 0 0 0 0 0  )
                                ( 0 0 0 0 0 0 0 0 0 0 0 0 0 0 0 0  )
                                ( 0 0 0 0 0 0 0 0 0 0 0 0 0 0 0 0  )
                                ( 0 0 0 0 0 0 0 0 0 0 0 0 0 0 0 0  )
                                ( 0 0 0 0 0 0 0 0 0 0 0 0 0 0 0 0  )
                                ( 0 0 0 0 0 0 0 0 0 0 0 0 0 0 0 0  )
                                ( 0 0 0 0 0 0 0 0 0 0 0 0 0 0 0 0  )
                                ( 0 0 0 0 0 0 0 1 0 0 0 0 0 0 0 0  )
                                ( 0 0 0 0 0 0 0 0 0 0 0 0 0 0 0 0  )
                                ( 0 0 0 0 0 0 0 0 0 0 0 0 0 0 0 0  )
                                ( 0 0 0 0 0 0 0 0 0 0 0 0 0 0 0 0  )
                                ( 0 0 0 0 0 0 0 0 0 0 0 0 0 0 0 0  )
                                ( 0 0 0 0 0 0 0 0 0 0 0 0 0 0 0 0  )
                                ( 0 0 0 0 0 0 0 0 0 0 0 0 0 0 0 0  )
                                ( 0 0 0 0 0 0 0 0 0 0 0 0 0 0 0 0  )
                                ( 0 0 0 0 0 0 0 0 0 0 0 0 0 0 0 0  ) ) )
 ( psb           stipple31    ( ( 0 1 0 0 0 0 0 0 0 1 0 0 0 0 0 0  )
                                ( 0 1 0 0 0 0 0 0 0 1 0 0 0 0 0 0  )
                                ( 0 1 0 0 0 0 0 0 0 1 0 0 0 0 0 0  )
                                ( 0 1 0 0 0 0 0 0 0 1 0 0 0 0 0 0  )
                                ( 0 0 1 0 0 0 0 0 0 0 1 0 0 0 0 0  )
                                ( 0 0 1 0 0 0 0 0 0 0 1 0 0 0 0 0  )
                                ( 0 0 1 0 0 0 0 0 0 0 1 0 0 0 0 0  )
                                ( 0 0 1 0 0 0 0 0 0 0 1 0 0 0 0 0  )
                                ( 0 1 0 0 0 0 0 0 0 1 0 0 0 0 0 0  )
                                ( 0 1 0 0 0 0 0 0 0 1 0 0 0 0 0 0  )
                                ( 0 1 0 0 0 0 0 0 0 1 0 0 0 0 0 0  )
                                ( 0 1 0 0 0 0 0 0 0 1 0 0 0 0 0 0  )
                                ( 0 0 1 0 0 0 0 0 0 0 1 0 0 0 0 0  )
                                ( 0 0 1 0 0 0 0 0 0 0 1 0 0 0 0 0  )
                                ( 0 0 1 0 0 0 0 0 0 0 1 0 0 0 0 0  )
                                ( 0 0 1 0 0 0 0 0 0 0 1 0 0 0 0 0  ) ) )
 ( psb           stipple36    ( ( 0 0 0 1 0 0 0 0 0 0 0 1 0 0 0 0  )
                                ( 0 0 1 0 0 0 0 0 0 0 1 0 0 0 0 0  )
                                ( 0 0 1 0 0 0 0 0 0 0 1 0 0 0 0 0  )
                                ( 0 1 0 0 0 0 0 0 0 1 0 0 0 0 0 0  )
                                ( 0 1 0 0 0 0 0 0 0 1 0 0 0 0 0 0  )
                                ( 1 0 0 0 0 0 0 0 1 0 0 0 0 0 0 0  )
                                ( 0 0 0 0 0 0 0 0 1 0 0 0 0 0 0 0  )
                                ( 0 0 0 0 0 0 0 1 0 0 0 0 0 0 0 1  )
                                ( 0 0 0 0 0 0 0 1 0 0 0 0 0 0 0 1  )
                                ( 0 0 0 0 0 0 1 0 0 0 0 0 0 0 1 0  )
                                ( 0 0 0 0 0 0 1 0 0 0 0 0 0 0 1 0  )
                                ( 0 0 0 0 0 1 0 0 0 0 0 0 0 1 0 0  )
                                ( 0 0 0 0 0 1 0 0 0 0 0 0 0 1 0 0  )
                                ( 0 0 0 0 1 0 0 0 0 0 0 0 1 0 0 0  )
                                ( 0 0 0 0 1 0 0 0 0 0 0 0 1 0 0 0  )
                                ( 0 0 0 1 0 0 0 0 0 0 0 1 0 0 0 0  ) ) )
 ( psb           stipple51    ( ( 0 0 0 1 0 0 0 0 0 0 0 0 0 0 0 0  )
                                ( 0 0 1 0 0 0 0 0 0 0 0 0 0 0 0 0  )
                                ( 0 1 0 0 0 0 0 0 0 0 0 0 0 0 0 0  )
                                ( 1 0 0 0 0 0 0 0 0 0 0 0 0 0 0 0  )
                                ( 0 0 0 0 0 0 0 0 0 0 0 0 0 0 0 1  )
                                ( 0 0 0 1 1 1 1 1 0 0 0 0 0 0 1 0  )
                                ( 0 0 0 1 0 1 0 1 0 0 0 0 0 1 0 0  )
                                ( 0 0 0 1 0 1 0 1 0 0 0 0 1 0 0 0  )
                                ( 0 0 0 1 0 0 0 1 0 0 0 1 0 0 0 0  )
                                ( 0 0 0 0 0 0 0 0 0 0 1 0 0 0 0 0  )
                                ( 0 0 0 0 0 0 0 0 0 1 0 0 0 0 0 0  )
                                ( 0 0 0 0 0 0 0 0 1 0 0 0 0 0 0 0  )
                                ( 0 0 0 0 0 0 0 1 0 0 0 0 0 0 0 0  )
                                ( 0 0 0 0 0 0 1 0 0 0 0 0 0 0 0 0  )
                                ( 0 0 0 0 0 1 0 0 0 0 0 0 0 0 0 0  )
                                ( 0 0 0 0 1 0 0 0 0 0 0 0 0 0 0 0  ) ) )
 ( psb           stipple46    ( ( 1 0 0 0 0 0 0 0 0 0 0 0 0 0 0 0  )
                                ( 0 1 0 0 0 0 0 0 0 0 0 0 0 0 0 0  )
                                ( 0 0 1 0 0 0 0 0 0 0 0 0 0 0 0 0  )
                                ( 0 0 0 1 0 0 0 0 0 0 0 0 0 0 0 0  )
                                ( 0 0 0 0 1 0 0 0 0 0 0 0 0 0 0 0  )
                                ( 0 0 0 0 0 0 0 0 0 0 0 0 0 0 0 0  )
                                ( 0 0 0 0 0 0 1 1 1 1 1 0 0 0 0 0  )
                                ( 0 0 0 0 0 0 1 0 1 0 1 0 0 0 0 0  )
                                ( 0 0 0 0 0 0 1 0 1 0 1 0 0 0 0 0  )
                                ( 0 0 0 0 0 0 1 0 1 0 1 0 0 0 0 0  )
                                ( 0 0 0 0 0 0 0 0 0 0 0 0 0 0 0 0  )
                                ( 0 0 0 0 0 0 0 0 0 0 0 1 0 0 0 0  )
                                ( 0 0 0 0 0 0 0 0 0 0 0 0 1 0 0 0  )
                                ( 0 0 0 0 0 0 0 0 0 0 0 0 0 1 0 0  )
                                ( 0 0 0 0 0 0 0 0 0 0 0 0 0 0 1 0  )
                                ( 0 0 0 0 0 0 0 0 0 0 0 0 0 0 0 1  ) ) )
 ( psb           stipple60    ( ( 0 0 0 0 0 0 0 0 0 0 0 0 0 0 0 0  )
                                ( 0 0 0 0 0 0 0 0 0 0 0 0 0 0 0 0  )
                                ( 0 0 0 0 0 0 0 0 0 0 0 0 0 0 0 0  )
                                ( 0 0 0 0 0 0 0 0 0 0 0 0 0 0 0 0  )
                                ( 0 0 0 0 0 0 0 0 0 0 0 0 0 0 0 0  )
                                ( 0 0 0 0 0 0 0 0 0 0 0 0 0 0 0 0  )
                                ( 0 0 0 0 0 0 1 1 1 1 1 0 0 0 0 0  )
                                ( 0 0 0 0 0 0 1 0 1 0 1 0 0 0 0 0  )
                                ( 0 0 0 0 0 0 1 0 1 0 1 0 0 0 0 0  )
                                ( 0 0 0 0 0 0 1 0 1 0 1 0 0 0 0 0  )
                                ( 0 0 0 0 0 0 0 0 0 0 0 0 0 0 0 0  )
                                ( 0 0 0 0 0 0 0 0 0 0 0 0 0 0 0 0  )
                                ( 0 0 0 0 0 0 0 0 0 0 0 0 0 0 0 0  )
                                ( 0 0 0 0 0 0 0 0 0 0 0 0 0 0 0 0  )
                                ( 0 0 0 0 0 0 0 0 0 0 0 0 0 0 0 0  )
                                ( 0 0 0 0 0 0 0 0 0 0 0 0 0 0 0 0  ) ) )
 ( psb           stipple27    ( ( 0 0 1 0 0 0 0 0 0 0 1 0 0 0 0 0  )
                                ( 0 0 1 0 0 0 0 0 0 0 1 0 0 0 0 0  )
                                ( 0 0 1 0 0 0 0 0 0 0 1 0 0 0 0 0  )
                                ( 0 0 1 0 0 0 0 0 0 0 1 0 0 0 0 0  )
                                ( 0 0 0 1 1 0 0 0 0 0 0 1 1 0 0 0  )
                                ( 0 0 0 0 1 0 0 0 0 0 0 0 1 0 0 0  )
                                ( 0 0 0 0 1 0 0 0 0 0 0 0 1 0 0 0  )
                                ( 0 0 0 1 1 0 0 0 0 0 0 1 1 0 0 0  )
                                ( 0 0 1 0 0 0 0 0 0 0 1 0 0 0 0 0  )
                                ( 0 0 1 0 1 1 1 1 1 0 1 0 0 0 0 0  )
                                ( 0 0 1 0 1 0 1 0 1 0 1 0 0 0 0 0  )
                                ( 0 0 1 0 1 0 1 0 1 0 1 0 0 0 0 0  )
                                ( 1 1 0 0 1 0 1 0 1 0 0 0 0 0 0 0  )
                                ( 1 0 0 0 0 0 0 0 0 0 0 0 0 0 0 0  )
                                ( 1 0 0 0 0 0 0 0 1 0 0 0 0 0 0 0  )
                                ( 1 1 0 0 0 0 0 0 1 1 0 0 0 0 0 0  ) ) )
 ( psb           stipple1     ( ( 1 1 1 1 0 0 0 0 1 1 1 1 0 0 0 0  )
                                ( 1 1 1 1 0 0 0 0 1 1 1 1 0 0 0 0  )
                                ( 1 1 1 1 0 0 0 0 1 1 1 1 0 0 0 0  )
                                ( 1 1 1 1 0 0 0 0 1 1 1 1 0 0 0 0  )
                                ( 0 0 0 0 1 1 1 1 0 0 0 0 1 1 1 1  )
                                ( 0 0 0 0 1 1 1 1 0 0 0 0 1 1 1 1  )
                                ( 0 0 0 0 1 1 1 1 0 0 0 0 1 1 1 1  )
                                ( 0 0 0 0 1 1 1 1 0 0 0 0 1 1 1 1  )
                                ( 1 1 1 1 0 0 0 0 1 1 1 1 0 0 0 0  )
                                ( 1 1 1 1 0 0 0 0 1 1 1 1 0 0 0 0  )
                                ( 1 1 1 1 0 0 0 0 1 1 1 1 0 0 0 0  )
                                ( 1 1 1 1 0 0 0 0 1 1 1 1 0 0 0 0  )
                                ( 0 0 0 0 1 1 1 1 0 0 0 0 1 1 1 1  )
                                ( 0 0 0 0 1 1 1 1 0 0 0 0 1 1 1 1  )
                                ( 0 0 0 0 1 1 1 1 0 0 0 0 1 1 1 1  )
                                ( 0 0 0 0 1 1 1 1 0 0 0 0 1 1 1 1  ) ) )
 ( psb           stipple9     ( ( 0 0 0 0 0 0 0 0 0 0 0 0 0 0 0 0  )
                                ( 1 0 1 0 1 0 1 0 1 0 1 0 1 0 1 0  )
                                ( 0 0 0 0 0 0 0 0 0 0 0 0 0 0 0 0  )
                                ( 1 0 1 0 1 0 1 0 1 0 1 0 1 0 1 0  )
                                ( 0 0 0 0 0 0 0 0 0 0 0 0 0 0 0 0  )
                                ( 1 0 1 0 1 0 1 0 1 0 1 0 1 0 1 0  )
                                ( 0 0 0 0 0 0 0 0 0 0 0 0 0 0 0 0  )
                                ( 1 0 1 0 1 0 1 0 1 0 1 0 1 0 1 0  )
                                ( 0 0 0 0 0 0 0 0 0 0 0 0 0 0 0 0  )
                                ( 1 0 1 0 1 0 1 0 1 0 1 0 1 0 1 0  )
                                ( 0 0 0 0 0 0 0 0 0 0 0 0 0 0 0 0  )
                                ( 1 0 1 0 1 0 1 0 1 0 1 0 1 0 1 0  )
                                ( 0 0 0 0 0 0 0 0 0 0 0 0 0 0 0 0  )
                                ( 1 0 1 0 1 0 1 0 1 0 1 0 1 0 1 0  )
                                ( 0 0 0 0 0 0 0 0 0 0 0 0 0 0 0 0  )
                                ( 1 0 1 0 1 0 1 0 1 0 1 0 1 0 1 0  ) ) )
 ( psb           stipple14    ( ( 1 0 0 0 1 0 0 0 1 0 0 0 1 0 0 0  )
                                ( 0 0 0 0 0 0 0 0 0 0 0 0 0 0 0 0  )
                                ( 0 0 1 0 0 0 1 0 0 0 1 0 0 0 1 0  )
                                ( 0 0 0 0 0 0 0 0 0 0 0 0 0 0 0 0  )
                                ( 1 0 0 0 1 0 0 0 1 0 0 0 1 0 0 0  )
                                ( 0 0 0 0 0 0 0 0 0 0 0 0 0 0 0 0  )
                                ( 0 0 1 0 0 0 1 0 0 0 1 0 0 0 1 0  )
                                ( 0 0 0 0 0 0 0 0 0 0 0 0 0 0 0 0  )
                                ( 1 0 0 0 1 0 0 0 1 0 0 0 1 0 0 0  )
                                ( 0 0 0 0 0 0 0 0 0 0 0 0 0 0 0 0  )
                                ( 0 0 1 0 0 0 1 0 0 0 1 0 0 0 1 0  )
                                ( 0 0 0 0 0 0 0 0 0 0 0 0 0 0 0 0  )
                                ( 1 0 0 0 1 0 0 0 1 0 0 0 1 0 0 0  )
                                ( 0 0 0 0 0 0 0 0 0 0 0 0 0 0 0 0  )
                                ( 0 0 1 0 0 0 1 0 0 0 1 0 0 0 1 0  )
                                ( 0 0 0 0 0 0 0 0 0 0 0 0 0 0 0 0  ) ) )
 ( psb           stipple3     ( ( 1 0 0 0 0 0 0 0 0 0 0 0 0 0 0 1  )
                                ( 0 1 0 0 0 0 0 0 0 0 0 0 0 0 0 0  )
                                ( 0 0 1 0 0 0 0 0 0 0 0 0 0 0 0 0  )
                                ( 0 0 0 1 0 0 0 0 0 0 0 0 0 0 0 0  )
                                ( 0 0 0 0 1 0 0 0 0 0 0 0 0 0 0 0  )
                                ( 0 0 0 0 0 1 0 0 0 0 0 0 0 0 0 0  )
                                ( 0 0 0 0 0 0 1 0 0 0 0 0 0 0 0 0  )
                                ( 0 0 0 0 0 0 0 1 0 0 0 0 0 0 0 0  )
                                ( 0 0 0 0 0 0 0 0 1 0 0 0 0 0 0 0  )
                                ( 0 0 0 0 0 0 0 0 0 1 0 0 0 0 0 0  )
                                ( 0 0 0 0 0 0 0 0 0 0 1 0 0 0 0 0  )
                                ( 0 0 0 0 0 0 0 0 0 0 0 1 0 0 0 0  )
                                ( 0 0 0 0 0 0 0 0 0 0 0 0 1 0 0 0  )
                                ( 0 0 0 0 0 0 0 0 0 0 0 0 0 1 0 0  )
                                ( 0 0 0 0 0 0 0 0 0 0 0 0 0 0 1 0  )
                                ( 1 0 0 0 0 0 0 0 0 0 0 0 0 0 0 1  ) ) )
 ( psb           stipple15    ( ( 0 0 0 0 0 0 0 0 0 0 0 0 0 0 0 0  )
                                ( 0 0 0 0 0 0 0 0 0 0 0 0 0 0 0 0  )
                                ( 0 0 0 0 0 0 0 0 0 0 0 0 0 0 0 0  )
                                ( 0 0 1 0 0 0 1 1 1 0 0 0 1 1 0 0  )
                                ( 0 0 1 0 0 0 1 1 0 1 0 0 1 0 1 0  )
                                ( 0 0 1 0 0 0 1 1 0 0 1 0 1 0 0 1  )
                                ( 0 0 0 1 0 1 0 1 0 0 1 0 1 0 0 1  )
                                ( 0 0 0 1 0 1 0 1 0 0 1 0 1 0 0 1  )
                                ( 0 0 0 1 0 1 0 1 0 0 1 0 1 0 0 1  )
                                ( 0 0 0 0 1 0 0 1 0 0 1 0 1 0 0 1  )
                                ( 0 0 0 0 1 0 0 1 0 1 0 0 1 0 1 0  )
                                ( 0 0 0 0 1 0 0 1 1 0 0 0 1 1 0 0  )
                                ( 0 0 0 0 0 0 0 0 0 0 0 0 0 0 0 0  )
                                ( 0 0 0 0 0 0 0 0 0 0 0 0 0 0 0 0  )
                                ( 0 0 0 0 0 0 0 0 0 0 0 0 0 0 0 0  )
                                ( 0 0 0 0 0 0 0 0 0 0 0 0 0 0 0 0  ) ) )
 ( psb           stipple47    ( ( 1 1 1 1 1 1 1 0 1 1 1 1 1 1 1 0  )
                                ( 1 0 0 0 0 0 1 0 1 0 0 0 0 0 1 0  )
                                ( 1 0 1 1 1 0 1 0 1 0 1 1 1 0 1 0  )
                                ( 1 0 1 0 1 0 1 0 1 0 1 0 1 0 1 0  )
                                ( 1 0 1 0 0 0 1 0 1 0 1 0 0 0 1 0  )
                                ( 1 0 1 1 1 1 1 0 1 0 1 1 1 1 1 0  )
                                ( 1 0 0 0 0 0 0 0 1 0 0 0 0 0 0 0  )
                                ( 1 1 1 1 1 1 1 1 1 1 1 1 1 1 1 1  )
                                ( 1 1 1 1 1 1 1 0 1 1 1 1 1 1 1 0  )
                                ( 1 0 0 0 0 0 1 0 1 0 0 0 0 0 1 0  )
                                ( 1 0 1 1 1 0 1 0 1 0 1 1 1 0 1 0  )
                                ( 1 0 1 0 1 0 1 0 1 0 1 0 1 0 1 0  )
                                ( 1 0 1 0 0 0 1 0 1 0 1 0 0 0 1 0  )
                                ( 1 0 1 1 1 1 1 0 1 0 1 1 1 1 1 0  )
                                ( 1 0 0 0 0 0 0 0 1 0 0 0 0 0 0 0  )
                                ( 1 1 1 1 1 1 1 1 1 1 1 1 1 1 1 1  ) ) )
 ( psb           stipple8     ( ( 0 0 0 0 0 0 0 0 0 0 0 0 0 0 0 0  )
                                ( 0 0 0 0 0 0 0 0 0 0 0 0 0 0 0 0  )
                                ( 0 0 0 0 0 0 0 0 0 0 0 0 0 0 0 0  )
                                ( 0 0 1 0 0 0 1 0 1 0 0 0 1 0 0 0  )
                                ( 0 0 1 0 0 0 1 1 0 1 0 1 0 1 0 0  )
                                ( 0 0 1 0 0 0 1 1 0 0 0 1 0 0 0 0  )
                                ( 0 0 0 1 0 1 0 1 0 0 0 1 0 0 0 0  )
                                ( 0 0 0 1 0 1 0 0 1 0 0 0 1 0 0 0  )
                                ( 0 0 0 1 0 1 0 0 0 1 0 0 0 1 0 0  )
                                ( 0 0 0 0 1 0 0 0 0 1 0 0 0 1 0 0  )
                                ( 0 0 0 0 1 0 0 1 0 1 0 1 0 1 0 0  )
                                ( 0 0 0 0 1 0 0 0 1 0 0 0 1 0 0 0  )
                                ( 0 0 0 0 0 0 0 0 0 0 0 0 0 0 0 0  )
                                ( 0 0 0 0 0 0 0 0 0 0 0 0 0 0 0 0  )
                                ( 0 0 0 0 0 0 0 0 0 0 0 0 0 0 0 0  )
                                ( 0 0 0 0 0 0 0 0 0 0 0 0 0 0 0 0  ) ) )
 ( psb           stipple21    ( ( 0 0 0 0 0 0 0 0 0 0 0 0 0 0 0 0  )
                                ( 0 0 0 0 0 0 0 0 0 0 0 0 0 0 0 0  )
                                ( 0 0 0 0 0 0 0 0 0 0 0 0 0 0 0 0  )
                                ( 0 1 1 1 1 1 0 0 0 0 0 0 0 0 0 0  )
                                ( 0 1 0 0 0 1 0 0 0 0 0 0 0 0 0 0  )
                                ( 0 1 0 0 0 1 0 0 0 0 0 0 0 0 0 0  )
                                ( 0 1 0 0 0 1 0 0 0 0 0 1 0 0 0 0  )
                                ( 0 1 1 1 1 1 0 0 0 0 0 1 0 0 0 0  )
                                ( 0 1 0 0 0 0 0 0 0 1 1 1 1 1 0 0  )
                                ( 0 1 0 0 0 0 0 0 0 0 0 1 0 0 0 0  )
                                ( 0 1 0 0 0 0 0 0 0 0 0 1 0 0 0 0  )
                                ( 0 1 0 0 0 0 0 0 0 0 0 0 0 0 0 0  )
                                ( 0 0 0 0 0 0 0 0 0 0 0 0 0 0 0 0  )
                                ( 0 0 0 0 0 0 0 0 0 0 0 0 0 0 0 0  )
                                ( 0 0 0 0 0 0 0 0 0 0 0 0 0 0 0 0  )
                                ( 0 0 0 0 0 0 0 0 0 0 0 0 0 0 0 0  ) ) )
 ( psb           stipple20    ( ( 0 0 0 0 0 0 0 0 0 0 0 0 0 0 0 0  )
                                ( 0 0 0 0 0 0 0 0 0 0 0 0 0 0 0 0  )
                                ( 0 0 0 0 0 0 0 0 0 0 0 0 0 0 0 0  )
                                ( 0 1 0 0 0 1 0 0 0 0 0 0 0 0 0 0  )
                                ( 0 1 1 0 0 1 0 0 0 0 0 0 0 0 0 0  )
                                ( 0 1 1 0 0 1 0 0 0 0 0 0 0 0 0 0  )
                                ( 0 1 0 1 0 1 0 0 0 0 0 1 0 0 0 0  )
                                ( 0 1 0 1 0 1 0 0 0 0 0 1 0 0 0 0  )
                                ( 0 1 0 1 0 1 0 0 0 1 1 1 1 1 0 0  )
                                ( 0 1 0 0 1 1 0 0 0 0 0 1 0 0 0 0  )
                                ( 0 1 0 0 1 1 0 0 0 0 0 1 0 0 0 0  )
                                ( 0 1 0 0 0 1 0 0 0 0 0 0 0 0 0 0  )
                                ( 0 0 0 0 0 0 0 0 0 0 0 0 0 0 0 0  )
                                ( 0 0 0 0 0 0 0 0 0 0 0 0 0 0 0 0  )
                                ( 0 0 0 0 0 0 0 0 0 0 0 0 0 0 0 0  )
                                ( 0 0 0 0 0 0 0 0 0 0 0 0 0 0 0 0  ) ) )
 ( psb           stipple53    ( ( 1 0 0 0 0 0 0 0 1 0 0 0 0 0 0 0  )
                                ( 0 1 0 0 0 0 0 0 0 1 0 0 0 0 0 0  )
                                ( 0 0 1 0 0 0 0 0 0 0 1 0 0 0 0 0  )
                                ( 0 0 0 1 0 0 0 0 0 0 0 1 0 0 0 0  )
                                ( 0 0 0 1 0 0 0 0 0 0 0 1 0 0 0 0  )
                                ( 0 0 1 0 0 0 0 0 0 0 1 0 0 0 0 0  )
                                ( 0 1 0 0 0 0 0 0 0 1 0 0 0 0 0 0  )
                                ( 1 0 0 0 0 0 0 0 1 0 0 0 0 0 0 0  )
                                ( 0 0 0 0 1 0 0 0 0 0 0 0 1 0 0 0  )
                                ( 0 0 0 0 0 1 0 0 0 0 0 0 0 1 0 0  )
                                ( 0 0 0 0 0 0 1 0 0 0 0 0 0 0 1 0  )
                                ( 0 0 0 0 0 0 0 1 0 0 0 0 0 0 0 1  )
                                ( 0 0 0 0 0 0 0 1 0 0 0 0 0 0 0 1  )
                                ( 0 0 0 0 0 0 1 0 0 0 0 0 0 0 1 0  )
                                ( 0 0 0 0 0 1 0 0 0 0 0 0 0 1 0 0  )
                                ( 0 0 0 0 1 0 0 0 0 0 0 0 1 0 0 0  ) ) )
 ( psb           stipple22    ( ( 0 1 1 0 0 1 1 0 0 1 1 0 0 1 1 0  )
                                ( 1 0 0 0 1 0 0 0 1 0 0 0 1 0 0 0  )
                                ( 0 0 0 1 0 0 0 1 0 0 0 1 0 0 0 1  )
                                ( 0 1 1 0 0 1 1 0 0 1 1 0 0 1 1 0  )
                                ( 0 1 1 0 0 1 1 0 0 1 1 0 0 1 1 0  )
                                ( 0 0 0 1 0 0 0 1 0 0 0 1 0 0 0 1  )
                                ( 1 0 0 0 1 0 0 0 1 0 0 0 1 0 0 0  )
                                ( 0 1 1 0 0 1 1 0 0 1 1 0 0 1 1 0  )
                                ( 0 1 1 0 0 1 1 0 0 1 1 0 0 1 1 0  )
                                ( 1 0 0 0 1 0 0 0 1 0 0 0 1 0 0 0  )
                                ( 0 0 0 1 0 0 0 1 0 0 0 1 0 0 0 1  )
                                ( 0 1 1 0 0 1 1 0 0 1 1 0 0 1 1 0  )
                                ( 0 1 1 0 0 1 1 0 0 1 1 0 0 1 1 0  )
                                ( 0 0 0 1 0 0 0 1 0 0 0 1 0 0 0 1  )
                                ( 1 0 0 0 1 0 0 0 1 0 0 0 1 0 0 0  )
                                ( 0 1 1 0 0 1 1 0 0 1 1 0 0 1 1 0  ) ) )
 ( psb           stipple32    ( ( 0 0 0 0 1 1 0 0 0 0 0 0 1 1 0 0  )
                                ( 0 0 0 0 1 1 0 0 0 0 0 0 1 1 0 0  )
                                ( 0 0 0 0 0 0 1 1 0 0 0 0 0 0 1 1  )
                                ( 0 0 0 0 0 0 1 1 0 0 0 0 0 0 1 1  )
                                ( 1 1 0 0 0 0 0 0 1 1 0 0 0 0 0 0  )
                                ( 1 1 0 0 0 0 0 0 1 1 0 0 0 0 0 0  )
                                ( 0 0 1 1 0 0 0 0 0 0 1 1 0 0 0 0  )
                                ( 0 0 1 1 0 0 0 0 0 0 1 1 0 0 0 0  )
                                ( 0 0 0 0 1 1 0 0 0 0 0 0 1 1 0 0  )
                                ( 0 0 0 0 1 1 0 0 0 0 0 0 1 1 0 0  )
                                ( 0 0 0 0 0 0 1 1 0 0 0 0 0 0 1 1  )
                                ( 0 0 0 0 0 0 1 1 0 0 0 0 0 0 1 1  )
                                ( 1 1 0 0 0 0 0 0 1 1 0 0 0 0 0 0  )
                                ( 1 1 0 0 0 0 0 0 1 1 0 0 0 0 0 0  )
                                ( 0 0 1 1 0 0 0 0 0 0 1 1 0 0 0 0  )
                                ( 0 0 1 1 0 0 0 0 0 0 1 1 0 0 0 0  ) ) )
 ( psb           stipple5     ( ( 0 0 1 1 1 1 0 0 0 0 0 0 0 0 0 0  )
                                ( 0 1 0 0 0 0 1 0 0 0 0 0 0 0 0 0  )
                                ( 1 0 0 0 0 0 0 1 0 0 0 0 0 0 0 0  )
                                ( 1 0 0 0 0 0 0 1 0 0 0 0 0 0 0 0  )
                                ( 1 0 0 0 0 0 0 1 0 0 0 0 0 0 0 0  )
                                ( 1 0 0 0 0 0 0 1 0 0 0 0 0 0 0 0  )
                                ( 0 1 0 0 0 0 1 0 0 0 0 0 0 0 0 0  )
                                ( 0 0 1 1 1 1 0 0 0 0 0 0 0 0 0 0  )
                                ( 0 0 0 0 0 0 0 0 0 0 1 1 1 1 0 0  )
                                ( 0 0 0 0 0 0 0 0 0 1 0 0 0 0 1 0  )
                                ( 0 0 0 0 0 0 0 0 1 0 0 0 0 0 0 1  )
                                ( 0 0 0 0 0 0 0 0 1 0 0 0 0 0 0 1  )
                                ( 0 0 0 0 0 0 0 0 1 0 0 0 0 0 0 1  )
                                ( 0 0 0 0 0 0 0 0 1 0 0 0 0 0 0 1  )
                                ( 0 0 0 0 0 0 0 0 0 1 0 0 0 0 1 0  )
                                ( 0 0 0 0 0 0 0 0 0 0 1 1 1 1 0 0  ) ) )
 ( psb           stipple66    ( ( 0 1 1 0 0 1 1 0 0 1 1 0 0 1 1 0  )
                                ( 1 0 0 0 1 0 0 0 1 0 0 0 1 0 0 0  )
                                ( 0 0 0 1 0 0 0 1 0 0 0 1 0 0 0 1  )
                                ( 0 1 1 0 0 1 1 0 0 1 1 0 0 1 1 0  )
                                ( 0 1 1 0 0 1 1 0 0 1 1 0 0 1 1 0  )
                                ( 0 0 0 1 0 0 0 1 0 0 0 1 0 0 0 1  )
                                ( 1 0 0 0 1 0 0 0 1 0 0 0 1 0 0 0  )
                                ( 0 1 1 0 0 1 1 0 0 1 1 0 0 1 1 0  )
                                ( 0 1 1 0 0 1 1 0 0 1 1 0 0 1 1 0  )
                                ( 1 0 0 0 1 0 0 0 1 0 0 0 1 0 0 0  )
                                ( 0 0 0 1 0 0 0 1 0 0 0 1 0 0 0 0  )
                                ( 0 1 1 0 0 1 1 0 0 1 1 0 0 1 1 0  )
                                ( 0 1 1 0 0 1 1 0 0 1 1 0 0 1 1 0  )
                                ( 0 0 0 1 0 0 0 1 0 0 0 1 0 0 0 1  )
                                ( 1 0 0 0 1 0 0 0 1 0 0 0 1 0 0 0  )
                                ( 0 1 1 0 0 1 1 0 0 1 1 0 0 1 1 0  ) ) )
 ( psb           stipple63    ( ( 0 0 0 0 1 0 0 1 0 0 0 0 1 0 0 1  )
                                ( 0 0 0 0 0 1 1 0 0 0 0 0 0 1 1 0  )
                                ( 0 0 0 0 0 1 1 0 0 0 0 0 0 1 1 0  )
                                ( 0 0 0 0 1 0 0 1 0 0 0 0 1 0 0 1  )
                                ( 1 0 0 1 0 0 0 0 1 0 0 1 0 0 0 0  )
                                ( 0 1 1 0 0 0 0 0 0 1 1 0 0 0 0 0  )
                                ( 0 1 1 0 0 0 0 0 0 1 1 0 0 0 0 0  )
                                ( 1 0 0 1 0 0 0 0 1 0 0 1 0 0 0 0  )
                                ( 0 0 0 0 1 0 0 1 0 0 0 0 1 0 0 1  )
                                ( 0 0 0 0 0 1 1 0 0 0 0 0 0 1 1 0  )
                                ( 0 0 0 0 0 1 1 0 0 0 0 0 0 1 1 0  )
                                ( 0 0 0 0 1 0 0 1 0 0 0 0 1 0 0 1  )
                                ( 1 0 0 1 0 0 0 0 1 0 0 1 0 0 0 0  )
                                ( 0 1 1 0 0 0 0 0 0 1 1 0 0 0 0 0  )
                                ( 0 1 1 0 0 0 0 0 0 1 1 0 0 0 0 0  )
                                ( 1 0 0 1 0 0 0 0 1 0 0 1 0 0 0 0  ) ) )
 ( psb           stipple62    ( ( 1 0 0 0 1 0 0 0 1 0 0 0 1 0 0 0  )
                                ( 0 1 0 1 0 1 0 0 0 1 0 1 0 1 0 0  )
                                ( 0 0 1 0 0 0 1 0 0 0 1 0 0 0 1 0  )
                                ( 0 1 0 1 0 0 0 1 0 1 0 1 0 0 0 1  )
                                ( 1 0 0 0 1 0 0 0 1 0 0 0 1 0 1 0  )
                                ( 0 1 0 0 0 1 0 1 0 1 0 0 0 1 0 1  )
                                ( 0 0 1 0 0 0 1 0 0 0 1 0 1 0 1 0  )
                                ( 0 0 0 1 0 1 0 1 0 0 0 1 0 0 0 1  )
                                ( 1 0 0 0 1 0 0 0 1 0 1 0 1 0 0 0  )
                                ( 0 1 0 1 0 1 0 0 0 1 0 0 0 1 0 0  )
                                ( 0 0 1 0 0 0 1 0 1 0 1 0 0 0 1 0  )
                                ( 0 1 0 1 0 0 0 1 0 0 0 1 0 0 0 1  )
                                ( 1 0 0 0 1 0 1 0 1 0 0 0 1 0 0 0  )
                                ( 0 1 0 0 0 1 0 0 0 1 0 0 0 1 0 1  )
                                ( 0 0 1 0 1 0 1 0 0 0 1 0 0 0 1 0  )
                                ( 0 0 0 1 0 1 0 1 0 0 0 1 0 1 0 1  ) ) )
 ( psb           stipple64    ( ( 1 0 1 0 1 0 1 0 1 0 1 0 1 0 1 0  )
                                ( 0 1 0 1 0 1 0 1 0 1 0 1 0 1 0 1  )
                                ( 1 0 1 0 1 0 1 0 1 0 1 0 1 0 1 0  )
                                ( 0 1 0 1 0 1 0 1 0 1 0 1 0 1 0 1  )
                                ( 1 0 1 0 1 0 1 0 1 0 1 0 1 0 1 0  )
                                ( 0 1 0 1 0 1 0 1 0 1 0 1 0 1 0 1  )
                                ( 1 0 1 0 1 0 1 0 1 0 1 0 1 0 1 0  )
                                ( 0 1 0 1 0 1 0 1 0 1 0 1 0 1 0 1  )
                                ( 1 0 1 0 1 0 1 0 1 0 1 0 1 0 1 0  )
                                ( 0 1 0 1 0 1 0 1 0 1 0 1 0 1 0 1  )
                                ( 1 0 1 0 1 0 1 0 1 0 1 0 1 0 1 0  )
                                ( 0 1 0 1 0 1 0 1 0 1 0 1 0 1 0 1  )
                                ( 1 0 1 0 1 0 1 0 1 0 1 0 1 0 1 0  )
                                ( 0 1 0 1 0 1 0 1 0 1 0 1 0 1 0 1  )
                                ( 1 0 1 0 1 0 1 0 1 0 1 0 1 0 1 0  )
                                ( 0 1 0 1 0 1 0 1 0 1 0 1 0 1 0 1  ) ) )
 ( psb           stipple24    ( ( 1 0 0 0 1 0 0 0 1 0 0 0 1 0 0 1  )
                                ( 0 0 0 0 0 0 0 0 0 0 0 0 0 0 0 0  )
                                ( 0 0 1 0 0 0 1 0 0 0 1 0 0 1 0 0  )
                                ( 0 0 0 0 0 0 0 0 0 0 0 0 0 0 0 0  )
                                ( 1 0 0 0 1 0 0 0 1 0 0 0 1 0 0 1  )
                                ( 0 0 0 0 0 0 0 0 0 0 0 0 0 0 0 0  )
                                ( 0 0 1 0 0 0 1 0 0 0 1 0 0 1 0 0  )
                                ( 0 0 0 0 0 0 0 0 0 0 0 0 0 0 0 0  )
                                ( 1 0 0 0 1 0 0 0 1 0 0 0 1 0 0 1  )
                                ( 0 0 0 0 0 0 0 0 0 0 0 0 0 0 0 0  )
                                ( 0 0 1 0 0 0 1 0 0 0 1 0 0 1 0 0  )
                                ( 0 0 0 0 0 0 0 0 0 0 0 0 0 0 0 0  )
                                ( 1 0 0 0 1 0 0 0 1 0 0 0 1 0 0 1  )
                                ( 0 0 0 0 0 0 0 0 0 0 0 0 0 0 0 0  )
                                ( 0 0 1 0 0 0 1 0 0 0 1 0 0 1 0 0  )
                                ( 0 0 0 0 0 0 0 0 0 0 0 0 0 0 0 0  ) ) )
 ( psb           stipple25    ( ( 1 0 0 0 0 0 0 0 0 0 0 0 0 0 0 0  )
                                ( 0 1 0 0 0 0 0 1 1 0 1 1 0 0 0 0  )
                                ( 0 0 0 0 0 0 0 1 0 1 0 1 1 1 1 0  )
                                ( 0 0 1 0 0 0 0 1 0 1 0 1 1 0 0 1  )
                                ( 0 1 0 0 1 0 0 1 0 1 0 1 1 1 1 1  )
                                ( 1 0 0 0 0 1 0 1 0 1 0 1 0 0 1 1  )
                                ( 0 1 0 0 0 0 1 0 0 0 0 0 1 1 1 1  )
                                ( 0 0 1 0 0 0 0 1 0 0 0 0 0 0 0 1  )
                                ( 0 0 0 0 0 0 0 0 1 0 0 0 0 0 0 0  )
                                ( 0 0 0 0 0 0 0 0 0 1 0 0 0 0 0 0  )
                                ( 0 0 0 0 0 0 0 0 0 0 1 0 0 0 0 0  )
                                ( 0 0 0 0 0 0 0 0 0 0 0 1 0 0 0 0  )
                                ( 0 0 0 0 0 0 0 0 0 0 0 0 1 0 0 0  )
                                ( 0 0 0 0 0 0 0 0 0 0 0 0 0 1 0 0  )
                                ( 0 0 0 0 0 0 0 0 0 0 0 0 0 0 1 0  )
                                ( 0 0 0 0 0 0 0 0 0 0 0 0 0 0 0 1  ) ) )
 ( psb           stipple34    ( ( 0 0 0 0 0 0 0 0 0 0 0 0 0 0 0 0  )
                                ( 0 0 1 0 0 0 1 0 0 0 1 0 0 0 1 0  )
                                ( 0 0 0 0 0 0 0 0 0 0 0 0 0 0 0 0  )
                                ( 1 0 0 0 1 0 0 0 1 0 0 0 1 0 0 0  )
                                ( 0 0 0 0 0 0 0 0 0 0 0 0 0 1 0 0  )
                                ( 0 0 0 0 0 0 0 0 0 0 0 0 0 1 0 0  )
                                ( 0 0 1 1 1 1 1 0 1 1 1 1 0 1 0 1  )
                                ( 1 0 1 0 1 0 1 0 0 1 0 0 0 1 1 0  )
                                ( 0 0 1 0 1 0 1 0 0 0 1 0 0 1 1 0  )
                                ( 0 0 1 0 1 0 1 0 1 1 1 1 0 1 0 1  )
                                ( 0 0 0 0 0 0 0 0 0 0 0 0 0 0 0 0  )
                                ( 1 0 0 0 1 0 0 0 1 0 0 0 1 0 0 0  )
                                ( 0 0 0 0 0 0 0 0 0 0 0 0 0 0 0 0  )
                                ( 0 0 1 0 0 0 1 0 0 0 1 0 0 0 1 0  )
                                ( 0 0 0 0 0 0 0 0 0 0 0 0 0 0 0 0  )
                                ( 1 0 0 0 1 0 0 0 1 0 0 0 1 0 0 0  ) ) )
 ( psb           stipple42    ( ( 1 0 0 1 0 0 0 0 1 0 0 1 0 0 0 0  )
                                ( 0 1 0 0 0 0 1 0 0 1 0 0 0 0 1 0  )
                                ( 0 0 0 0 1 0 0 1 0 0 0 0 1 0 0 1  )
                                ( 0 0 1 0 0 1 0 0 0 0 1 0 0 1 0 0  )
                                ( 1 0 0 1 0 0 0 0 0 0 0 1 0 0 0 0  )
                                ( 0 1 0 0 0 1 1 1 1 1 0 0 0 0 1 0  )
                                ( 0 0 0 0 0 1 0 1 0 1 0 0 1 0 0 1  )
                                ( 0 0 1 0 0 1 0 1 0 1 0 0 0 1 0 0  )
                                ( 1 0 0 1 0 1 0 1 0 1 0 1 0 0 0 0  )
                                ( 0 1 0 0 0 0 0 0 0 0 0 0 0 0 1 0  )
                                ( 0 0 0 0 1 0 0 1 0 0 0 0 1 0 0 1  )
                                ( 0 0 1 0 0 1 0 0 0 0 1 0 0 1 0 0  )
                                ( 1 0 0 1 0 0 0 0 1 0 0 1 0 0 0 0  )
                                ( 0 1 0 0 0 0 1 0 0 1 0 0 0 0 1 0  )
                                ( 0 0 0 0 1 0 0 1 0 0 0 0 1 0 0 1  )
                                ( 0 0 1 0 0 1 0 0 0 0 1 0 0 1 0 0  ) ) )
 ( psb           stipple26    ( ( 0 1 0 0 0 0 0 0 0 1 0 0 0 0 0 0  )
                                ( 0 0 1 0 0 0 0 0 0 0 1 0 0 0 0 0  )
                                ( 0 0 0 1 0 0 0 0 0 0 0 1 0 0 0 0  )
                                ( 0 0 0 0 0 0 0 0 0 0 0 0 1 0 0 0  )
                                ( 0 0 1 1 0 1 1 0 0 0 0 0 0 1 0 0  )
                                ( 0 1 0 0 1 0 0 1 1 1 1 1 0 0 0 0  )
                                ( 0 1 0 0 1 0 0 1 1 0 0 0 1 0 0 1  )
                                ( 0 1 0 0 1 0 0 1 1 1 1 1 1 0 1 0  )
                                ( 0 1 0 0 1 0 0 1 0 0 0 1 1 1 0 0  )
                                ( 0 0 0 0 0 0 0 0 1 1 1 1 1 0 1 0  )
                                ( 0 0 0 1 0 0 0 0 0 0 0 0 1 0 0 1  )
                                ( 0 0 0 0 1 0 0 0 0 0 0 0 0 0 0 0  )
                                ( 0 0 0 0 0 1 0 0 0 0 0 0 0 1 0 0  )
                                ( 0 0 0 0 0 0 1 0 0 0 0 0 0 0 1 0  )
                                ( 0 0 0 0 0 0 0 1 0 0 0 0 0 0 0 1  )
                                ( 1 0 0 0 0 0 0 0 1 0 0 0 0 0 0 0  ) ) )
 ( psb           stipple37    ( ( 1 1 1 1 1 1 1 1 1 1 1 1 1 1 1 1  )
                                ( 1 1 1 1 1 1 1 1 1 1 1 1 1 1 1 1  )
                                ( 1 1 1 1 1 1 1 1 1 1 1 1 1 1 1 1  )
                                ( 1 1 1 1 1 1 1 1 1 1 1 1 1 1 1 1  )
                                ( 1 1 1 1 1 1 1 1 1 1 1 1 0 1 1 1  )
                                ( 1 1 1 1 1 1 1 1 1 1 1 1 0 1 1 1  )
                                ( 1 0 0 0 0 0 1 0 0 0 0 1 0 1 0 1  )
                                ( 1 0 1 0 1 0 1 1 0 1 1 1 0 0 1 1  )
                                ( 1 0 1 0 1 0 1 1 1 0 1 1 0 0 1 1  )
                                ( 1 0 1 0 1 0 1 0 0 0 0 1 0 1 0 1  )
                                ( 1 1 1 1 1 1 1 1 1 1 1 1 1 1 1 1  )
                                ( 1 1 1 1 1 1 1 1 1 1 1 1 1 1 1 1  )
                                ( 1 1 1 1 1 1 1 1 1 1 1 1 1 1 1 1  )
                                ( 1 1 1 1 1 1 1 1 1 1 1 1 1 1 1 1  )
                                ( 1 1 1 1 1 1 1 1 1 1 1 1 1 1 1 1  )
                                ( 1 1 1 1 1 1 1 1 1 1 1 1 1 1 1 1  ) ) )
 ( psb           stipple39    ( ( 1 1 0 0 1 1 0 0 1 1 0 0 1 1 0 0  )
                                ( 1 1 0 0 1 1 0 0 1 1 0 0 1 1 0 0  )
                                ( 0 0 1 1 0 0 1 1 0 0 1 1 0 0 1 1  )
                                ( 0 0 1 1 0 0 1 1 0 0 1 1 0 0 1 1  )
                                ( 1 1 0 0 0 0 0 0 0 0 0 0 1 1 0 0  )
                                ( 1 1 0 0 0 1 1 1 1 1 0 0 1 1 0 0  )
                                ( 0 0 1 0 0 1 0 1 0 1 0 0 0 0 1 1  )
                                ( 0 0 1 0 0 1 0 1 0 1 0 0 0 0 1 1  )
                                ( 1 1 0 0 0 1 0 1 0 1 0 0 1 1 0 0  )
                                ( 1 1 0 0 0 0 0 0 0 0 0 0 1 1 0 0  )
                                ( 0 0 1 1 0 0 1 1 0 0 1 1 0 0 1 1  )
                                ( 0 0 1 1 0 0 1 1 0 0 1 1 0 0 1 1  )
                                ( 1 1 0 0 1 1 0 0 1 1 0 0 1 1 0 0  )
                                ( 1 1 0 0 1 1 0 0 1 1 0 0 1 1 0 0  )
                                ( 0 0 1 1 0 0 1 1 0 0 1 1 0 0 1 1  )
                                ( 0 0 1 1 0 0 1 1 0 0 1 1 0 0 1 1  ) ) )
 ( psb           stipple40    ( ( 0 1 1 0 0 1 1 0 0 1 1 0 0 1 1 0  )
                                ( 1 0 0 0 1 0 0 0 1 0 0 0 1 0 0 0  )
                                ( 0 0 0 1 0 0 0 1 0 0 0 1 0 0 0 1  )
                                ( 0 1 1 0 0 1 1 0 0 1 1 0 0 1 1 0  )
                                ( 0 1 1 0 0 1 1 0 0 1 1 0 0 1 1 0  )
                                ( 0 0 0 1 0 0 0 0 0 0 0 0 0 0 0 1  )
                                ( 1 0 0 0 1 0 0 1 1 1 1 1 0 0 0 0  )
                                ( 0 1 1 0 0 1 0 1 0 1 0 1 0 1 1 0  )
                                ( 0 1 1 0 0 1 0 1 0 1 0 1 0 1 1 0  )
                                ( 1 0 0 0 1 0 0 1 0 1 0 1 0 0 0 0  )
                                ( 0 0 0 1 0 0 0 0 0 0 0 0 0 0 0 1  )
                                ( 0 1 1 0 0 1 1 0 0 1 1 0 0 1 1 0  )
                                ( 0 1 1 0 0 1 1 0 0 1 1 0 0 1 1 0  )
                                ( 0 0 0 1 0 0 0 1 0 0 0 1 0 0 0 1  )
                                ( 1 0 0 0 1 0 0 0 1 0 0 0 1 0 0 0  )
                                ( 0 1 1 0 0 1 1 0 0 1 1 0 0 1 1 0  ) ) )
 ( psb           stipple49    ( ( 0 0 0 1 1 0 0 0 0 0 0 1 1 0 0 0  )
                                ( 0 0 1 0 0 1 0 0 0 0 1 0 0 1 0 0  )
                                ( 0 1 0 0 0 0 1 0 0 1 0 0 0 0 1 0  )
                                ( 1 0 0 0 0 0 0 1 1 0 0 0 0 0 0 1  )
                                ( 1 0 0 0 0 0 0 1 1 0 0 0 0 0 0 1  )
                                ( 0 1 0 0 0 0 1 0 0 1 0 0 0 0 1 0  )
                                ( 0 0 1 0 0 1 0 0 0 0 1 0 0 1 0 0  )
                                ( 0 0 0 1 1 0 0 0 0 0 0 1 1 0 0 0  )
                                ( 0 0 0 1 1 0 0 0 0 0 0 1 1 0 0 0  )
                                ( 0 0 1 0 0 1 0 0 0 0 1 0 0 1 0 0  )
                                ( 0 1 0 0 0 0 1 0 0 1 0 0 0 0 1 0  )
                                ( 1 0 0 0 0 0 0 1 1 0 0 0 0 0 0 1  )
                                ( 1 0 0 0 0 0 0 1 1 0 0 0 0 0 0 1  )
                                ( 0 1 0 0 0 0 1 0 0 1 0 0 0 0 1 0  )
                                ( 0 0 1 0 0 1 0 0 0 0 1 0 0 1 0 0  )
                                ( 0 0 0 1 1 0 0 0 0 0 0 1 1 0 0 0  ) ) )
 ( psb           stipple19    ( ( 1 0 0 0 0 0 1 0 0 0 0 0 1 0 0 0  )
                                ( 0 0 0 0 0 0 0 0 0 0 0 0 0 0 0 0  )
                                ( 0 0 0 1 0 0 0 0 0 1 0 0 0 0 0 1  )
                                ( 0 0 0 0 0 0 0 0 0 0 0 0 0 0 0 0  )
                                ( 1 0 0 0 0 0 1 0 0 0 0 0 1 0 0 0  )
                                ( 0 0 0 0 0 0 0 0 0 0 0 0 0 0 0 0  )
                                ( 0 0 0 1 0 0 0 0 0 1 0 0 0 0 0 1  )
                                ( 0 0 0 0 0 0 0 0 0 0 0 0 0 0 0 0  )
                                ( 1 0 0 0 0 0 1 0 0 0 0 0 1 0 0 0  )
                                ( 0 0 0 0 0 0 0 0 0 0 0 0 0 0 0 0  )
                                ( 0 0 0 1 0 0 0 0 0 1 0 0 0 0 0 1  )
                                ( 0 0 0 0 0 0 0 0 0 0 0 0 0 0 0 0  )
                                ( 1 0 0 0 0 0 1 0 0 0 0 0 1 0 0 0  )
                                ( 0 0 0 0 0 0 0 0 0 0 0 0 0 0 0 0  )
                                ( 0 0 0 1 0 0 0 0 0 1 0 0 0 0 0 1  )
                                ( 0 0 0 0 0 0 0 0 0 0 0 0 0 0 0 0  ) ) )
 ( psb           stipple55    ( ( 1 0 0 0 1 1 1 1 1 0 0 0 1 1 1 1  )
                                ( 0 0 0 0 0 0 1 0 0 0 0 0 0 0 1 0  )
                                ( 0 0 1 0 0 0 1 0 0 0 1 0 0 0 1 0  )
                                ( 0 0 1 0 0 0 0 0 0 0 1 0 0 0 0 0  )
                                ( 1 1 1 1 1 0 0 0 1 1 1 1 1 0 0 0  )
                                ( 0 0 1 0 0 0 0 0 0 0 1 0 0 0 0 0  )
                                ( 0 0 1 0 0 0 1 0 0 0 1 0 0 0 1 0  )
                                ( 0 0 0 0 0 0 1 0 0 0 0 0 0 0 1 0  )
                                ( 1 0 0 0 1 1 1 1 1 0 0 0 1 1 1 1  )
                                ( 0 0 0 0 0 0 1 0 0 0 0 0 0 0 1 0  )
                                ( 0 0 1 0 0 0 1 0 0 0 1 0 0 0 1 0  )
                                ( 0 0 1 0 0 0 0 0 0 0 1 0 0 0 0 0  )
                                ( 1 1 1 1 1 0 0 0 1 1 1 1 1 0 0 0  )
                                ( 0 0 1 0 0 0 0 0 0 0 1 0 0 0 0 0  )
                                ( 0 0 1 0 0 0 1 0 0 0 1 0 0 0 1 0  )
                                ( 0 0 0 0 0 0 1 0 0 0 0 0 0 0 1 0  ) ) )
 ( psb           stipple2     ( ( 0 0 0 1 0 0 0 0 0 0 1 1 1 0 0 0  )
                                ( 0 0 0 0 1 1 0 0 0 0 0 0 0 1 1 0  )
                                ( 0 0 0 0 0 0 1 0 0 0 0 0 0 0 0 1  )
                                ( 1 0 0 0 0 0 0 1 1 0 0 0 0 0 0 0  )
                                ( 0 1 0 0 0 0 0 0 0 1 0 0 0 0 0 0  )
                                ( 0 0 1 1 0 0 0 0 0 0 1 1 0 0 0 0  )
                                ( 0 0 0 0 1 0 0 0 0 0 0 0 1 1 0 0  )
                                ( 0 0 0 0 0 1 1 0 0 0 0 0 0 0 1 0  )
                                ( 0 0 0 0 0 0 0 1 0 0 0 0 0 0 0 1  )
                                ( 1 0 0 0 0 0 0 0 1 1 0 0 0 0 0 0  )
                                ( 0 1 1 0 0 0 0 0 0 0 1 0 0 0 0 0  )
                                ( 0 0 0 1 0 0 0 0 0 0 0 1 1 0 0 0  )
                                ( 0 0 0 0 1 1 0 0 0 0 0 0 0 1 0 0  )
                                ( 0 0 0 0 0 0 1 0 0 0 0 0 0 0 1 1  )
                                ( 1 0 0 0 0 0 0 1 1 0 0 0 0 0 0 0  )
                                ( 0 1 1 0 0 0 0 0 0 1 0 0 0 0 0 0  ) ) )
 ( psb           dot3         ( ( 0 0 0 0 0 0 0 0 0 0 0 0 0 0 0 0  )
                                ( 0 0 0 0 0 0 0 0 0 0 0 0 0 0 0 0  )
                                ( 0 0 0 0 0 0 0 0 0 0 0 0 0 0 0 0  )
                                ( 0 0 0 0 0 0 0 0 0 0 0 0 0 0 0 0  )
                                ( 0 0 0 0 0 0 0 0 0 0 0 0 0 0 0 0  )
                                ( 0 0 0 0 0 0 0 0 0 0 0 0 0 0 0 0  )
                                ( 0 0 0 0 0 0 0 0 0 0 0 0 0 0 0 0  )
                                ( 0 0 0 1 0 0 0 0 0 0 0 1 0 0 0 0  )
                                ( 0 0 0 0 0 0 0 0 0 0 0 0 0 0 0 0  )
                                ( 0 0 0 0 0 0 0 0 0 0 0 0 0 0 0 0  )
                                ( 0 0 0 0 0 0 0 0 0 0 0 0 0 0 0 0  )
                                ( 0 0 0 0 0 0 0 1 0 0 0 0 0 0 0 0  )
                                ( 0 0 0 0 0 0 0 0 0 0 0 0 0 0 0 0  )
                                ( 0 0 0 0 0 0 0 0 0 0 0 0 0 0 0 0  )
                                ( 0 0 0 0 0 0 0 0 0 0 0 0 0 0 0 0  )
                                ( 0 0 0 0 0 0 0 0 0 0 0 0 0 0 0 0  ) ) )
 ( psb           stipple0     ( ( 0 0 0 0 0 0 0 0 0 0 0 0 0 0 1 0  )
                                ( 0 0 0 0 0 0 0 0 0 0 0 0 0 0 0 0  )
                                ( 0 0 0 0 0 0 0 0 0 0 0 0 1 0 0 0  )
                                ( 0 0 0 0 0 0 0 0 0 0 0 0 0 0 0 0  )
                                ( 0 0 0 0 0 0 0 0 0 0 1 0 0 0 0 0  )
                                ( 0 0 0 0 0 0 0 0 0 0 0 0 0 0 0 0  )
                                ( 0 0 0 0 0 0 0 0 1 0 0 0 0 0 0 0  )
                                ( 0 0 0 0 0 0 0 0 0 0 0 0 0 0 0 0  )
                                ( 0 0 0 0 0 0 1 0 0 0 0 0 0 0 0 0  )
                                ( 0 0 0 0 0 0 0 0 0 0 0 0 0 0 0 0  )
                                ( 0 0 0 0 1 0 0 0 0 0 0 0 0 0 0 0  )
                                ( 0 0 0 0 0 0 0 0 0 0 0 0 0 0 0 0  )
                                ( 0 0 1 0 0 0 0 0 0 0 0 0 0 0 0 0  )
                                ( 0 0 0 0 0 0 0 0 0 0 0 0 0 0 0 0  )
                                ( 1 0 0 0 0 0 0 0 0 0 0 0 0 0 0 1  )
                                ( 0 0 0 0 0 0 0 0 0 0 0 0 0 0 1 0  ) ) )
 ( psb           dots_rare    ( ( 0 1 0 0 0 0 0 0 0 0 0 0 0 0 0 0  )
                                ( 0 0 0 0 0 0 0 0 0 0 0 0 0 0 0 0  )
                                ( 0 0 0 0 0 0 0 0 0 0 0 0 0 0 0 0  )
                                ( 0 0 0 0 0 0 0 0 0 0 0 0 0 0 0 0  )
                                ( 0 0 0 0 0 1 0 0 0 0 0 0 0 0 0 0  )
                                ( 0 0 0 0 0 0 0 0 0 0 0 0 0 0 0 0  )
                                ( 0 0 0 0 0 0 0 0 0 0 0 0 0 0 0 0  )
                                ( 0 0 0 0 0 0 0 0 0 0 0 0 0 0 0 0  )
                                ( 0 0 0 0 0 0 0 0 0 1 0 0 0 0 0 0  )
                                ( 0 0 0 0 0 0 0 0 0 0 0 0 0 0 0 0  )
                                ( 0 0 0 0 0 0 0 0 0 0 0 0 0 0 0 0  )
                                ( 0 0 0 0 0 0 0 0 0 0 0 0 0 0 0 0  )
                                ( 0 0 0 0 0 0 0 0 0 0 0 0 0 1 0 0  )
                                ( 0 0 0 0 0 0 0 0 0 0 0 0 0 0 0 0  )
                                ( 0 0 0 0 0 0 0 0 0 0 0 0 0 0 0 0  )
                                ( 0 0 0 0 0 0 0 0 0 0 0 0 0 0 0 0  ) ) )
 ( psb           met1         ( ( 1 0 0 0 0 0 0 1 1 0 0 0 0 0 0 1  )
                                ( 0 0 0 0 0 0 0 0 0 0 0 0 0 0 0 0  )
                                ( 0 0 0 0 0 0 0 0 0 0 0 0 0 0 0 0  )
                                ( 0 0 0 1 0 0 0 0 0 0 0 1 0 0 0 0  )
                                ( 0 0 0 0 1 0 0 0 0 0 0 0 1 0 0 0  )
                                ( 0 0 0 0 0 0 0 0 0 0 0 0 0 0 0 0  )
                                ( 0 0 0 0 0 0 0 0 0 0 0 0 0 0 0 0  )
                                ( 1 0 0 0 0 0 0 1 1 0 0 0 0 0 0 1  )
                                ( 1 0 0 0 0 0 0 1 1 0 0 0 0 0 0 1  )
                                ( 0 0 0 0 0 0 0 0 0 0 0 0 0 0 0 0  )
                                ( 0 0 0 0 0 0 0 0 0 0 0 0 0 0 0 0  )
                                ( 0 0 0 1 0 0 0 0 0 0 0 1 0 0 0 0  )
                                ( 0 0 0 0 1 0 0 0 0 0 0 0 1 0 0 0  )
                                ( 0 0 0 0 0 0 0 0 0 0 0 0 0 0 0 0  )
                                ( 0 0 0 0 0 0 0 0 0 0 0 0 0 0 0 0  )
                                ( 1 0 0 0 0 0 0 1 1 0 0 0 0 0 0 1  ) ) )
 ( psb           vcc2S        ( ( 0 0 0 1 1 0 0 0 0 0 0 1 1 0 0 0  )
                                ( 0 0 0 0 1 0 0 0 0 0 0 0 1 0 0 0  )
                                ( 0 0 0 0 0 1 1 0 0 0 0 0 0 1 1 0  )
                                ( 0 0 0 0 0 0 1 0 0 0 0 0 0 0 1 0  )
                                ( 1 0 0 0 0 0 0 1 1 0 0 0 0 0 0 1  )
                                ( 1 0 0 0 0 0 0 0 1 0 0 0 0 0 0 0  )
                                ( 0 1 1 0 0 0 0 0 0 1 1 0 0 0 0 0  )
                                ( 0 0 1 0 0 0 0 0 0 0 1 0 0 0 0 0  )
                                ( 0 0 0 1 1 0 0 0 0 0 0 1 1 0 0 0  )
                                ( 0 0 0 0 1 0 0 0 0 0 0 0 1 0 0 0  )
                                ( 0 0 0 0 0 1 1 0 0 0 0 0 0 1 1 0  )
                                ( 0 0 0 0 0 0 1 0 0 0 0 0 0 0 1 0  )
                                ( 1 0 0 0 0 0 0 1 1 0 0 0 0 0 0 1  )
                                ( 1 0 0 0 0 0 0 0 1 0 0 0 0 0 0 0  )
                                ( 0 1 1 0 0 0 0 0 0 1 1 0 0 0 0 0  )
                                ( 0 0 1 0 0 0 0 0 0 0 1 0 0 0 0 0  ) ) )
 ( psb           zigZag       ( ( 1 0 0 0 1 0 0 0 1 0 0 0 1 0 0 0  )
                                ( 0 1 0 0 0 1 0 0 0 1 0 0 0 1 0 0  )
                                ( 0 0 1 0 0 0 1 0 0 0 1 0 0 0 1 0  )
                                ( 0 0 0 1 0 0 0 1 0 0 0 1 0 0 0 1  )
                                ( 0 0 1 0 0 0 1 0 0 0 1 0 0 0 1 0  )
                                ( 0 1 0 0 0 1 0 0 0 1 0 0 0 1 0 0  )
                                ( 1 0 0 0 1 0 0 0 1 0 0 0 1 0 0 0  )
                                ( 0 1 0 0 0 1 0 0 0 1 0 0 0 1 0 0  )
                                ( 0 0 1 0 0 0 1 0 0 0 1 0 0 0 1 0  )
                                ( 0 0 0 1 0 0 0 1 0 0 0 1 0 0 0 1  )
                                ( 0 0 1 0 0 0 1 0 0 0 1 0 0 0 1 0  )
                                ( 0 1 0 0 0 1 0 0 0 1 0 0 0 1 0 0  )
                                ( 1 0 0 0 1 0 0 0 1 0 0 0 1 0 0 0  )
                                ( 0 0 0 1 0 0 0 1 0 0 0 1 0 0 0 1  )
                                ( 0 0 1 0 0 0 1 0 0 0 1 0 0 0 1 0  )
                                ( 0 1 0 0 0 1 0 0 0 1 0 0 0 1 0 0  ) ) )
 ( psb           contp        ( ( 1 1 0 0 0 0 0 0 1 1 0 0 0 0 0 0  )
                                ( 1 1 0 0 0 0 0 0 1 1 0 0 0 0 0 0  )
                                ( 0 0 0 0 0 0 0 0 0 0 0 0 0 0 0 0  )
                                ( 0 0 0 0 0 0 0 0 0 0 0 0 0 0 0 0  )
                                ( 0 0 0 0 1 1 0 0 0 0 0 0 1 1 0 0  )
                                ( 0 0 0 0 1 1 0 0 0 0 0 0 1 1 0 0  )
                                ( 0 0 0 0 0 0 0 0 0 0 0 0 0 0 0 0  )
                                ( 0 0 0 0 0 0 0 0 0 0 0 0 0 0 0 0  )
                                ( 1 1 0 0 0 0 0 0 1 1 0 0 0 0 0 0  )
                                ( 1 1 0 0 0 0 0 0 1 1 0 0 0 0 0 0  )
                                ( 0 0 0 0 0 0 0 0 0 0 0 0 0 0 0 0  )
                                ( 0 0 0 0 0 0 0 0 0 0 0 0 0 0 0 0  )
                                ( 0 0 0 0 1 1 0 0 0 0 0 0 1 1 0 0  )
                                ( 0 0 0 0 1 1 0 0 0 0 0 0 1 1 0 0  )
                                ( 0 0 0 0 0 0 0 0 0 0 0 0 0 0 0 0  )
                                ( 0 0 0 0 0 0 0 0 0 0 0 0 0 0 0 0  ) ) )
 ( psb           stipple6     ( ( 0 0 0 1 0 0 0 0 0 0 0 0 0 0 0 0  )
                                ( 0 0 1 0 0 0 0 0 0 0 0 0 0 0 0 0  )
                                ( 0 1 0 0 0 0 0 0 0 0 0 0 0 0 0 0  )
                                ( 1 0 0 0 0 0 0 0 0 0 0 0 0 0 0 0  )
                                ( 0 0 0 0 0 0 0 0 0 0 0 0 0 0 0 1  )
                                ( 0 0 0 0 0 0 0 0 0 0 0 0 0 0 1 0  )
                                ( 0 0 0 0 0 0 0 0 0 0 0 0 0 1 0 0  )
                                ( 0 0 0 0 0 0 0 0 0 0 0 0 1 0 0 0  )
                                ( 0 0 0 0 0 0 0 0 0 0 0 1 0 0 0 0  )
                                ( 0 0 0 0 0 0 0 0 0 0 1 0 0 0 0 0  )
                                ( 0 0 0 0 0 0 0 0 0 1 0 0 0 0 0 0  )
                                ( 0 0 0 0 0 0 0 0 1 0 0 0 0 0 0 0  )
                                ( 0 0 0 0 0 0 0 1 0 0 0 0 0 0 0 0  )
                                ( 0 0 0 0 0 0 1 0 0 0 0 0 0 0 0 0  )
                                ( 0 0 0 0 0 1 0 0 0 0 0 0 0 0 0 0  )
                                ( 0 0 0 0 1 0 0 0 0 0 0 0 0 0 0 0  ) ) )
 ( psb           backslash1   ( ( 0 0 0 0 0 0 0 0 0 0 0 0 0 0 0 0  )
                                ( 0 0 0 0 0 0 0 0 0 0 0 0 0 0 0 0  )
                                ( 0 0 0 0 0 0 0 0 0 0 0 0 0 0 0 0  )
                                ( 1 0 0 0 0 0 0 0 0 0 0 0 0 0 0 0  )
                                ( 0 0 0 0 0 0 0 0 0 0 0 0 0 0 0 0  )
                                ( 0 0 1 0 0 0 0 0 0 0 0 0 0 0 0 0  )
                                ( 0 0 0 0 0 0 0 0 0 0 0 0 0 0 0 0  )
                                ( 0 0 0 0 1 0 0 0 0 0 0 0 0 0 0 0  )
                                ( 0 0 0 0 0 0 0 0 0 0 0 0 0 0 0 0  )
                                ( 0 0 0 0 0 0 1 0 0 0 0 0 0 0 0 0  )
                                ( 0 0 0 0 0 0 0 0 0 0 0 0 0 0 0 0  )
                                ( 0 0 0 0 0 0 0 0 1 0 0 0 0 0 0 0  )
                                ( 0 0 0 0 0 0 0 0 0 0 0 0 0 0 0 0  )
                                ( 0 0 0 0 0 0 0 0 0 0 1 0 0 0 0 0  )
                                ( 0 0 0 0 0 0 0 0 0 0 0 0 0 0 0 0  )
                                ( 0 0 0 0 0 0 0 0 0 0 0 0 1 0 0 0  ) ) )
 ( psb           backslash2   ( ( 0 0 0 1 0 0 0 0 0 0 0 0 0 0 0 0  )
                                ( 0 0 0 0 0 0 0 0 0 0 0 0 0 0 0 0  )
                                ( 0 0 0 0 0 1 0 0 0 0 0 0 0 0 0 0  )
                                ( 0 0 0 0 0 0 0 0 0 0 0 0 0 0 0 0  )
                                ( 0 0 0 0 0 0 0 1 0 0 0 0 0 0 0 0  )
                                ( 0 0 0 0 0 0 0 0 0 0 0 0 0 0 0 0  )
                                ( 0 0 0 0 0 0 0 0 0 1 0 0 0 0 0 0  )
                                ( 0 0 0 0 0 0 0 0 0 0 0 0 0 0 0 0  )
                                ( 0 0 0 0 0 0 0 0 0 0 0 1 0 0 0 0  )
                                ( 0 0 0 0 0 0 0 0 0 0 0 0 0 0 0 0  )
                                ( 0 0 0 0 0 0 0 0 0 0 0 0 0 1 0 0  )
                                ( 0 0 0 0 0 0 0 0 0 0 0 0 0 0 0 0  )
                                ( 0 0 0 0 0 0 0 0 0 0 0 0 0 0 0 1  )
                                ( 0 0 0 0 0 0 0 0 0 0 0 0 0 0 0 0  )
                                ( 0 0 0 0 0 0 0 0 0 0 0 0 0 0 0 0  )
                                ( 0 0 0 0 0 0 0 0 0 0 0 0 0 0 0 0  ) ) )
 ( psb           zigZag2      ( ( 1 1 0 0 0 0 0 0 1 1 0 0 0 0 0 0  )
                                ( 0 1 1 0 0 0 0 0 0 1 1 0 0 0 0 0  )
                                ( 0 0 1 1 0 0 0 0 0 0 1 1 0 0 0 0  )
                                ( 0 0 0 1 1 0 0 0 0 0 0 1 1 0 0 0  )
                                ( 0 0 0 0 1 1 0 0 0 0 0 0 1 1 0 0  )
                                ( 0 0 0 1 1 0 0 0 0 0 0 1 1 0 0 0  )
                                ( 0 0 1 1 0 0 0 0 0 0 1 1 0 0 0 0  )
                                ( 0 1 1 0 0 0 0 0 0 1 1 0 0 0 0 0  )
                                ( 1 1 0 0 0 0 0 0 1 1 0 0 0 0 0 0  )
                                ( 0 1 1 0 0 0 0 0 0 1 1 0 0 0 0 0  )
                                ( 0 0 1 1 0 0 0 0 0 0 1 1 0 0 0 0  )
                                ( 0 0 0 1 1 0 0 0 0 0 0 1 1 0 0 0  )
                                ( 0 0 0 0 1 1 0 0 0 0 0 0 1 1 0 0  )
                                ( 0 0 0 1 1 0 0 0 0 0 0 1 1 0 0 0  )
                                ( 0 0 1 1 0 0 0 0 0 0 1 1 0 0 0 0  )
                                ( 0 1 1 0 0 0 0 0 0 1 1 0 0 0 0 0  ) ) )
 ( psb           slash1       ( ( 0 0 0 0 0 0 0 0 0 0 0 0 1 0 0 0  )
                                ( 0 0 0 0 0 0 0 0 0 0 0 0 0 0 0 0  )
                                ( 0 0 0 0 0 0 0 0 0 0 1 0 0 0 0 0  )
                                ( 0 0 0 0 0 0 0 0 0 0 0 0 0 0 0 0  )
                                ( 0 0 0 0 0 0 0 0 1 0 0 0 0 0 0 0  )
                                ( 0 0 0 0 0 0 0 0 0 0 0 0 0 0 0 0  )
                                ( 0 0 0 0 0 0 1 0 0 0 0 0 0 0 0 0  )
                                ( 0 0 0 0 0 0 0 0 0 0 0 0 0 0 0 0  )
                                ( 0 0 0 0 1 0 0 0 0 0 0 0 0 0 0 0  )
                                ( 0 0 0 0 0 0 0 0 0 0 0 0 0 0 0 0  )
                                ( 0 0 1 0 0 0 0 0 0 0 0 0 0 0 0 0  )
                                ( 0 0 0 0 0 0 0 0 0 0 0 0 0 0 0 0  )
                                ( 1 0 0 0 0 0 0 0 0 0 0 0 0 0 0 0  )
                                ( 0 0 0 0 0 0 0 0 0 0 0 0 0 0 0 0  )
                                ( 0 0 0 0 0 0 0 0 0 0 0 0 0 0 0 0  )
                                ( 0 0 0 0 0 0 0 0 0 0 0 0 0 0 0 0  ) ) )
 ( psb           cross1       ( ( 0 0 0 0 0 0 0 0 0 0 0 0 0 0 0 0  )
                                ( 0 0 0 0 0 0 0 0 0 0 0 0 0 0 0 0  )
                                ( 0 0 0 0 0 0 0 0 0 0 0 0 0 0 0 0  )
                                ( 0 0 0 0 0 0 0 0 0 0 0 0 0 0 0 0  )
                                ( 0 0 0 0 0 0 0 0 0 0 0 0 0 0 0 0  )
                                ( 0 0 0 0 0 0 0 0 1 0 0 0 0 0 0 0  )
                                ( 0 0 0 0 0 0 0 0 1 0 0 0 0 0 0 0  )
                                ( 0 0 0 0 0 0 1 1 1 1 1 0 0 0 0 0  )
                                ( 0 0 0 0 0 0 0 0 1 0 0 0 0 0 0 0  )
                                ( 0 0 0 0 0 0 0 0 1 0 0 0 0 0 0 0  )
                                ( 0 0 0 0 0 0 0 0 0 0 0 0 0 0 0 0  )
                                ( 0 0 0 0 0 0 0 0 0 0 0 0 0 0 0 0  )
                                ( 0 0 0 0 0 0 0 0 0 0 0 0 0 0 0 0  )
                                ( 0 0 0 0 0 0 0 0 0 0 0 0 0 0 0 0  )
                                ( 0 0 0 0 0 0 0 0 0 0 0 0 0 0 0 0  )
                                ( 0 0 0 0 0 0 0 0 0 0 0 0 0 0 0 0  ) ) )
 ( psb           thickBackSlash ( ( 1 0 0 0 0 0 0 0 0 0 0 0 0 0 0 0  )
                                ( 1 1 0 0 0 0 0 0 0 0 0 0 0 0 0 0  )
                                ( 0 1 1 0 0 0 0 0 0 0 0 0 0 0 0 0  )
                                ( 0 0 1 1 0 0 0 0 0 0 0 0 0 0 0 0  )
                                ( 0 0 0 1 1 0 0 0 0 0 0 0 0 0 0 0  )
                                ( 0 0 0 0 1 1 0 0 0 0 0 0 0 0 0 0  )
                                ( 0 0 0 0 0 1 1 0 0 0 0 0 0 0 0 0  )
                                ( 0 0 0 0 0 0 1 1 0 0 0 0 0 0 0 0  )
                                ( 0 0 0 0 0 0 0 1 1 0 0 0 0 0 0 0  )
                                ( 0 0 0 0 0 0 0 0 1 1 0 0 0 0 0 0  )
                                ( 0 0 0 0 0 0 0 0 0 1 1 0 0 0 0 0  )
                                ( 0 0 0 0 0 0 0 0 0 0 1 1 0 0 0 0  )
                                ( 0 0 0 0 0 0 0 0 0 0 0 1 1 0 0 0  )
                                ( 0 0 0 0 0 0 0 0 0 0 0 0 1 1 0 0  )
                                ( 0 0 0 0 0 0 0 0 0 0 0 0 0 1 1 0  )
                                ( 0 0 0 0 0 0 0 0 0 0 0 0 0 0 1 1  ) ) )
 ( psb           backSlash    ( ( 1 0 0 1 0 0 1 0 0 1 0 0 1 0 0 1  )
                                ( 0 1 0 0 1 0 0 1 0 0 1 0 0 1 0 0  )
                                ( 0 0 1 0 0 1 0 0 1 0 0 1 0 0 1 0  )
                                ( 1 0 0 1 0 0 1 0 0 1 0 0 1 0 0 1  )
                                ( 0 1 0 0 1 0 0 1 0 0 1 0 0 1 0 0  )
                                ( 0 0 1 0 0 1 0 0 1 0 0 1 0 0 1 0  )
                                ( 1 0 0 1 0 0 1 0 0 1 0 0 1 0 0 1  )
                                ( 0 1 0 0 1 0 0 1 0 0 1 0 0 1 0 0  )
                                ( 0 0 1 0 0 1 0 0 1 0 0 1 0 0 1 0  )
                                ( 1 0 0 1 0 0 1 0 0 1 0 0 1 0 0 1  )
                                ( 0 1 0 0 1 0 0 1 0 0 1 0 0 1 0 0  )
                                ( 0 0 1 0 0 1 0 0 1 0 0 1 0 0 1 0  )
                                ( 1 0 0 1 0 0 1 0 0 1 0 0 1 0 0 1  )
                                ( 0 1 0 0 1 0 0 1 0 0 1 0 0 1 0 0  )
                                ( 0 0 1 0 0 1 0 0 1 0 0 1 0 0 1 0  )
                                ( 1 0 0 1 0 0 1 0 0 1 0 0 1 0 0 1  ) ) )
 ( psb           checker      ( ( 1 1 1 1 0 0 0 0 1 1 1 1 0 0 0 0  )
                                ( 1 1 1 1 0 0 0 0 1 1 1 1 0 0 0 0  )
                                ( 1 1 1 1 0 0 0 0 1 1 1 1 0 0 0 0  )
                                ( 1 1 1 1 0 0 0 0 1 1 1 1 0 0 0 0  )
                                ( 0 0 0 0 1 1 1 1 0 0 0 0 1 1 1 1  )
                                ( 0 0 0 0 1 1 1 1 0 0 0 0 1 1 1 1  )
                                ( 0 0 0 0 1 1 1 1 0 0 0 0 1 1 1 1  )
                                ( 0 0 0 0 1 1 1 1 0 0 0 0 1 1 1 1  )
                                ( 1 1 1 1 0 0 0 0 1 1 1 1 0 0 0 0  )
                                ( 1 1 1 1 0 0 0 0 1 1 1 1 0 0 0 0  )
                                ( 1 1 1 1 0 0 0 0 1 1 1 1 0 0 0 0  )
                                ( 1 1 1 1 0 0 0 0 1 1 1 1 0 0 0 0  )
                                ( 0 0 0 0 1 1 1 1 0 0 0 0 1 1 1 1  )
                                ( 0 0 0 0 1 1 1 1 0 0 0 0 1 1 1 1  )
                                ( 0 0 0 0 1 1 1 1 0 0 0 0 1 1 1 1  )
                                ( 0 0 0 0 1 1 1 1 0 0 0 0 1 1 1 1  ) ) )
 ( psb           sgrid        ( ( 1 1 1 1 1 1 1 1 1 1 1 1 1 1 1 1  )
                                ( 1 1 1 1 1 1 1 1 1 1 1 1 1 1 1 1  )
                                ( 1 1 0 1 0 1 0 1 1 1 0 1 0 1 0 1  )
                                ( 1 1 1 1 1 1 1 1 1 1 1 1 1 1 1 1  )
                                ( 1 1 0 1 0 1 0 1 1 1 0 1 0 1 0 1  )
                                ( 1 1 1 1 1 1 1 1 1 1 1 1 1 1 1 1  )
                                ( 1 1 0 1 0 1 0 1 1 1 0 1 0 1 0 1  )
                                ( 1 1 1 1 1 1 1 1 1 1 1 1 1 1 1 1  )
                                ( 1 1 1 1 1 1 1 1 1 1 1 1 1 1 1 1  )
                                ( 1 1 1 1 1 1 1 1 1 1 1 1 1 1 1 1  )
                                ( 1 1 0 1 0 1 0 1 1 1 0 1 0 1 0 1  )
                                ( 1 1 1 1 1 1 1 1 1 1 1 1 1 1 1 1  )
                                ( 1 1 0 1 0 1 0 1 1 1 0 1 0 1 0 1  )
                                ( 1 1 1 1 1 1 1 1 1 1 1 1 1 1 1 1  )
                                ( 1 1 0 1 0 1 0 1 1 1 0 1 0 1 0 1  )
                                ( 1 1 1 1 1 1 1 1 1 1 1 1 1 1 1 1  ) ) )
 ( psb           metal1S      ( ( 1 0 0 0 0 0 0 0 0 0 0 0 0 0 0 0  )
                                ( 0 1 0 0 0 0 0 0 0 0 0 0 0 0 0 0  )
                                ( 0 0 1 0 0 0 0 0 0 0 0 0 0 0 0 0  )
                                ( 0 0 0 1 0 0 0 0 0 0 0 0 0 0 0 0  )
                                ( 0 0 0 0 1 0 0 0 0 0 0 0 0 0 0 0  )
                                ( 0 0 0 0 0 1 0 0 0 0 0 0 0 0 0 0  )
                                ( 0 0 0 0 0 0 1 0 0 0 0 0 0 0 0 0  )
                                ( 0 0 0 0 0 0 0 1 0 0 0 0 0 0 0 0  )
                                ( 0 0 0 0 0 0 0 0 1 0 0 0 0 0 0 0  )
                                ( 0 0 0 0 0 0 0 0 0 1 0 0 0 0 0 0  )
                                ( 0 0 0 0 0 0 0 0 0 0 1 0 0 0 0 0  )
                                ( 0 0 0 0 0 0 0 0 0 0 0 1 0 0 0 0  )
                                ( 0 0 0 0 0 0 0 0 0 0 0 0 1 0 0 0  )
                                ( 0 0 0 0 0 0 0 0 0 0 0 0 0 1 0 0  )
                                ( 0 0 0 0 0 0 0 0 0 0 0 0 0 0 1 0  )
                                ( 0 0 0 0 0 0 0 0 0 0 0 0 0 0 0 1  ) ) )
 ( psb           metal2S      ( ( 0 0 0 0 0 0 0 0 0 0 0 0 0 0 0 1  )
                                ( 0 0 0 0 0 0 0 0 0 0 0 0 0 0 1 0  )
                                ( 0 0 0 0 0 0 0 0 0 0 0 0 0 1 0 0  )
                                ( 0 0 0 0 0 0 0 0 0 0 0 0 1 0 0 0  )
                                ( 0 0 0 0 0 0 0 0 0 0 0 1 0 0 0 0  )
                                ( 0 0 0 0 0 0 0 0 0 0 0 1 0 0 0 0  )
                                ( 0 0 0 0 0 0 0 0 0 0 0 1 0 0 0 0  )
                                ( 0 0 0 0 1 1 1 1 1 1 1 1 0 0 0 0  )
                                ( 0 0 0 0 1 0 0 0 0 0 0 0 0 0 0 0  )
                                ( 0 0 0 0 1 0 0 0 0 0 0 0 0 0 0 0  )
                                ( 0 0 0 0 1 0 0 0 0 0 0 0 0 0 0 0  )
                                ( 0 0 0 0 1 0 0 0 0 0 0 0 0 0 0 0  )
                                ( 0 0 0 1 0 0 0 0 0 0 0 0 0 0 0 0  )
                                ( 0 0 1 0 0 0 0 0 0 0 0 0 0 0 0 0  )
                                ( 0 1 0 0 0 0 0 0 0 0 0 0 0 0 0 0  )
                                ( 1 0 0 0 0 0 0 0 0 0 0 0 0 0 0 0  ) ) )
 ( psb           gnd2S        ( ( 1 0 0 0 0 0 1 1 1 0 0 0 0 0 1 1  )
                                ( 1 0 0 0 0 0 0 0 1 0 0 0 0 0 0 0  )
                                ( 1 1 1 0 0 0 0 0 1 1 1 0 0 0 0 0  )
                                ( 0 0 1 0 0 0 0 0 0 0 1 0 0 0 0 0  )
                                ( 0 0 1 1 1 0 0 0 0 0 1 1 1 0 0 0  )
                                ( 0 0 0 0 1 0 0 0 0 0 0 0 1 0 0 0  )
                                ( 0 0 0 0 1 1 1 0 0 0 0 0 1 1 1 0  )
                                ( 0 0 0 0 0 0 1 0 0 0 0 0 0 0 1 0  )
                                ( 1 0 0 0 0 0 1 1 1 0 0 0 0 0 1 1  )
                                ( 1 0 0 0 0 0 0 0 1 0 0 0 0 0 0 0  )
                                ( 1 1 1 0 0 0 0 0 1 1 1 0 0 0 0 0  )
                                ( 0 0 1 0 0 0 0 0 0 0 1 0 0 0 0 0  )
                                ( 0 0 1 1 1 0 0 0 0 0 1 1 1 0 0 0  )
                                ( 0 0 0 0 1 0 0 0 0 0 0 0 1 0 0 0  )
                                ( 0 0 0 0 1 1 1 0 0 0 0 0 1 1 1 0  )
                                ( 0 0 0 0 0 0 1 0 0 0 0 0 0 0 1 0  ) ) )
 ( psb           vcc1S        ( ( 1 0 0 1 1 0 0 0 1 0 0 1 1 0 0 0  )
                                ( 0 1 0 0 1 0 0 0 0 1 0 0 1 0 0 0  )
                                ( 0 0 1 0 0 1 1 0 0 0 1 0 0 1 1 0  )
                                ( 0 0 0 1 0 0 1 0 0 0 0 1 0 0 1 0  )
                                ( 1 0 0 0 1 0 0 1 1 0 0 0 1 0 0 1  )
                                ( 1 0 0 0 0 1 0 0 1 0 0 0 0 1 0 0  )
                                ( 0 1 1 0 0 0 1 0 0 1 1 0 0 0 1 0  )
                                ( 0 0 1 0 0 0 0 1 0 0 1 0 0 0 0 1  )
                                ( 1 0 0 1 1 0 0 0 1 0 0 1 1 0 0 0  )
                                ( 0 1 0 0 1 0 0 0 0 1 0 0 1 0 0 0  )
                                ( 0 0 1 0 0 1 1 0 0 0 1 0 0 1 1 0  )
                                ( 0 0 0 1 0 0 1 0 0 0 0 1 0 0 1 0  )
                                ( 1 0 0 0 1 0 0 1 1 0 0 0 1 0 0 1  )
                                ( 1 0 0 0 0 1 0 0 1 0 0 0 0 1 0 0  )
                                ( 0 1 1 0 0 0 1 0 0 1 1 0 0 0 1 0  )
                                ( 0 0 1 0 0 0 0 1 0 0 1 0 0 0 0 1  ) ) )
 ( psb           wellp        ( ( 0 0 0 0 0 0 0 0 0 0 0 0 0 0 0 0 0 0 0 0 0 0 0 0 0 0 0 0 0 0 0 0  )
                                ( 0 0 0 0 0 0 0 0 0 0 0 0 0 0 0 0 0 0 0 0 0 0 0 0 0 0 0 0 0 0 0 0  )
                                ( 0 0 0 0 0 0 0 0 0 0 0 0 0 0 0 0 0 0 0 0 0 0 0 0 0 0 0 0 0 0 0 0  )
                                ( 0 0 0 0 0 0 0 0 0 0 0 0 0 0 0 0 0 0 0 0 0 0 0 0 0 0 0 0 0 0 0 0  )
                                ( 0 0 0 0 0 0 0 0 0 0 0 0 0 0 0 0 0 0 0 0 0 0 0 0 0 0 0 0 0 0 0 0  )
                                ( 0 0 0 0 0 0 0 0 0 0 0 0 0 0 0 0 0 0 0 0 0 0 0 0 0 0 0 0 0 0 0 0  )
                                ( 0 0 0 0 0 0 0 0 0 0 0 0 0 0 0 0 0 0 0 0 0 0 0 0 0 0 0 0 0 0 0 0  )
                                ( 0 0 0 0 0 0 0 0 0 0 0 0 0 0 0 0 0 0 0 0 0 0 0 0 0 0 0 0 0 0 0 0  )
                                ( 0 0 0 0 0 0 0 0 0 0 0 0 0 0 0 0 0 0 0 0 0 0 0 0 0 0 0 0 0 0 0 0  )
                                ( 0 0 0 0 0 0 0 0 0 0 0 0 0 0 0 0 0 0 0 0 0 0 0 0 0 0 0 0 0 0 0 0  )
                                ( 0 0 0 0 0 0 0 0 0 0 0 0 0 0 0 0 0 0 0 0 0 0 0 0 0 0 0 0 0 0 0 0  )
                                ( 0 0 0 0 0 0 0 0 0 0 1 0 0 0 0 0 0 0 0 0 0 0 1 0 0 0 0 0 0 0 0 0  )
                                ( 0 0 0 0 0 0 0 0 0 0 1 0 0 0 0 0 1 0 0 0 0 0 1 0 0 0 0 0 0 0 0 0  )
                                ( 0 0 0 0 0 0 0 0 0 0 0 1 0 0 0 1 0 1 0 0 0 1 0 0 0 0 0 0 0 0 0 0  )
                                ( 0 0 0 0 0 0 0 0 0 0 0 1 0 0 0 1 0 1 0 0 0 1 0 0 0 0 0 0 0 0 0 0  )
                                ( 0 0 0 0 0 0 0 0 0 0 0 0 1 0 1 0 0 0 1 0 1 0 0 0 0 0 0 0 0 0 0 0  )
                                ( 0 0 0 0 0 0 0 0 0 0 0 0 1 0 1 0 0 0 1 0 1 0 0 0 0 0 0 0 0 0 0 0  )
                                ( 0 0 0 0 0 0 0 0 0 0 0 0 0 1 0 0 0 0 0 1 0 0 0 0 0 0 0 0 0 0 0 0  )
                                ( 0 0 0 0 0 0 0 0 0 0 0 0 0 0 0 0 0 0 0 0 0 0 0 0 0 0 0 0 0 0 0 0  )
                                ( 0 0 0 0 0 0 0 0 0 0 0 0 0 0 0 0 0 0 0 0 0 0 0 0 0 0 0 0 0 0 0 0  )
                                ( 0 0 0 0 0 0 0 0 0 0 0 0 0 0 0 0 0 0 0 0 0 0 0 0 0 0 0 0 0 0 0 0  )
                                ( 0 0 0 0 0 0 0 0 0 0 0 0 0 0 0 0 0 0 0 0 0 0 0 0 0 0 0 0 0 0 0 0  )
                                ( 0 0 0 0 0 0 0 0 0 0 0 0 0 0 0 0 0 0 0 0 0 0 0 0 0 0 0 0 0 0 0 0  )
                                ( 0 0 0 0 0 0 0 0 0 0 0 0 0 0 0 0 0 0 0 0 0 0 0 0 0 0 0 0 0 0 0 0  )
                                ( 0 0 0 0 0 0 0 0 0 0 0 0 0 0 0 0 0 0 0 0 0 0 0 0 0 0 0 0 0 0 0 0  )
                                ( 0 0 0 0 0 0 0 0 0 0 0 0 0 0 0 0 0 0 0 0 0 0 0 0 0 0 0 0 0 0 0 0  )
                                ( 0 0 0 0 0 0 0 0 0 0 0 0 0 0 0 0 0 0 0 0 0 0 0 0 0 0 0 0 0 0 0 0  )
                                ( 0 0 0 0 0 0 0 0 0 0 0 0 0 0 0 0 0 0 0 0 0 0 0 0 0 0 0 0 0 0 0 0  )
                                ( 0 0 0 0 0 0 0 0 0 0 0 0 0 0 0 0 0 0 0 0 0 0 0 0 0 0 0 0 0 0 0 0  )
                                ( 0 0 0 0 0 0 0 0 0 0 0 0 0 0 0 0 0 0 0 0 0 0 0 0 0 0 0 0 0 0 0 0  )
                                ( 0 0 0 0 0 0 0 0 0 0 0 0 0 0 0 0 0 0 0 0 0 0 0 0 0 0 0 0 0 0 0 0  )
                                ( 0 0 0 0 0 0 0 0 0 0 0 0 0 0 0 0 0 0 0 0 0 0 0 0 0 0 0 0 0 0 0 0  ) ) )
 ( psb           pplusp       ( ( 0 0 0 0 0 0 0 0 0 0 0 0 0 0 0 0 0 0 0 0 0 0 0 0 0 0 0 0 0 0 0 0  )
                                ( 0 0 0 0 0 0 0 0 0 0 0 0 0 0 0 0 0 0 0 0 0 0 0 0 0 0 0 0 0 0 0 0  )
                                ( 0 0 0 0 0 0 0 0 0 0 0 0 0 0 0 0 0 0 0 0 0 0 0 0 0 0 0 0 0 0 0 0  )
                                ( 0 0 0 0 0 0 0 0 0 0 0 0 0 0 0 0 0 0 0 0 0 0 0 0 0 0 0 0 0 0 0 0  )
                                ( 0 0 0 0 0 0 0 0 0 0 0 0 0 0 0 0 0 0 0 0 0 0 0 0 0 0 0 0 0 0 0 0  )
                                ( 0 0 0 0 0 0 0 0 0 0 0 0 0 0 0 0 0 0 0 0 0 0 0 0 0 0 0 0 0 0 0 0  )
                                ( 0 0 0 0 0 0 0 0 0 0 0 0 0 0 0 0 0 0 0 0 0 0 0 0 0 0 0 0 0 0 0 0  )
                                ( 0 0 0 0 0 0 0 0 0 0 0 0 0 0 0 0 0 0 0 0 0 0 0 0 0 0 0 0 0 0 0 0  )
                                ( 0 0 0 0 0 0 0 0 0 0 0 0 0 0 0 0 0 0 0 0 0 0 0 0 0 0 0 0 0 0 0 0  )
                                ( 0 0 0 0 0 0 0 0 0 0 0 0 0 0 0 0 0 0 0 0 0 0 0 0 0 0 0 0 0 0 0 0  )
                                ( 0 0 0 0 0 0 0 0 0 0 0 0 0 0 0 0 0 0 0 0 0 0 0 0 0 0 0 0 0 0 0 0  )
                                ( 0 0 0 0 0 0 0 0 0 0 0 0 0 0 0 0 0 0 0 0 0 0 0 0 0 0 0 0 0 0 0 0  )
                                ( 0 0 0 0 0 0 0 0 0 0 0 0 0 0 0 0 0 0 0 0 0 0 0 0 0 0 0 0 0 0 0 0  )
                                ( 0 0 0 0 0 0 0 0 0 0 0 0 0 0 0 1 0 0 0 0 0 0 0 0 0 0 0 0 0 0 0 0  )
                                ( 0 0 0 0 0 0 0 0 0 0 0 0 0 0 0 1 0 0 0 0 0 0 0 0 0 0 0 0 0 0 0 0  )
                                ( 0 0 0 0 0 0 0 0 0 0 0 0 0 1 1 1 1 1 0 0 0 0 0 0 0 0 0 0 0 0 0 0  )
                                ( 0 0 0 0 0 0 0 0 0 0 0 0 0 0 0 1 0 0 0 0 0 0 0 0 0 0 0 0 0 0 0 0  )
                                ( 0 0 0 0 0 0 0 0 0 0 0 0 0 0 0 1 0 0 0 0 0 0 0 0 0 0 0 0 0 0 0 0  )
                                ( 0 0 0 0 0 0 0 0 0 0 0 0 0 0 0 0 0 0 0 0 0 0 0 0 0 0 0 0 0 0 0 0  )
                                ( 0 0 0 0 0 0 0 0 0 0 0 0 0 0 0 0 0 0 0 0 0 0 0 0 0 0 0 0 0 0 0 0  )
                                ( 0 0 0 0 0 0 0 0 0 0 0 0 0 0 0 0 0 0 0 0 0 0 0 0 0 0 0 0 0 0 0 0  )
                                ( 0 0 0 0 0 0 0 0 0 0 0 0 0 0 0 0 0 0 0 0 0 0 0 0 0 0 0 0 0 0 0 0  )
                                ( 0 0 0 0 0 0 0 0 0 0 0 0 0 0 0 0 0 0 0 0 0 0 0 0 0 0 0 0 0 0 0 0  )
                                ( 0 0 0 0 0 0 0 0 0 0 0 0 0 0 0 0 0 0 0 0 0 0 0 0 0 0 0 0 0 0 0 0  )
                                ( 0 0 0 0 0 0 0 0 0 0 0 0 0 0 0 0 0 0 0 0 0 0 0 0 0 0 0 0 0 0 0 0  )
                                ( 0 0 0 0 0 0 0 0 0 0 0 0 0 0 0 0 0 0 0 0 0 0 0 0 0 0 0 0 0 0 0 0  )
                                ( 0 0 0 0 0 0 0 0 0 0 0 0 0 0 0 0 0 0 0 0 0 0 0 0 0 0 0 0 0 0 0 0  )
                                ( 0 0 0 0 0 0 0 0 0 0 0 0 0 0 0 0 0 0 0 0 0 0 0 0 0 0 0 0 0 0 0 0  )
                                ( 0 0 0 0 0 0 0 0 0 0 0 0 0 0 0 0 0 0 0 0 0 0 0 0 0 0 0 0 0 0 0 0  )
                                ( 0 0 0 0 0 0 0 0 0 0 0 0 0 0 0 0 0 0 0 0 0 0 0 0 0 0 0 0 0 0 0 0  )
                                ( 0 0 0 0 0 0 0 0 0 0 0 0 0 0 0 0 0 0 0 0 0 0 0 0 0 0 0 0 0 0 0 0  )
                                ( 0 0 0 0 0 0 0 0 0 0 0 0 0 0 0 0 0 0 0 0 0 0 0 0 0 0 0 0 0 0 0 0  ) ) )
 ( psb           poly2p       ( ( 0 0 0 0 0 0 0 0 0 0 0 0 0 0 0 0  )
                                ( 0 0 0 0 0 0 0 0 0 0 0 0 0 0 0 0  )
                                ( 0 0 0 0 0 0 0 0 0 0 0 0 0 0 0 0  )
                                ( 0 0 1 1 1 0 0 0 0 0 1 1 0 0 0 0  )
                                ( 0 0 1 0 0 1 0 0 0 1 0 0 1 0 0 0  )
                                ( 0 0 1 0 0 1 0 0 0 0 0 0 1 0 0 0  )
                                ( 0 0 1 1 1 0 0 0 0 0 0 1 0 0 0 0  )
                                ( 0 0 1 0 0 0 0 0 0 0 1 0 0 0 0 0  )
                                ( 0 0 1 0 0 0 0 0 0 1 0 0 0 0 0 0  )
                                ( 0 0 1 0 0 0 0 0 0 1 1 1 1 0 0 0  )
                                ( 0 0 0 0 0 0 0 0 0 0 0 0 0 0 0 0  )
                                ( 0 0 0 0 0 0 0 0 0 0 0 0 0 0 0 0  )
                                ( 0 0 0 0 0 0 0 0 0 0 0 0 0 0 0 0  )
                                ( 0 0 0 0 0 0 0 0 0 0 0 0 0 0 0 0  )
                                ( 0 0 0 0 0 0 0 0 0 0 0 0 0 0 0 0  )
                                ( 0 0 0 0 0 0 0 0 0 0 0 0 0 0 0 0  ) ) )
 ( psb           viap         ( ( 0 0 1 0 0 0 1 0 0 0 1 0 0 0 0 0  )
                                ( 0 0 0 0 0 0 0 0 0 0 0 0 0 0 0 0  )
                                ( 1 0 0 0 1 0 0 0 1 0 0 0 1 0 0 0  )
                                ( 0 0 0 0 0 0 0 0 0 0 0 0 0 0 0 0  )
                                ( 0 0 1 0 0 0 1 0 0 0 1 0 0 0 1 0  )
                                ( 0 0 0 0 0 0 0 0 0 0 0 0 0 0 0 0  )
                                ( 1 0 0 0 1 0 0 0 1 0 0 0 1 0 0 0  )
                                ( 0 0 0 0 0 0 0 0 0 0 0 0 0 0 0 0  )
                                ( 0 0 1 0 0 0 1 0 0 0 1 0 0 0 1 0  )
                                ( 0 0 0 0 0 0 0 0 0 0 0 0 0 0 0 0  )
                                ( 1 0 0 0 1 0 0 0 1 0 0 0 1 0 0 0  )
                                ( 0 0 0 0 0 0 0 0 0 0 0 0 0 0 0 0  )
                                ( 0 0 1 0 0 0 1 0 0 0 1 0 0 0 1 0  )
                                ( 0 0 0 0 0 0 0 0 0 0 0 0 0 0 0 0  )
                                ( 0 0 0 0 1 0 0 0 1 0 0 0 1 0 0 0  )
                                ( 0 0 0 0 0 0 0 0 0 0 0 0 0 0 0 1  ) ) )
)
drDefineLineStyle(
;( DisplayName   LineStyle    Size       Pattern   )
 ( psb           solid        1          (1 1 1 ) )
 ( psb           dashed       1          (1 1 1 1 0 0 0 0 ) )
 ( psb           dots         1          (1 0 0 0 0 ) )
 ( psb           dashDot      1          (1 1 1 1 0 0 0 0 1 0 0 0 0 ) )
 ( psb           shortDash    1          (1 1 0 0 ) )
 ( psb           doubleDash   1          (1 1 1 1 0 0 0 0 1 1 0 0 ) )
 ( psb           thickLine    3          (1 1 1 ) )
 ( psb           hidden       1          (1 0 0 0 0 0 0 0 0 ) )
 ( psb           lineStyle2   1          (0 0 0 1 1 1 1 1 0 0 0 1 1 1 1 1 0 0 0 1 1 1 1 1 0 0 0 1 1 1 1 1 ) )
 ( psb           lineStyle0   1          (1 1 1 1 1 1 1 1 1 1 1 1 1 1 1 1 1 1 1 1 1 1 1 1 1 1 1 1 1 1 1 1 ) )
 ( psb           lineStyle1   1          (0 1 1 0 0 1 1 0 0 1 1 0 0 1 1 0 0 1 1 0 0 1 1 0 0 1 1 0 0 1 1 0 ) )
 ( psb           lineStyle3   1          (0 0 0 1 0 0 0 1 0 0 0 1 0 0 0 1 0 0 0 1 0 0 0 1 0 0 0 1 0 0 0 1 ) )
 ( psb           lineStyle7   1          (0 0 0 1 1 0 0 0 0 0 0 1 1 0 0 0 0 0 0 1 1 0 0 0 0 0 0 1 1 0 0 0 ) )
 ( psb           lineStyle4   1          (1 0 0 0 1 0 0 0 1 0 0 0 1 0 0 0 1 0 0 0 1 0 0 0 1 0 0 0 1 0 0 0 ) )
 ( psb           mLine        2          (1 1 1 ) )
)
drDefinePacket(
;( DisplayName  PacketName           Stipple    LineStyle  Fill       Outline    [FillStyle])
 ( psb          Nzvt                 blank      solid      black      black      outline   )
 ( psb          Oxide_thk            dot4       thickLine  black      black      outlineStipple)
 ( psb          black                blank      solid      black      black      outline   )
 ( psb          blackBackSlash       backSlash  solid      black      black      outlineStipple)
 ( psb          blackBrick           brick      mLine      black      black      outlineStipple)
 ( psb          blackChecker         checker    solid      black      black      outlineStipple)
 ( psb          blackContp           contp      solid      black      black      outlineStipple)
 ( psb          blackDot3            dot3       solid      black      black      outlineStipple)
 ( psb          blackGnd2S           gnd2S      solid      black      black      outlineStipple)
 ( psb          blackMetal1S         metal1S    solid      black      black      outlineStipple)
 ( psb          blackMetal2S         metal2S    solid      black      black      outlineStipple)
 ( psb          blackPoly2p          poly2p     solid      black      black      outlineStipple)
 ( psb          blackPplusp          pplusp     solid      black      black      outlineStipple)
 ( psb          blackSlash           slash      solid      black      black      outlineStipple)
 ( psb          blackVcc1S           vcc1S      solid      black      black      outlineStipple)
 ( psb          blackVcc2S           vcc2S      solid      black      black      outlineStipple)
 ( psb          blackViap            viap       mLine      black      black      outlineStipple)
 ( psb          blackVline           vLine      solid      black      black      outlineStipple)
 ( psb          blackWellp           wellp      solid      black      black      outlineStipple)
 ( psb          blackX               x          solid      black      black      outlineStipple)
 ( psb          cw                   solid      thickLine  white      white      solid     )
 ( psb          defaultPacket        blank      solid      white      yellow     outline   )
 ( psb          esddum               blank      lineStyle2 white      white      outline   )
 ( psb          m1                   dots1      solid      black      black      outlineStipple)
 ( psb          m1_fill              dots1      thickLine  black      black      outlineStipple)
 ( psb          m1_slot              dots1      thickLine  black      black      outlineStipple)
 ( psb          m2                   dots       solid      black      black      outlineStipple)
 ( psb          m2_fill              dots       thickLine  black      black      outlineStipple)
 ( psb          m2_slot              dots       thickLine  black      black      outlineStipple)
 ( psb          m3                   stipple18  solid      black      black      outlineStipple)
 ( psb          m3_fill              stipple18  thickLine  black      black      outlineStipple)
 ( psb          m3_slot              stipple18  thickLine  black      black      outlineStipple)
 ( psb          m4                   stipple31  solid      black      black      outlineStipple)
 ( psb          m4_fill              stipple31  thickLine  black      black      outlineStipple)
 ( psb          m4_slot              stipple31  thickLine  black      black      outlineStipple)
 ( psb          m5                   stipple61  solid      black      black      outlineStipple)
 ( psb          m5_fill              stipple61  thickLine  black      black      outlineStipple)
 ( psb          m5_slot              stipple61  thickLine  black      black      outlineStipple)
 ( psb          m6                   stipple36  solid      black      black      outlineStipple)
 ( psb          m6_fill              stipple36  thickLine  black      black      outlineStipple)
 ( psb          m6_slot              stipple36  thickLine  black      black      outlineStipple)
 ( psb          m7                   stipple51  solid      black      black      outlineStipple)
 ( psb          m7_fill              stipple51  thickLine  black      black      outlineStipple)
 ( psb          m7_slot              stipple51  thickLine  black      black      outlineStipple)
 ( psb          m8                   stipple46  solid      black      black      outlineStipple)
 ( psb          m8_fill              stipple46  thickLine  black      black      outlineStipple)
 ( psb          m8_slot              stipple46  thickLine  black      black      outlineStipple)
 ( psb          m9                   stipple60  solid      black      black      outlineStipple)
 ( psb          m9_fill              stipple60  thickLine  black      black      outlineStipple)
 ( psb          m9_slot              stipple60  thickLine  black      black      outlineStipple)
 ( psb          mcap                 stipple27  solid      black      black      outlineStipple)
 ( psb          nhvt                 hCurb      solid      black      black      outlineStipple)
 ( psb          npblk                blank      solid      black      black      outline   )
 ( psb          nplus                stipple0   solid      black      black      outlineStipple)
 ( psb          nwell                dot1       solid      black      black      outlineStipple)
 ( psb          pass                 blank      doubleDash black      black      outline   )
 ( psb          phvt                 vCurb      solid      black      black      outlineStipple)
 ( psb          poly1                x          solid      black      black      outlineStipple)
 ( psb          pplus                stipple18  solid      black      black      outlineStipple)
 ( psb          psub                 blank      thickLine  white      black      outline   )
 ( psb          siprot               stipple18  lineStyle2 black      black      outlineStipple)
 ( psb          text                 blank      solid      white      white      outline   )
 ( psb          tox                  stipple30  dashed     black      black      outlineStipple)
 ( psb          v1                   solid      thickLine  black      black      solid     )
 ( psb          v2                   solid      thickLine  black      black      solid     )
 ( psb          v3                   solid      thickLine  black      black      solid     )
 ( psb          v4                   solid      thickLine  black      black      solid     )
 ( psb          v5                   solid      thickLine  black      black      solid     )
 ( psb          v6                   solid      thickLine  black      black      solid     )
 ( psb          v7                   solid      thickLine  black      black      solid     )
 ( psb          v8                   solid      thickLine  black      black      solid     )
 ( psb          whiteSolid           solid      solid      white      white      solid     )
 ( psb          zbip                 blank      solid      black      black      outline   )
 ( psb          zcap                 blank      solid      black      black      outline   )
 ( psb          zdiode               blank      solid      black      black      outline   )
 ( psb          zind                 blank      solid      black      black      outline   )
 ( psb          zind2                dots       dashDot    black      black      outlineStipple)
 ( psb          zind3                blank      hidden     white      white      outline   )
 ( psb          znpn                 blank      dashed     black      black      outline   )
 ( psb          zpnp                 blank      solid      black      black      outline   )
 ( psb          zpw                  blank      solid      black      black      outline   )
 ( psb          zrpoly               dot2       thickLine  black      black      outlineStipple)
 ( psb          zrwell               dot2       thickLine  black      black      outlineStipple)
 ( psb          zvpnp10              blank      solid      black      black      outline   )
 ( psb          zvpnp2               blank      solid      black      black      outline   )
 ( psb          zvpnp5               blank      solid      black      black      outline   )
)
drDefineColor(
;( DisplayName   ColorsName   Red      Green    Blue     )
 ( quote         white        255      255      255      )
 ( quote         yellow       255      255      0        )
)
drDefineStipple(
;( DisplayName   StippleName  Bitmap     )
)
drDefineLineStyle(
;( DisplayName   LineStyle    Size       Pattern   )
 ( quote         solid        1          (1 1 1 ) )
)
drDefinePacket(
;( DisplayName  PacketName           Stipple    LineStyle  Fill       Outline    [FillStyle])
 ( quote        defaultPacket        blank      solid      white      yellow     outline   )
)
drDefineColor(
;( DisplayName   ColorsName   Red      Green    Blue     )
 ( tsl_plot      VIA          157      0        157      )
 ( tsl_plot      black        0        0        0        )
 ( tsl_plot      blinkRed     255      0        0        t )
 ( tsl_plot      blinkWhite   255      255      255      t )
 ( tsl_plot      blinkYellow  255      255      0        t )
 ( tsl_plot      blue         0        216      255      )
 ( tsl_plot      brown        191      64       38       )
 ( tsl_plot      cadetBlue    57       191      255      )
 ( tsl_plot      chocolate    128      38       38       )
 ( tsl_plot      cream        255      255      204      )
 ( tsl_plot      cyan         0        255      255      )
 ( tsl_plot      forest       38       140      107      )
 ( tsl_plot      gold         217      204      0        )
 ( tsl_plot      gray         204      204      217      )
 ( tsl_plot      green        0        204      102      )
 ( tsl_plot      lime         0        255      0        )
 ( tsl_plot      m2_txt       192      0        180      )
 ( tsl_plot      magenta      255      0        255      )
 ( tsl_plot      maroon       230      31       13       )
 ( tsl_plot      my_poly      151      0        0        )
 ( tsl_plot      navy         51       51       153      )
 ( tsl_plot      orange       255      128      0        )
 ( tsl_plot      pink         255      191      242      )
 ( tsl_plot      purple       153      0        230      )
 ( tsl_plot      red          255      0        0        )
 ( tsl_plot      silver       217      230      255      )
 ( tsl_plot      slate        140      140      166      )
 ( tsl_plot      tan          255      230      191      )
 ( tsl_plot      violet       94       0        230      )
 ( tsl_plot      white        255      255      255      )
 ( tsl_plot      winBack      224      224      224      )
 ( tsl_plot      winColor1    166      166      166      )
 ( tsl_plot      winColor2    115      115      115      )
 ( tsl_plot      winColor3    189      204      204      )
 ( tsl_plot      winColor4    204      204      204      )
 ( tsl_plot      winColor5    199      199      199      )
 ( tsl_plot      winFore      128      0        0        )
 ( tsl_plot      winText      51       51       51       )
 ( tsl_plot      yellow       255      255      0        )
)
drDefineStipple(
;( DisplayName   StippleName  Bitmap     )
 ( tsl_plot      dots         ( ( 0 1 0 0 0 1 0 0 0 1 0 0 0 1 0 0  )
                                ( 0 0 0 0 0 0 0 0 0 0 0 0 0 0 0 0  )
                                ( 0 0 0 1 0 0 0 1 0 0 0 1 0 0 0 1  )
                                ( 0 0 0 0 0 0 0 0 0 0 0 0 0 0 0 0  )
                                ( 0 1 0 0 0 1 0 0 0 1 0 0 0 1 0 0  )
                                ( 0 0 0 0 0 0 0 0 0 0 0 0 0 0 0 0  )
                                ( 0 0 0 1 0 0 0 1 0 0 0 1 0 0 0 1  )
                                ( 0 0 0 0 0 0 0 0 0 0 0 0 0 0 0 0  )
                                ( 0 1 0 0 0 1 0 0 0 1 0 0 0 1 0 0  )
                                ( 0 0 0 0 0 0 0 0 0 0 0 0 0 0 0 0  )
                                ( 0 0 0 1 0 0 0 1 0 0 0 1 0 0 0 1  )
                                ( 0 0 0 0 0 0 0 0 0 0 0 0 0 0 0 0  )
                                ( 0 1 0 0 0 1 0 0 0 1 0 0 0 1 0 0  )
                                ( 0 0 0 0 0 0 0 0 0 0 0 0 0 0 0 0  )
                                ( 0 0 0 1 0 0 0 1 0 0 0 1 0 0 0 1  )
                                ( 0 0 0 0 0 0 0 0 0 0 0 0 0 0 0 0  ) ) )
 ( tsl_plot      dots1        ( ( 0 0 0 0 0 0 0 0 0 0 0 0 0 0 0 0  )
                                ( 0 0 1 0 0 0 1 0 0 0 1 0 0 0 1 0  )
                                ( 0 0 0 0 0 0 0 0 0 0 0 0 0 0 0 0  )
                                ( 1 0 0 0 1 0 0 0 1 0 0 0 1 0 0 0  )
                                ( 0 0 0 0 0 0 0 0 0 0 0 0 0 0 0 0  )
                                ( 0 0 1 0 0 0 1 0 0 0 1 0 0 0 1 0  )
                                ( 0 0 0 0 0 0 0 0 0 0 0 0 0 0 0 0  )
                                ( 1 0 0 0 1 0 0 0 1 0 0 0 1 0 0 0  )
                                ( 0 0 0 0 0 0 0 0 0 0 0 0 0 0 0 0  )
                                ( 0 0 1 0 0 0 1 0 0 0 1 0 0 0 1 0  )
                                ( 0 0 0 0 0 0 0 0 0 0 0 0 0 0 0 0  )
                                ( 1 0 0 0 1 0 0 0 1 0 0 0 1 0 0 0  )
                                ( 0 0 0 0 0 0 0 0 0 0 0 0 0 0 0 0  )
                                ( 0 0 1 0 0 0 1 0 0 0 1 0 0 0 1 0  )
                                ( 0 0 0 0 0 0 0 0 0 0 0 0 0 0 0 0  )
                                ( 1 0 0 0 1 0 0 0 1 0 0 0 1 0 0 0  ) ) )
 ( tsl_plot      hLine        ( ( 0 0 0 0 0 0 0 0 0 0 0 0 0 0 0 0  )
                                ( 0 0 0 0 0 0 0 0 0 0 0 0 0 0 0 0  )
                                ( 0 0 0 0 0 0 0 0 0 0 0 0 0 0 0 0  )
                                ( 1 1 1 1 1 1 1 1 1 1 1 1 1 1 1 1  )
                                ( 0 0 0 0 0 0 0 0 0 0 0 0 0 0 0 0  )
                                ( 0 0 0 0 0 0 0 0 0 0 0 0 0 0 0 0  )
                                ( 0 0 0 0 0 0 0 0 0 0 0 0 0 0 0 0  )
                                ( 1 1 1 1 1 1 1 1 1 1 1 1 1 1 1 1  )
                                ( 0 0 0 0 0 0 0 0 0 0 0 0 0 0 0 0  )
                                ( 0 0 0 0 0 0 0 0 0 0 0 0 0 0 0 0  )
                                ( 0 0 0 0 0 0 0 0 0 0 0 0 0 0 0 0  )
                                ( 1 1 1 1 1 1 1 1 1 1 1 1 1 1 1 1  )
                                ( 0 0 0 0 0 0 0 0 0 0 0 0 0 0 0 0  )
                                ( 0 0 0 0 0 0 0 0 0 0 0 0 0 0 0 0  )
                                ( 0 0 0 0 0 0 0 0 0 0 0 0 0 0 0 0  )
                                ( 1 1 1 1 1 1 1 1 1 1 1 1 1 1 1 1  ) ) )
 ( tsl_plot      vLine        ( ( 0 0 1 0 0 0 1 0 0 0 1 0 0 0 1 0  )
                                ( 0 0 1 0 0 0 1 0 0 0 1 0 0 0 1 0  )
                                ( 0 0 1 0 0 0 1 0 0 0 1 0 0 0 1 0  )
                                ( 0 0 1 0 0 0 1 0 0 0 1 0 0 0 1 0  )
                                ( 0 0 1 0 0 0 1 0 0 0 1 0 0 0 1 0  )
                                ( 0 0 1 0 0 0 1 0 0 0 1 0 0 0 1 0  )
                                ( 0 0 1 0 0 0 1 0 0 0 1 0 0 0 1 0  )
                                ( 0 0 1 0 0 0 1 0 0 0 1 0 0 0 1 0  )
                                ( 0 0 1 0 0 0 1 0 0 0 1 0 0 0 1 0  )
                                ( 0 0 1 0 0 0 1 0 0 0 1 0 0 0 1 0  )
                                ( 0 0 1 0 0 0 1 0 0 0 1 0 0 0 1 0  )
                                ( 0 0 1 0 0 0 1 0 0 0 1 0 0 0 1 0  )
                                ( 0 0 1 0 0 0 1 0 0 0 1 0 0 0 1 0  )
                                ( 0 0 1 0 0 0 1 0 0 0 1 0 0 0 1 0  )
                                ( 0 0 1 0 0 0 1 0 0 0 1 0 0 0 1 0  )
                                ( 0 0 1 0 0 0 1 0 0 0 1 0 0 0 1 0  ) ) )
 ( tsl_plot      cross        ( ( 1 0 0 0 1 0 0 0 1 0 0 0 1 0 0 0  )
                                ( 0 1 0 1 0 1 0 1 0 1 0 1 0 1 0 1  )
                                ( 0 0 1 0 0 0 1 0 0 0 1 0 0 0 1 0  )
                                ( 0 1 0 1 0 1 0 1 0 1 0 1 0 1 0 1  )
                                ( 1 0 0 0 1 0 0 0 1 0 0 0 1 0 0 0  )
                                ( 0 1 0 1 0 1 0 1 0 1 0 1 0 1 0 1  )
                                ( 0 0 1 0 0 0 1 0 0 0 1 0 0 0 1 0  )
                                ( 0 1 0 1 0 1 0 1 0 1 0 1 0 1 0 1  )
                                ( 1 0 0 0 1 0 0 0 1 0 0 0 1 0 0 0  )
                                ( 0 1 0 1 0 1 0 1 0 1 0 1 0 1 0 1  )
                                ( 0 0 1 0 0 0 1 0 0 0 1 0 0 0 1 0  )
                                ( 0 1 0 1 0 1 0 1 0 1 0 1 0 1 0 1  )
                                ( 1 0 0 0 1 0 0 0 1 0 0 0 1 0 0 0  )
                                ( 0 1 0 1 0 1 0 1 0 1 0 1 0 1 0 1  )
                                ( 0 0 1 0 0 0 1 0 0 0 1 0 0 0 1 0  )
                                ( 0 1 0 1 0 1 0 1 0 1 0 1 0 1 0 1  ) ) )
 ( tsl_plot      grid         ( ( 0 0 0 1 0 0 0 1 0 0 0 1 0 0 0 1  )
                                ( 0 0 0 1 0 0 0 1 0 0 0 1 0 0 0 1  )
                                ( 0 0 0 1 0 0 0 1 0 0 0 1 0 0 0 1  )
                                ( 1 1 1 1 1 1 1 1 1 1 1 1 1 1 1 1  )
                                ( 0 0 0 1 0 0 0 1 0 0 0 1 0 0 0 1  )
                                ( 0 0 0 1 0 0 0 1 0 0 0 1 0 0 0 1  )
                                ( 0 0 0 1 0 0 0 1 0 0 0 1 0 0 0 1  )
                                ( 1 1 1 1 1 1 1 1 1 1 1 1 1 1 1 1  )
                                ( 0 0 0 1 0 0 0 1 0 0 0 1 0 0 0 1  )
                                ( 0 0 0 1 0 0 0 1 0 0 0 1 0 0 0 1  )
                                ( 0 0 0 1 0 0 0 1 0 0 0 1 0 0 0 1  )
                                ( 1 1 1 1 1 1 1 1 1 1 1 1 1 1 1 1  )
                                ( 0 0 0 1 0 0 0 1 0 0 0 1 0 0 0 1  )
                                ( 0 0 0 1 0 0 0 1 0 0 0 1 0 0 0 1  )
                                ( 0 0 0 1 0 0 0 1 0 0 0 1 0 0 0 1  )
                                ( 1 1 1 1 1 1 1 1 1 1 1 1 1 1 1 1  ) ) )
 ( tsl_plot      slash        ( ( 0 0 0 1 0 0 0 1 0 0 0 1 0 0 0 1  )
                                ( 0 0 1 0 0 0 1 0 0 0 1 0 0 0 1 0  )
                                ( 0 1 0 0 0 1 0 0 0 1 0 0 0 1 0 0  )
                                ( 1 0 0 0 1 0 0 0 1 0 0 0 1 0 0 0  )
                                ( 0 0 0 1 0 0 0 1 0 0 0 1 0 0 0 1  )
                                ( 0 0 1 0 0 0 1 0 0 0 1 0 0 0 1 0  )
                                ( 0 1 0 0 0 1 0 0 0 1 0 0 0 1 0 0  )
                                ( 1 0 0 0 1 0 0 0 1 0 0 0 1 0 0 0  )
                                ( 0 0 0 1 0 0 0 1 0 0 0 1 0 0 0 1  )
                                ( 0 0 1 0 0 0 1 0 0 0 1 0 0 0 1 0  )
                                ( 0 1 0 0 0 1 0 0 0 1 0 0 0 1 0 0  )
                                ( 1 0 0 0 1 0 0 0 1 0 0 0 1 0 0 0  )
                                ( 0 0 0 1 0 0 0 1 0 0 0 1 0 0 0 1  )
                                ( 0 0 1 0 0 0 1 0 0 0 1 0 0 0 1 0  )
                                ( 0 1 0 0 0 1 0 0 0 1 0 0 0 1 0 0  )
                                ( 1 0 0 0 1 0 0 0 1 0 0 0 1 0 0 0  ) ) )
 ( tsl_plot      backSlash    ( ( 1 0 0 0 1 0 0 0 1 0 0 0 1 0 0 0  )
                                ( 0 1 0 0 0 1 0 0 0 1 0 0 0 1 0 0  )
                                ( 0 0 1 0 0 0 1 0 0 0 1 0 0 0 1 0  )
                                ( 0 0 0 1 0 0 0 1 0 0 0 1 0 0 0 1  )
                                ( 1 0 0 0 1 0 0 0 1 0 0 0 1 0 0 0  )
                                ( 0 1 0 0 0 1 0 0 0 1 0 0 0 1 0 0  )
                                ( 0 0 1 0 0 0 1 0 0 0 1 0 0 0 1 0  )
                                ( 0 0 0 1 0 0 0 1 0 0 0 1 0 0 0 1  )
                                ( 1 0 0 0 1 0 0 0 1 0 0 0 1 0 0 0  )
                                ( 0 1 0 0 0 1 0 0 0 1 0 0 0 1 0 0  )
                                ( 0 0 1 0 0 0 1 0 0 0 1 0 0 0 1 0  )
                                ( 0 0 0 1 0 0 0 1 0 0 0 1 0 0 0 1  )
                                ( 1 0 0 0 1 0 0 0 1 0 0 0 1 0 0 0  )
                                ( 0 1 0 0 0 1 0 0 0 1 0 0 0 1 0 0  )
                                ( 0 0 1 0 0 0 1 0 0 0 1 0 0 0 1 0  )
                                ( 0 0 0 1 0 0 0 1 0 0 0 1 0 0 0 1  ) ) )
 ( tsl_plot      hZigZag      ( ( 1 1 0 0 0 0 0 0 1 1 0 0 0 0 0 0  )
                                ( 0 0 1 0 0 0 0 0 0 0 1 0 0 0 0 0  )
                                ( 0 0 0 1 1 0 0 0 0 0 0 1 1 0 0 0  )
                                ( 0 0 0 0 0 1 0 0 0 0 0 0 0 1 0 0  )
                                ( 0 0 0 0 0 0 1 1 0 0 0 0 0 0 1 1  )
                                ( 1 0 0 0 0 0 0 0 1 0 0 0 0 0 0 0  )
                                ( 0 1 1 0 0 0 0 0 0 1 1 0 0 0 0 0  )
                                ( 0 0 0 1 0 0 0 0 0 0 0 1 0 0 0 0  )
                                ( 0 0 0 0 1 1 0 0 0 0 0 0 1 1 0 0  )
                                ( 0 0 0 0 0 0 1 0 0 0 0 0 0 0 1 0  )
                                ( 1 0 0 0 0 0 0 1 1 0 0 0 0 0 0 1  )
                                ( 0 1 0 0 0 0 0 0 0 1 0 0 0 0 0 0  )
                                ( 0 0 1 1 0 0 0 0 0 0 1 1 0 0 0 0  )
                                ( 0 0 0 0 1 0 0 0 0 0 0 0 1 0 0 0  )
                                ( 0 0 0 0 0 1 1 0 0 0 0 0 0 1 1 0  )
                                ( 0 0 0 0 0 0 0 1 0 0 0 0 0 0 0 1  ) ) )
 ( tsl_plot      vZigZag      ( ( 1 0 0 0 0 1 0 0 0 0 1 0 0 0 0 0  )
                                ( 1 0 0 0 0 0 1 0 0 0 0 1 0 0 0 0  )
                                ( 0 1 0 0 0 0 1 0 0 0 0 0 1 0 0 0  )
                                ( 0 0 1 0 0 0 0 1 0 0 0 0 1 0 0 0  )
                                ( 0 0 1 0 0 0 0 0 1 0 0 0 0 1 0 0  )
                                ( 0 0 0 1 0 0 0 0 1 0 0 0 0 0 1 0  )
                                ( 0 0 0 0 1 0 0 0 0 1 0 0 0 0 1 0  )
                                ( 0 0 0 0 1 0 0 0 0 0 1 0 0 0 0 1  )
                                ( 1 0 0 0 0 1 0 0 0 0 1 0 0 0 0 0  )
                                ( 1 0 0 0 0 0 1 0 0 0 0 1 0 0 0 0  )
                                ( 0 1 0 0 0 0 1 0 0 0 0 0 1 0 0 0  )
                                ( 0 0 1 0 0 0 0 1 0 0 0 0 1 0 0 0  )
                                ( 0 0 1 0 0 0 0 0 1 0 0 0 0 1 0 0  )
                                ( 0 0 0 1 0 0 0 0 1 0 0 0 0 0 1 0  )
                                ( 0 0 0 0 1 0 0 0 0 1 0 0 0 0 1 0  )
                                ( 0 0 0 0 1 0 0 0 0 0 1 0 0 0 0 1  ) ) )
 ( tsl_plot      hCurb        ( ( 0 0 0 0 0 0 0 0 0 0 0 0 0 0 0 0  )
                                ( 0 0 0 0 0 0 0 0 0 0 0 0 0 0 0 0  )
                                ( 0 0 0 1 1 1 1 1 0 0 0 1 1 1 1 1  )
                                ( 0 0 0 1 0 0 0 1 0 0 0 1 0 0 0 1  )
                                ( 0 0 0 1 0 0 0 1 0 0 0 1 0 0 0 1  )
                                ( 1 1 1 1 0 0 0 1 1 1 1 1 0 0 0 1  )
                                ( 0 0 0 0 0 0 0 0 0 0 0 0 0 0 0 0  )
                                ( 0 0 0 0 0 0 0 0 0 0 0 0 0 0 0 0  )
                                ( 0 0 0 0 0 0 0 0 0 0 0 0 0 0 0 0  )
                                ( 0 0 0 0 0 0 0 0 0 0 0 0 0 0 0 0  )
                                ( 0 0 0 1 1 1 1 1 0 0 0 1 1 1 1 1  )
                                ( 0 0 0 1 0 0 0 1 0 0 0 1 0 0 0 1  )
                                ( 0 0 0 1 0 0 0 1 0 0 0 1 0 0 0 1  )
                                ( 1 1 1 1 0 0 0 1 1 1 1 1 0 0 0 1  )
                                ( 0 0 0 0 0 0 0 0 0 0 0 0 0 0 0 0  )
                                ( 0 0 0 0 0 0 0 0 0 0 0 0 0 0 0 0  ) ) )
 ( tsl_plot      vCurb        ( ( 0 0 0 0 0 1 0 0 0 0 0 0 0 1 0 0  )
                                ( 0 0 0 0 0 1 0 0 0 0 0 0 0 1 0 0  )
                                ( 0 0 0 0 0 1 0 0 0 0 0 0 0 1 0 0  )
                                ( 0 0 1 1 1 1 0 0 0 0 1 1 1 1 0 0  )
                                ( 0 0 1 0 0 0 0 0 0 0 1 0 0 0 0 0  )
                                ( 0 0 1 0 0 0 0 0 0 0 1 0 0 0 0 0  )
                                ( 0 0 1 0 0 0 0 0 0 0 1 0 0 0 0 0  )
                                ( 0 0 1 1 1 1 0 0 0 0 1 1 1 1 0 0  )
                                ( 0 0 0 0 0 1 0 0 0 0 0 0 0 1 0 0  )
                                ( 0 0 0 0 0 1 0 0 0 0 0 0 0 1 0 0  )
                                ( 0 0 0 0 0 1 0 0 0 0 0 0 0 1 0 0  )
                                ( 0 0 1 1 1 1 0 0 0 0 1 1 1 1 0 0  )
                                ( 0 0 1 0 0 0 0 0 0 0 1 0 0 0 0 0  )
                                ( 0 0 1 0 0 0 0 0 0 0 1 0 0 0 0 0  )
                                ( 0 0 1 0 0 0 0 0 0 0 1 0 0 0 0 0  )
                                ( 0 0 1 1 1 1 0 0 0 0 1 1 1 1 0 0  ) ) )
 ( tsl_plot      brick        ( ( 1 1 1 1 1 1 1 1 1 1 1 1 1 1 1 1  )
                                ( 0 0 1 0 0 0 0 0 0 0 1 0 0 0 0 0  )
                                ( 0 0 1 0 0 0 0 0 0 0 1 0 0 0 0 0  )
                                ( 0 0 1 0 0 0 0 0 0 0 1 0 0 0 0 0  )
                                ( 1 1 1 1 1 1 1 1 1 1 1 1 1 1 1 1  )
                                ( 0 0 0 0 0 0 1 0 0 0 0 0 0 0 1 0  )
                                ( 0 0 0 0 0 0 1 0 0 0 0 0 0 0 1 0  )
                                ( 0 0 0 0 0 0 1 0 0 0 0 0 0 0 1 0  )
                                ( 1 1 1 1 1 1 1 1 1 1 1 1 1 1 1 1  )
                                ( 0 0 1 0 0 0 0 0 0 0 1 0 0 0 0 0  )
                                ( 0 0 1 0 0 0 0 0 0 0 1 0 0 0 0 0  )
                                ( 0 0 1 0 0 0 0 0 0 0 1 0 0 0 0 0  )
                                ( 1 1 1 1 1 1 1 1 1 1 1 1 1 1 1 1  )
                                ( 0 0 0 0 0 0 1 0 0 0 0 0 0 0 1 0  )
                                ( 0 0 0 0 0 0 1 0 0 0 0 0 0 0 1 0  )
                                ( 0 0 0 0 0 0 1 0 0 0 0 0 0 0 1 0  ) ) )
 ( tsl_plot      dagger       ( ( 0 0 0 0 0 0 0 0 0 0 0 0 0 0 0 0  )
                                ( 0 0 1 0 0 0 0 0 0 0 1 0 0 0 0 0  )
                                ( 0 0 1 0 0 0 0 0 0 0 1 0 0 0 0 0  )
                                ( 0 0 1 0 0 0 0 0 0 0 1 0 0 0 0 0  )
                                ( 1 1 1 1 1 0 0 0 1 1 1 1 1 0 0 0  )
                                ( 0 0 1 0 0 0 0 0 0 0 1 0 0 0 0 0  )
                                ( 0 0 1 0 0 0 0 0 0 0 1 0 0 0 0 0  )
                                ( 0 0 1 0 0 0 0 0 0 0 1 0 0 0 0 0  )
                                ( 0 0 0 0 0 0 0 0 0 0 0 0 0 0 0 0  )
                                ( 0 0 0 0 0 1 0 0 0 0 0 0 0 1 0 0  )
                                ( 0 0 0 0 0 1 0 0 0 0 0 0 0 1 0 0  )
                                ( 0 0 0 0 0 1 0 0 0 0 0 0 0 1 0 0  )
                                ( 0 0 0 1 1 1 1 1 0 0 0 1 1 1 1 1  )
                                ( 0 0 0 0 0 1 0 0 0 0 0 0 0 1 0 0  )
                                ( 0 0 0 0 0 1 0 0 0 0 0 0 0 1 0 0  )
                                ( 0 0 0 0 0 1 0 0 0 0 0 0 0 1 0 0  ) ) )
 ( tsl_plot      triangle     ( ( 0 0 0 0 0 0 0 0 0 0 0 0 0 0 0 0  )
                                ( 0 0 0 0 1 0 0 0 0 0 0 0 0 0 0 0  )
                                ( 0 0 0 1 0 1 0 0 0 0 0 0 0 0 0 0  )
                                ( 0 0 1 0 0 0 1 0 0 0 0 0 0 0 0 0  )
                                ( 0 1 0 0 0 0 0 1 0 0 0 0 0 0 0 0  )
                                ( 1 1 1 1 1 1 1 1 1 0 0 0 0 0 0 0  )
                                ( 0 0 0 0 0 0 0 0 0 0 0 0 0 0 0 0  )
                                ( 0 0 0 0 0 0 0 0 0 0 0 0 0 0 0 0  )
                                ( 0 0 0 0 0 0 0 0 0 0 0 0 0 0 0 0  )
                                ( 0 0 0 0 0 0 0 0 0 0 0 1 0 0 0 0  )
                                ( 0 0 0 0 0 0 0 0 0 0 1 0 1 0 0 0  )
                                ( 0 0 0 0 0 0 0 0 0 1 0 0 0 1 0 0  )
                                ( 0 0 0 0 0 0 0 0 1 0 0 0 0 0 1 0  )
                                ( 0 0 0 0 0 0 0 1 1 1 1 1 1 1 1 1  )
                                ( 0 0 0 0 0 0 0 0 0 0 0 0 0 0 0 0  )
                                ( 0 0 0 0 0 0 0 0 0 0 0 0 0 0 0 0  ) ) )
 ( tsl_plot      x            ( ( 1 0 0 0 1 0 0 0 1 0 0 0 1 0 0 0  )
                                ( 0 1 0 1 0 1 0 1 0 1 0 1 0 1 0 1  )
                                ( 0 0 1 0 0 0 1 0 0 0 1 0 0 0 1 0  )
                                ( 0 1 0 1 0 1 0 1 0 1 0 1 0 1 0 1  )
                                ( 1 0 0 0 1 0 0 0 1 0 0 0 1 0 0 0  )
                                ( 0 1 0 1 0 1 0 1 0 1 0 1 0 1 0 1  )
                                ( 0 0 1 0 0 0 1 0 0 0 1 0 0 0 1 0  )
                                ( 0 1 0 1 0 1 0 1 0 1 0 1 0 1 0 1  )
                                ( 1 0 0 0 1 0 0 0 1 0 0 0 1 0 0 0  )
                                ( 0 1 0 1 0 1 0 1 0 1 0 1 0 1 0 1  )
                                ( 0 0 1 0 0 0 1 0 0 0 1 0 0 0 1 0  )
                                ( 0 1 0 1 0 1 0 1 0 1 0 1 0 1 0 1  )
                                ( 1 0 0 0 1 0 0 0 1 0 0 0 1 0 0 0  )
                                ( 0 1 0 1 0 1 0 1 0 1 0 1 0 1 0 1  )
                                ( 0 0 1 0 0 0 1 0 0 0 1 0 0 0 1 0  )
                                ( 0 1 0 1 0 1 0 1 0 1 0 1 0 1 0 1  ) ) )
 ( tsl_plot      stipple0     ( ( 1 1 1 1 1 1 1 1 1 1 1 1 1 1 1 1 1 1 1 1 1 1 1 1 1 1 1 1 1 1 1 1  )
                                ( 1 1 1 1 1 1 1 1 1 1 1 1 1 1 1 1 1 1 1 1 1 1 1 1 1 1 1 1 1 1 1 1  )
                                ( 1 1 1 1 1 1 1 1 1 1 1 1 1 1 1 1 1 1 1 1 1 1 1 1 1 1 1 1 1 1 1 1  )
                                ( 1 1 1 1 1 1 1 1 1 1 1 1 1 1 1 1 1 1 1 1 1 1 1 1 1 1 1 1 1 1 1 1  )
                                ( 1 1 1 1 1 1 1 1 1 1 1 1 1 1 1 1 1 1 1 1 1 1 1 1 1 1 1 1 1 1 1 1  )
                                ( 1 1 1 1 1 1 1 1 1 1 1 1 1 1 1 1 1 1 1 1 1 1 1 1 1 1 1 1 1 1 1 1  )
                                ( 1 1 1 1 1 1 1 1 1 1 1 1 1 1 1 1 1 1 1 1 1 1 1 1 1 1 1 1 1 1 1 1  )
                                ( 1 1 1 1 1 1 1 1 1 1 1 1 1 1 1 1 1 1 1 1 1 1 1 1 1 1 1 1 1 1 1 1  )
                                ( 1 1 1 1 1 1 1 1 1 1 1 1 1 1 1 1 1 1 1 1 1 1 1 1 1 1 1 1 1 1 1 1  )
                                ( 1 1 1 1 1 1 1 1 1 1 1 1 1 1 1 1 1 1 1 1 1 1 1 1 1 1 1 1 1 1 1 1  )
                                ( 1 1 1 1 1 1 1 1 1 1 1 1 1 1 1 1 1 1 1 1 1 1 1 1 1 1 1 1 1 1 1 1  )
                                ( 1 1 1 1 1 1 1 1 1 1 1 1 1 1 1 1 1 1 1 1 1 1 1 1 1 1 1 1 1 1 1 1  )
                                ( 1 1 1 1 1 1 1 1 1 1 1 1 1 1 1 1 1 1 1 1 1 1 1 1 1 1 1 1 1 1 1 1  )
                                ( 1 1 1 1 1 1 1 1 1 1 1 1 1 1 1 1 1 1 1 1 1 1 1 1 1 1 1 1 1 1 1 1  )
                                ( 1 1 1 1 1 1 1 1 1 1 1 1 1 1 1 1 1 1 1 1 1 1 1 1 1 1 1 1 1 1 1 1  )
                                ( 1 1 1 1 1 1 1 1 1 1 1 1 1 1 1 1 1 1 1 1 1 1 1 1 1 1 1 1 1 1 1 1  )
                                ( 1 1 1 1 1 1 1 1 1 1 1 1 1 1 1 1 1 1 1 1 1 1 1 1 1 1 1 1 1 1 1 1  )
                                ( 1 1 1 1 1 1 1 1 1 1 1 1 1 1 1 1 1 1 1 1 1 1 1 1 1 1 1 1 1 1 1 1  )
                                ( 1 1 1 1 1 1 1 1 1 1 1 1 1 1 1 1 1 1 1 1 1 1 1 1 1 1 1 1 1 1 1 1  )
                                ( 1 1 1 1 1 1 1 1 1 1 1 1 1 1 1 1 1 1 1 1 1 1 1 1 1 1 1 1 1 1 1 1  )
                                ( 1 1 1 1 1 1 1 1 1 1 1 1 1 1 1 1 1 1 1 1 1 1 1 1 1 1 1 1 1 1 1 1  )
                                ( 1 1 1 1 1 1 1 1 1 1 1 1 1 1 1 1 1 1 1 1 1 1 1 1 1 1 1 1 1 1 1 1  )
                                ( 1 1 1 1 1 1 1 1 1 1 1 1 1 1 1 1 1 1 1 1 1 1 1 1 1 1 1 1 1 1 1 1  )
                                ( 1 1 1 1 1 1 1 1 1 1 1 1 1 1 1 1 1 1 1 1 1 1 1 1 1 1 1 1 1 1 1 1  )
                                ( 1 1 1 1 1 1 1 1 1 1 1 1 1 1 1 1 1 1 1 1 1 1 1 1 1 1 1 1 1 1 1 1  )
                                ( 1 1 1 1 1 1 1 1 1 1 1 1 1 1 1 1 1 1 1 1 1 1 1 1 1 1 1 1 1 1 1 1  )
                                ( 1 1 1 1 1 1 1 1 1 1 1 1 1 1 1 1 1 1 1 1 1 1 1 1 1 1 1 1 1 1 1 1  )
                                ( 1 1 1 1 1 1 1 1 1 1 1 1 1 1 1 1 1 1 1 1 1 1 1 1 1 1 1 1 1 1 1 1  )
                                ( 1 1 1 1 1 1 1 1 1 1 1 1 1 1 1 1 1 1 1 1 1 1 1 1 1 1 1 1 1 1 1 1  )
                                ( 1 1 1 1 1 1 1 1 1 1 1 1 1 1 1 1 1 1 1 1 1 1 1 1 1 1 1 1 1 1 1 1  )
                                ( 1 1 1 1 1 1 1 1 1 1 1 1 1 1 1 1 1 1 1 1 1 1 1 1 1 1 1 1 1 1 1 1  )
                                ( 1 1 1 1 1 1 1 1 1 1 1 1 1 1 1 1 1 1 1 1 1 1 1 1 1 1 1 1 1 1 1 1  ) ) )
 ( tsl_plot      stipple1     ( ( 0 1 0 1 0 1 0 1 0 1 0 1 0 1 0 1  )
                                ( 0 0 0 0 0 0 0 0 0 0 0 0 0 0 0 0  )
                                ( 0 1 0 1 0 1 0 1 0 1 0 1 0 1 0 1  )
                                ( 0 0 0 0 0 0 0 0 0 0 0 0 0 0 0 0  )
                                ( 0 1 0 1 0 1 0 1 0 1 0 1 0 1 0 1  )
                                ( 0 0 0 0 0 0 0 0 0 0 0 0 0 0 0 0  )
                                ( 0 1 0 1 0 1 0 1 0 1 0 1 0 1 0 1  )
                                ( 0 0 0 0 0 0 0 0 0 0 0 0 0 0 0 0  )
                                ( 0 1 0 1 0 1 0 1 0 1 0 1 0 1 0 1  )
                                ( 0 0 0 0 0 0 0 0 0 0 0 0 0 0 0 0  )
                                ( 0 1 0 1 0 1 0 1 0 1 0 1 0 1 0 1  )
                                ( 0 0 0 0 0 0 0 0 0 0 0 0 0 0 0 0  )
                                ( 0 1 0 1 0 1 0 1 0 1 0 1 0 1 0 1  )
                                ( 0 0 0 0 0 0 0 0 0 0 0 0 0 0 0 0  )
                                ( 0 1 0 1 0 1 0 1 0 1 0 1 0 1 0 1  )
                                ( 0 0 0 0 0 0 0 0 0 0 0 0 0 0 0 0  ) ) )
 ( tsl_plot      stipple2     ( ( 0 0 0 1 0 0 0 0 0 0 0 1 0 0 0 0  )
                                ( 0 0 0 1 0 0 0 0 0 0 0 1 0 0 0 0  )
                                ( 0 0 0 0 0 0 0 1 0 0 0 0 0 0 0 1  )
                                ( 0 0 0 0 0 0 0 1 0 0 0 0 0 0 0 1  )
                                ( 0 0 0 1 0 0 0 0 0 0 0 1 0 0 0 0  )
                                ( 0 0 0 1 0 0 0 0 0 0 0 1 0 0 0 0  )
                                ( 0 0 0 0 0 0 0 1 0 0 0 0 0 0 0 1  )
                                ( 0 0 0 0 0 0 0 1 0 0 0 0 0 0 0 1  )
                                ( 0 0 0 1 0 0 0 0 0 0 0 1 0 0 0 0  )
                                ( 0 0 0 1 0 0 0 0 0 0 0 1 0 0 0 0  )
                                ( 0 0 0 0 0 0 0 1 0 0 0 0 0 0 0 1  )
                                ( 0 0 0 0 0 0 0 1 0 0 0 0 0 0 0 1  )
                                ( 0 0 0 1 0 0 0 0 0 0 0 1 0 0 0 0  )
                                ( 0 0 0 1 0 0 0 0 0 0 0 1 0 0 0 0  )
                                ( 0 0 0 0 0 0 0 1 0 0 0 0 0 0 0 1  )
                                ( 0 0 0 0 0 0 0 1 0 0 0 0 0 0 0 1  ) ) )
 ( tsl_plot      stipple3     ( ( 0 1 0 0 0 1 0 0 0 1 0 0 0 1 0 0  )
                                ( 0 1 0 0 0 1 0 0 0 1 0 0 0 1 0 0  )
                                ( 0 1 0 0 0 1 0 0 0 1 0 0 0 1 0 0  )
                                ( 0 1 0 0 0 1 0 0 0 1 0 0 0 1 0 0  )
                                ( 0 0 1 0 0 0 1 0 0 0 1 0 0 0 1 0  )
                                ( 0 0 1 0 0 0 1 0 0 0 1 0 0 0 1 0  )
                                ( 0 0 1 0 0 0 1 0 0 0 1 0 0 0 1 0  )
                                ( 0 0 1 0 0 0 1 0 0 0 1 0 0 0 1 0  )
                                ( 0 1 0 0 0 1 0 0 0 1 0 0 0 1 0 0  )
                                ( 0 1 0 0 0 1 0 0 0 1 0 0 0 1 0 0  )
                                ( 0 1 0 0 0 1 0 0 0 1 0 0 0 1 0 0  )
                                ( 0 1 0 0 0 1 0 0 0 1 0 0 0 1 0 0  )
                                ( 0 0 1 0 0 0 1 0 0 0 1 0 0 0 1 0  )
                                ( 0 0 1 0 0 0 1 0 0 0 1 0 0 0 1 0  )
                                ( 0 0 1 0 0 0 1 0 0 0 1 0 0 0 1 0  )
                                ( 0 0 1 0 0 0 1 0 0 0 1 0 0 0 1 0  ) ) )
 ( tsl_plot      stipple4     ( ( 0 1 0 0 0 1 0 0 0 1 0 0 0 1 0 0  )
                                ( 0 0 1 0 0 0 1 0 0 0 1 0 0 0 1 0  )
                                ( 0 0 0 1 0 0 0 1 0 0 0 1 0 0 0 1  )
                                ( 1 0 0 0 1 0 0 0 1 0 0 0 1 0 0 0  )
                                ( 0 1 0 0 0 1 0 0 0 1 0 0 0 1 0 0  )
                                ( 0 0 1 0 0 0 1 0 0 0 1 0 0 0 1 0  )
                                ( 0 0 0 1 0 0 0 1 0 0 0 1 0 0 0 1  )
                                ( 1 0 0 0 1 0 0 0 1 0 0 0 1 0 0 0  )
                                ( 0 1 0 0 0 1 0 0 0 1 0 0 0 1 0 0  )
                                ( 0 0 1 0 0 0 1 0 0 0 1 0 0 0 1 0  )
                                ( 0 0 0 1 0 0 0 1 0 0 0 1 0 0 0 1  )
                                ( 1 0 0 0 1 0 0 0 1 0 0 0 1 0 0 0  )
                                ( 0 1 0 0 0 1 0 0 0 1 0 0 0 1 0 0  )
                                ( 0 0 1 0 0 0 1 0 0 0 1 0 0 0 1 0  )
                                ( 0 0 0 1 0 0 0 1 0 0 0 1 0 0 0 1  )
                                ( 1 0 0 0 1 0 0 0 1 0 0 0 1 0 0 0  ) ) )
 ( tsl_plot      stipple5     ( ( 0 0 0 1 0 0 0 1 0 0 0 1 0 0 0 1  )
                                ( 0 0 1 0 0 0 1 0 0 0 1 0 0 0 1 0  )
                                ( 0 1 0 0 0 1 0 0 0 1 0 0 0 1 0 0  )
                                ( 1 0 0 0 1 0 0 0 1 0 0 0 1 0 0 0  )
                                ( 0 0 0 1 0 0 0 1 0 0 0 1 0 0 0 1  )
                                ( 0 0 1 0 0 0 1 0 0 0 1 0 0 0 1 0  )
                                ( 0 1 0 0 0 1 0 0 0 1 0 0 0 1 0 0  )
                                ( 1 0 0 0 1 0 0 0 1 0 0 0 1 0 0 0  )
                                ( 0 0 0 1 0 0 0 1 0 0 0 1 0 0 0 1  )
                                ( 0 0 1 0 0 0 1 0 0 0 1 0 0 0 1 0  )
                                ( 0 1 0 0 0 1 0 0 0 1 0 0 0 1 0 0  )
                                ( 1 0 0 0 1 0 0 0 1 0 0 0 1 0 0 0  )
                                ( 0 0 0 1 0 0 0 1 0 0 0 1 0 0 0 1  )
                                ( 0 0 1 0 0 0 1 0 0 0 1 0 0 0 1 0  )
                                ( 0 1 0 0 0 1 0 0 0 1 0 0 0 1 0 0  )
                                ( 1 0 0 0 1 0 0 0 1 0 0 0 1 0 0 0  ) ) )
 ( tsl_plot      stipple6     ( ( 0 0 0 0 0 0 0 1 0 0 0 0 0 0 0 1  )
                                ( 0 0 0 0 0 0 1 0 0 0 0 0 0 0 1 0  )
                                ( 0 0 0 0 0 1 0 0 0 0 0 0 0 1 0 0  )
                                ( 0 0 0 0 1 0 0 0 0 0 0 0 1 0 0 0  )
                                ( 0 0 0 1 0 0 0 0 0 0 0 1 0 0 0 0  )
                                ( 0 0 1 0 0 0 0 0 0 0 1 0 0 0 0 0  )
                                ( 0 1 0 0 0 0 0 0 0 1 0 0 0 0 0 0  )
                                ( 1 0 0 0 0 0 0 0 1 0 0 0 0 0 0 0  )
                                ( 0 0 0 0 0 0 0 1 0 0 0 0 0 0 0 1  )
                                ( 0 0 0 0 0 0 1 0 0 0 0 0 0 0 1 0  )
                                ( 0 0 0 0 0 1 0 0 0 0 0 0 0 1 0 0  )
                                ( 0 0 0 0 1 0 0 0 0 0 0 0 1 0 0 0  )
                                ( 0 0 0 1 0 0 0 0 0 0 0 1 0 0 0 0  )
                                ( 0 0 1 0 0 0 0 0 0 0 1 0 0 0 0 0  )
                                ( 0 1 0 0 0 0 0 0 0 1 0 0 0 0 0 0  )
                                ( 1 0 0 0 0 0 0 0 1 0 0 0 0 0 0 0  ) ) )
 ( tsl_plot      stipple7     ( ( 0 0 0 0 0 0 0 0 0 0 0 0 0 0 0 0  )
                                ( 0 0 0 0 0 0 0 0 0 0 0 0 0 0 0 0  )
                                ( 1 1 1 1 1 1 1 1 1 1 1 1 1 1 1 1  )
                                ( 0 0 0 0 0 0 0 0 0 0 0 0 0 0 0 0  )
                                ( 0 0 0 0 0 0 0 0 0 0 0 0 0 0 0 0  )
                                ( 0 0 0 0 0 0 0 0 0 0 0 0 0 0 0 0  )
                                ( 1 1 1 1 1 1 1 1 1 1 1 1 1 1 1 1  )
                                ( 0 0 0 0 0 0 0 0 0 0 0 0 0 0 0 0  )
                                ( 0 0 0 0 0 0 0 0 0 0 0 0 0 0 0 0  )
                                ( 0 0 0 0 0 0 0 0 0 0 0 0 0 0 0 0  )
                                ( 1 1 1 1 1 1 1 1 1 1 1 1 1 1 1 1  )
                                ( 0 0 0 0 0 0 0 0 0 0 0 0 0 0 0 0  )
                                ( 0 0 0 0 0 0 0 0 0 0 0 0 0 0 0 0  )
                                ( 0 0 0 0 0 0 0 0 0 0 0 0 0 0 0 0  )
                                ( 1 1 1 1 1 1 1 1 1 1 1 1 1 1 1 1  )
                                ( 0 0 0 0 0 0 0 0 0 0 0 0 0 0 0 0  ) ) )
 ( tsl_plot      stipple8     ( ( 1 0 0 0 0 0 0 0 1 0 0 0 0 0 0 0  )
                                ( 0 1 0 0 0 0 0 0 0 1 0 0 0 0 0 0  )
                                ( 0 0 1 0 0 0 0 0 0 0 1 0 0 0 0 0  )
                                ( 0 0 0 1 0 0 0 0 0 0 0 1 0 0 0 0  )
                                ( 0 0 0 0 1 0 0 0 0 0 0 0 1 0 0 0  )
                                ( 0 0 0 0 0 1 0 0 0 0 0 0 0 1 0 0  )
                                ( 0 0 0 0 0 0 1 0 0 0 0 0 0 0 1 0  )
                                ( 0 0 0 0 0 0 0 1 0 0 0 0 0 0 0 1  )
                                ( 1 0 0 0 0 0 0 0 1 0 0 0 0 0 0 0  )
                                ( 0 1 0 0 0 0 0 0 0 1 0 0 0 0 0 0  )
                                ( 0 0 1 0 0 0 0 0 0 0 1 0 0 0 0 0  )
                                ( 0 0 0 1 0 0 0 0 0 0 0 1 0 0 0 0  )
                                ( 0 0 0 0 1 0 0 0 0 0 0 0 1 0 0 0  )
                                ( 0 0 0 0 0 1 0 0 0 0 0 0 0 1 0 0  )
                                ( 0 0 0 0 0 0 1 0 0 0 0 0 0 0 1 0  )
                                ( 0 0 0 0 0 0 0 1 0 0 0 0 0 0 0 1  ) ) )
 ( tsl_plot      stipple9     ( ( 0 0 0 0 0 0 0 0 0 0 0 1 0 0 0 0  )
                                ( 0 0 0 0 0 0 0 0 0 0 1 0 0 0 0 0  )
                                ( 0 0 0 0 0 0 0 0 0 1 0 0 0 0 0 0  )
                                ( 0 0 0 0 0 0 0 0 1 0 0 0 0 0 0 0  )
                                ( 0 0 0 0 0 0 0 1 0 0 0 0 0 0 0 0  )
                                ( 0 0 0 0 0 0 1 0 0 0 0 0 0 0 0 0  )
                                ( 0 0 0 0 0 1 0 0 0 0 0 0 0 0 0 0  )
                                ( 0 0 0 0 1 0 0 0 0 0 0 0 0 0 0 0  )
                                ( 0 0 0 0 0 0 0 0 0 0 0 0 0 0 0 0  )
                                ( 0 0 0 0 0 0 0 0 0 0 0 0 0 0 0 0  )
                                ( 0 0 0 0 0 0 0 0 0 0 1 0 0 0 0 0  )
                                ( 0 0 0 0 0 0 0 0 0 1 0 0 0 0 0 0  )
                                ( 0 0 0 0 0 0 0 0 1 0 0 0 0 0 0 0  )
                                ( 0 0 0 0 0 0 0 1 0 0 0 0 0 0 0 0  )
                                ( 0 0 0 0 0 0 1 0 0 0 0 0 0 0 0 0  )
                                ( 0 0 0 0 0 1 0 0 0 0 0 0 0 0 0 0  ) ) )
 ( tsl_plot      stipple10    ( ( 1 0 0 0 1 0 0 0 1 0 0 0 1 0 0 0  )
                                ( 1 0 0 0 1 0 0 0 1 0 0 0 1 0 0 0  )
                                ( 1 0 0 0 1 0 0 0 1 0 0 0 1 0 0 0  )
                                ( 1 0 0 0 1 0 0 0 1 0 0 0 1 0 0 0  )
                                ( 1 0 0 0 1 0 0 0 1 0 0 0 1 0 0 0  )
                                ( 1 0 0 0 1 0 0 0 1 0 0 0 1 0 0 0  )
                                ( 1 0 0 0 1 0 0 0 1 0 0 0 1 0 0 0  )
                                ( 1 0 0 0 1 0 0 0 1 0 0 0 1 0 0 0  )
                                ( 1 0 0 0 1 0 0 0 1 0 0 0 1 0 0 0  )
                                ( 1 0 0 0 1 0 0 0 1 0 0 0 1 0 0 0  )
                                ( 1 0 0 0 1 0 0 0 1 0 0 0 1 0 0 0  )
                                ( 1 0 0 0 1 0 0 0 1 0 0 0 1 0 0 0  )
                                ( 1 0 0 0 1 0 0 0 1 0 0 0 1 0 0 0  )
                                ( 1 0 0 0 1 0 0 0 1 0 0 0 1 0 0 0  )
                                ( 1 0 0 0 1 0 0 0 1 0 0 0 1 0 0 0  )
                                ( 1 0 0 0 1 0 0 0 1 0 0 0 1 0 0 0  ) ) )
 ( tsl_plot      stipple11    ( ( 1 0 1 0 1 0 1 0 1 0 1 0 1 0 1 0  )
                                ( 1 0 1 0 1 0 1 0 1 0 1 0 1 0 1 0  )
                                ( 1 0 1 0 1 0 1 0 1 0 1 0 1 0 1 0  )
                                ( 1 0 1 0 1 0 1 0 1 0 1 0 1 0 1 0  )
                                ( 1 0 1 0 1 0 1 0 1 0 1 0 1 0 1 0  )
                                ( 1 0 1 0 1 0 1 0 1 0 1 0 1 0 1 0  )
                                ( 1 0 1 0 1 0 1 0 1 0 1 0 1 0 1 0  )
                                ( 1 0 1 0 1 0 1 0 1 0 1 0 1 0 1 0  )
                                ( 1 0 1 0 1 0 1 0 1 0 1 0 1 0 1 0  )
                                ( 1 0 1 0 1 0 1 0 1 0 1 0 1 0 1 0  )
                                ( 1 0 1 0 1 0 1 0 1 0 1 0 1 0 1 0  )
                                ( 1 0 1 0 1 0 1 0 1 0 1 0 1 0 1 0  )
                                ( 1 0 1 0 1 0 1 0 1 0 1 0 1 0 1 0  )
                                ( 1 0 1 0 1 0 1 0 1 0 1 0 1 0 1 0  )
                                ( 1 0 1 0 1 0 1 0 1 0 1 0 1 0 1 0  )
                                ( 1 0 1 0 1 0 1 0 1 0 1 0 1 0 1 0  ) ) )
 ( tsl_plot      stipple12    ( ( 1 0 0 0 1 0 0 0 1 0 0 0 1 0 0 0  )
                                ( 1 0 0 0 1 0 0 0 1 0 0 0 1 0 0 0  )
                                ( 0 0 0 1 0 0 0 1 0 0 0 1 0 0 0 1  )
                                ( 0 0 0 1 0 0 0 1 0 0 0 1 0 0 0 1  )
                                ( 1 0 0 0 1 0 0 0 1 0 0 0 1 0 0 0  )
                                ( 1 0 0 0 1 0 0 0 1 0 0 0 1 0 0 0  )
                                ( 0 0 0 1 0 0 0 1 0 0 0 1 0 0 0 1  )
                                ( 0 0 0 1 0 0 0 1 0 0 0 1 0 0 0 1  )
                                ( 1 0 0 0 1 0 0 0 1 0 0 0 1 0 0 0  )
                                ( 1 0 0 0 1 0 0 0 1 0 0 0 1 0 0 0  )
                                ( 0 0 0 1 0 0 0 1 0 0 0 1 0 0 0 1  )
                                ( 0 0 0 1 0 0 0 1 0 0 0 1 0 0 0 1  )
                                ( 1 0 0 0 1 0 0 0 1 0 0 0 1 0 0 0  )
                                ( 1 0 0 0 1 0 0 0 1 0 0 0 1 0 0 0  )
                                ( 0 0 0 1 0 0 0 1 0 0 0 1 0 0 0 1  )
                                ( 0 0 0 1 0 0 0 1 0 0 0 1 0 0 0 1  ) ) )
 ( tsl_plot      stipple13    ( ( 0 0 0 0 0 0 0 0 0 0 0 0 0 0 0 0  )
                                ( 0 0 1 0 0 1 0 0 0 0 1 0 0 1 0 0  )
                                ( 0 1 0 0 0 0 1 0 0 1 0 0 0 0 1 0  )
                                ( 0 0 0 0 0 0 0 0 0 0 0 0 0 0 0 0  )
                                ( 0 0 0 0 0 0 0 0 0 0 0 0 0 0 0 0  )
                                ( 0 1 0 0 0 0 1 0 0 1 0 0 0 0 1 0  )
                                ( 0 0 1 0 0 1 0 0 0 0 1 0 0 1 0 0  )
                                ( 0 0 0 0 0 0 0 0 0 0 0 0 0 0 0 0  )
                                ( 0 0 0 0 0 0 0 0 0 0 0 0 0 0 0 0  )
                                ( 0 0 1 0 0 1 0 0 0 0 1 0 0 1 0 0  )
                                ( 0 1 0 0 0 0 1 0 0 1 0 0 0 0 1 0  )
                                ( 0 0 0 0 0 0 0 0 0 0 0 0 0 0 0 0  )
                                ( 0 0 0 0 0 0 0 0 0 0 0 0 0 0 0 0  )
                                ( 0 1 0 0 0 0 1 0 0 1 0 0 0 0 1 0  )
                                ( 0 0 1 0 0 1 0 0 0 0 1 0 0 1 0 0  )
                                ( 0 0 0 0 0 0 0 0 0 0 0 0 0 0 0 0  ) ) )
 ( tsl_plot      stipple14    ( ( 0 0 0 0 0 0 0 0 0 0 0 0 0 0 0 0  )
                                ( 0 0 1 0 0 1 0 0 0 0 1 0 0 1 0 0  )
                                ( 0 1 0 0 0 0 1 0 0 1 0 0 0 0 1 0  )
                                ( 0 0 0 0 0 0 0 0 0 0 0 0 0 0 0 0  )
                                ( 0 0 0 0 0 0 0 0 0 0 0 0 0 0 0 0  )
                                ( 0 1 0 0 0 0 1 0 0 1 0 0 0 0 1 0  )
                                ( 0 0 1 0 0 1 0 0 0 0 1 0 0 1 0 0  )
                                ( 0 0 0 0 0 0 0 1 1 0 0 0 0 0 0 0  )
                                ( 0 0 0 0 0 0 0 1 1 0 0 0 0 0 0 0  )
                                ( 0 0 1 0 0 1 0 0 0 0 1 0 0 1 0 0  )
                                ( 0 1 0 0 0 0 1 0 0 1 0 0 0 0 1 0  )
                                ( 0 0 0 0 0 0 0 0 0 0 0 0 0 0 0 0  )
                                ( 0 0 0 0 0 0 0 0 0 0 0 0 0 0 0 0  )
                                ( 0 1 0 0 0 0 1 0 0 1 0 0 0 0 1 0  )
                                ( 0 0 1 0 0 1 0 0 0 0 1 0 0 1 0 0  )
                                ( 0 0 0 0 0 0 0 0 0 0 0 0 0 0 0 0  ) ) )
 ( tsl_plot      stipple15    ( ( 0 0 0 0 1 0 0 0 0 0 0 0 1 0 0 0  )
                                ( 0 0 0 0 0 1 0 0 0 0 0 0 0 1 0 0  )
                                ( 0 0 0 0 0 0 1 0 0 0 0 0 0 0 1 0  )
                                ( 0 0 0 0 0 0 0 1 0 0 0 0 0 0 0 1  )
                                ( 1 0 0 0 0 0 0 0 1 0 0 0 0 0 0 0  )
                                ( 0 1 0 0 0 0 0 0 0 1 0 0 0 0 0 0  )
                                ( 0 0 1 0 0 0 0 0 0 0 1 0 0 0 0 0  )
                                ( 0 0 0 1 0 0 0 0 0 0 0 1 0 0 0 0  )
                                ( 0 0 0 0 1 0 0 0 0 0 0 0 1 0 0 0  )
                                ( 0 0 0 0 0 1 0 0 0 0 0 0 0 1 0 0  )
                                ( 0 0 0 0 0 0 1 0 0 0 0 0 0 0 1 0  )
                                ( 0 0 0 0 0 0 0 1 0 0 0 0 0 0 0 1  )
                                ( 1 0 0 0 0 0 0 0 1 0 0 0 0 0 0 0  )
                                ( 0 1 0 0 0 0 0 0 0 1 0 0 0 0 0 0  )
                                ( 0 0 1 0 0 0 0 0 0 0 1 0 0 0 0 0  )
                                ( 0 0 0 1 0 0 0 0 0 0 0 1 0 0 0 0  ) ) )
 ( tsl_plot      "50perc"     ( ( 1 0 1 0 1 0 1 0 1 0 1 0 1 0 1 0  )
                                ( 0 1 0 1 0 1 0 1 0 1 0 1 0 1 0 1  )
                                ( 1 0 1 0 1 0 1 0 1 0 1 0 1 0 1 0  )
                                ( 0 1 0 1 0 1 0 1 0 1 0 1 0 1 0 1  )
                                ( 1 0 1 0 1 0 1 0 1 0 1 0 1 0 1 0  )
                                ( 0 1 0 1 0 1 0 1 0 1 0 1 0 1 0 1  )
                                ( 1 0 1 0 1 0 1 0 1 0 1 0 1 0 1 0  )
                                ( 0 1 0 1 0 1 0 1 0 1 0 1 0 1 0 1  )
                                ( 1 0 1 0 1 0 1 0 1 0 1 0 1 0 1 0  )
                                ( 0 1 0 1 0 1 0 1 0 1 0 1 0 1 0 1  )
                                ( 1 0 1 0 1 0 1 0 1 0 1 0 1 0 1 0  )
                                ( 0 1 0 1 0 1 0 1 0 1 0 1 0 1 0 1  )
                                ( 1 0 1 0 1 0 1 0 1 0 1 0 1 0 1 0  )
                                ( 0 1 0 1 0 1 0 1 0 1 0 1 0 1 0 1  )
                                ( 1 0 1 0 1 0 1 0 1 0 1 0 1 0 1 0  )
                                ( 0 1 0 1 0 1 0 1 0 1 0 1 0 1 0 1  ) ) )
 ( tsl_plot      metal2S      ( ( 1 0 0 0 0 0 0 0 0 0 0 1 0 0 0 0  )
                                ( 0 0 0 0 0 0 0 0 0 0 0 0 0 0 0 0  )
                                ( 0 0 0 0 0 0 0 0 0 0 0 0 0 0 0 0  )
                                ( 0 0 0 0 0 0 0 0 0 0 0 0 0 0 0 0  )
                                ( 0 0 0 0 0 0 0 0 1 0 0 0 0 0 0 0  )
                                ( 0 0 0 0 1 0 0 0 0 0 0 0 0 0 0 0  )
                                ( 0 0 0 0 0 0 0 0 0 0 0 0 0 0 0 0  )
                                ( 0 0 0 0 0 0 0 0 0 0 0 0 0 1 0 0  )
                                ( 0 0 0 0 0 0 0 0 0 0 0 0 0 0 0 0  )
                                ( 0 0 1 0 0 0 0 0 0 0 0 0 0 0 0 0  )
                                ( 0 0 0 0 0 0 0 0 0 0 0 0 0 0 0 0  )
                                ( 0 0 0 0 0 0 0 0 1 0 0 0 0 0 0 0  )
                                ( 0 0 0 0 0 0 0 0 0 0 0 0 0 0 0 0  )
                                ( 0 0 0 0 0 0 0 0 0 0 0 0 0 0 0 0  )
                                ( 0 0 0 0 1 0 0 0 0 0 0 0 0 0 0 0  )
                                ( 1 0 0 0 0 0 0 0 0 0 0 1 0 0 0 0  ) ) )
 ( tsl_plot      contp        ( ( 1 1 0 0 0 0 0 0 1 1 0 0 0 0 0 0  )
                                ( 1 1 0 0 0 0 0 0 1 1 0 0 0 0 0 0  )
                                ( 0 0 0 0 0 0 0 0 0 0 0 0 0 0 0 0  )
                                ( 0 0 0 0 0 0 0 0 0 0 0 0 0 0 0 0  )
                                ( 0 0 0 0 1 1 0 0 0 0 0 0 1 1 0 0  )
                                ( 0 0 0 0 1 1 0 0 0 0 0 0 1 1 0 0  )
                                ( 0 0 0 0 0 0 0 0 0 0 0 0 0 0 0 0  )
                                ( 0 0 0 0 0 0 0 0 0 0 0 0 0 0 0 0  )
                                ( 1 1 0 0 0 0 0 0 1 1 0 0 0 0 0 0  )
                                ( 1 1 0 0 0 0 0 0 1 1 0 0 0 0 0 0  )
                                ( 0 0 0 0 0 0 0 0 0 0 0 0 0 0 0 0  )
                                ( 0 0 0 0 0 0 0 0 0 0 0 0 0 0 0 0  )
                                ( 0 0 0 0 1 1 0 0 0 0 0 0 1 1 0 0  )
                                ( 0 0 0 0 1 1 0 0 0 0 0 0 1 1 0 0  )
                                ( 0 0 0 0 0 0 0 0 0 0 0 0 0 0 0 0  )
                                ( 0 0 0 0 0 0 0 0 0 0 0 0 0 0 0 0  ) ) )
)
drDefineLineStyle(
;( DisplayName   LineStyle    Size       Pattern   )
 ( tsl_plot      solid        1          (1 ) )
 ( tsl_plot      dashed       2          (1 1 1 1 1 1 0 0 1 1 1 1 1 1 0 0 1 1 ) )
 ( tsl_plot      dots         1          (1 0 0 ) )
 ( tsl_plot      dashDot      1          (1 1 1 0 0 1 0 0 ) )
 ( tsl_plot      shortDash    3          (1 1 0 0 ) )
 ( tsl_plot      doubleDash   1          (1 1 1 1 0 0 1 1 0 0 ) )
 ( tsl_plot      hidden       1          (1 0 0 0 ) )
 ( tsl_plot      thickLine    3          (1 1 1 ) )
 ( tsl_plot      lineStyle0   2          (1 1 1 1 1 1 1 1 1 1 1 1 1 1 1 1 1 1 1 1 1 1 1 1 1 1 1 1 1 1 1 1 ) )
 ( tsl_plot      lineStyle1   1          (1 1 1 1 0 0 0 0 1 1 1 1 0 0 0 0 ) )
 ( tsl_plot      lineStyle2   1          (1 0 0 1 1 0 0 1 1 0 0 1 1 0 0 1 ) )
 ( tsl_plot      lineStyle3   3          (0 0 1 0 0 0 1 0 0 0 1 0 0 0 1 0 ) )
 ( tsl_plot      lineStyle4   1          (0 1 1 1 0 1 1 1 0 1 1 1 0 1 1 1 ) )
 ( tsl_plot      lineStyle5   1          (1 0 1 0 1 0 1 0 1 0 1 0 1 0 1 0 ) )
 ( tsl_plot      lineStyle6   4          (1 1 0 0 1 1 0 0 1 1 0 0 1 1 0 0 ) )
 ( tsl_plot      lineStyle7   1          (1 1 0 1 1 1 0 1 1 1 0 1 1 1 0 1 ) )
 ( tsl_plot      lineStyle8   1          (0 0 0 1 0 0 0 1 0 0 0 1 0 0 0 1 ) )
 ( tsl_plot      lineStyle9   4          (0 0 1 1 0 0 1 1 0 0 1 1 0 0 1 1 ) )
 ( tsl_plot      lineStyle10  1          (0 0 0 1 1 0 0 0 0 0 0 1 1 0 0 0 ) )
 ( tsl_plot      line_w2      3          (1 1 1 1 1 1 1 1 1 1 1 1 1 1 1 1 1 1 1 1 1 1 1 1 1 1 1 1 1 1 1 1 ) )
 ( tsl_plot      my_dashed    5          (1 1 1 1 1 1 1 1 1 1 1 1 1 1 1 1 1 1 1 0 0 0 0 0 0 0 0 0 0 0 0 0 ) )
)
drDefinePacket(
;( DisplayName  PacketName           Stipple    LineStyle  Fill       Outline    [FillStyle])
 ( tsl_plot     ACTIVE               "50perc"   lineStyle0 yellow     white      outlineStipple)
 ( tsl_plot     Arr_area             blank      thickLine  green      green      outline   )
 ( tsl_plot     Array_Pwell          blank      lineStyle0 green      green      outline   )
 ( tsl_plot     BIT_LINE             blank      lineStyle0 orange     orange     outline   )
 ( tsl_plot     BOT_POLY             blank      lineStyle0 cream      cream      outline   )
 ( tsl_plot     Black                blank      solid      black      black      outline   )
 ( tsl_plot     Blue                 blank      solid      blue       blue       outline   )
 ( tsl_plot     CAP_area             stipple9   lineStyle0 pink       pink       outlineStipple)
 ( tsl_plot     CAP_im35             backSlash  solid      magenta    magenta    outlineStipple)
 ( tsl_plot     CAP_impl             blank      lineStyle0 purple     purple     outline   )
 ( tsl_plot     CBM                  blank      dashed     green      green      outline   )
 ( tsl_plot     COMP                 "50perc"   lineStyle0 yellow     white      outlineStipple)
 ( tsl_plot     CONT                 blank      thickLine  white      white      outline   )
 ( tsl_plot     Cannotoccupy         blank      solid      red        red        outline   )
 ( tsl_plot     CannotoccupyBnd      blank      solid      red        red        outline   )
 ( tsl_plot     Canplace             blank      solid      cyan       cyan       outline   )
 ( tsl_plot     DEEP_DIOD            stipple0   lineStyle0 cream      cream      solid     )
 ( tsl_plot     Deep_Nwell           blank      solid      green      red        outline   )
 ( tsl_plot     ESD                  blank      lineStyle0 white      white      outline   )
 ( tsl_plot     FG_POLY              blank      lineStyle0 pink       pink       outline   )
 ( tsl_plot     FG_drawn             blank      lineStyle0 purple     purple     outline   )
 ( tsl_plot     FIG                  blank      lineStyle0 green      gray       outline   )
 ( tsl_plot     "GOX-5V"             blank      solid      yellow     yellow     outline   )
 ( tsl_plot     Green                blank      solid      green      green      outline   )
 ( tsl_plot     Group                stipple2   solid      green      green      outlineStipple)
 ( tsl_plot     GroupLbl             stipple0   solid      green      green      solid     )
 ( tsl_plot     HIPO                 blank      lineStyle0 white      white      outline   )
 ( tsl_plot     HV_BLK               blank      lineStyle9 white      brown      outline   )
 ( tsl_plot     HV_Pwell_BLK         blank      lineStyle0 blue       blue       outline   )
 ( tsl_plot     HV_drawn             blank      lineStyle1 violet     violet     outline   )
 ( tsl_plot     LDD                  blank      dashed     red        red        outline   )
 ( tsl_plot     LIB_SIZE             dots       solid      magenta    magenta    outlineStipple)
 ( tsl_plot     L_10                 x          lineStyle0 maroon     maroon     outlineStipple)
 ( tsl_plot     L_11                 blank      lineStyle0 orange     orange     outline   )
 ( tsl_plot     L_12                 blank      lineStyle0 pink       pink       outline   )
 ( tsl_plot     L_13                 blank      lineStyle0 cream      cream      outline   )
 ( tsl_plot     L_14                 stipple0   lineStyle0 silver     silver     solid     )
 ( tsl_plot     L_15                 stipple8   lineStyle0 gray       gray       outlineStipple)
 ( tsl_plot     L_16                 stipple0   lineStyle0 cyan       cyan       solid     )
 ( tsl_plot     L_17                 stipple0   lineStyle0 pink       pink       solid     )
 ( tsl_plot     L_18                 stipple13  lineStyle0 orange     orange     outlineStipple)
 ( tsl_plot     L_19                 stipple2   lineStyle0 brown      brown      outlineStipple)
 ( tsl_plot     L_20                 stipple0   lineStyle0 tan        tan        solid     )
 ( tsl_plot     L_21                 stipple5   lineStyle0 cream      cream      outlineStipple)
 ( tsl_plot     L_22                 stipple15  lineStyle0 green      green      outlineStipple)
 ( tsl_plot     M1                   stipple4   solid      cyan       white      outlineStipple)
 ( tsl_plot     M2                   stipple4   solid      magenta    white      outlineStipple)
 ( tsl_plot     M3                   metal2S    line_w2    white      winFore    outlineStipple)
 ( tsl_plot     M4                   blank      line_w2    cyan       cyan       outline   )
 ( tsl_plot     MAB                  blank      lineStyle3 violet     violet     outline   )
 ( tsl_plot     MCI                  blank      lineStyle0 winColor1  winColor1  outline   )
 ( tsl_plot     M_00                 stipple1   lineStyle0 violet     blue       outlineStipple)
 ( tsl_plot     M_48                 stipple5   lineStyle0 pink       magenta    outlineStipple)
 ( tsl_plot     M_52                 stipple0   lineStyle0 green      green      solid     )
 ( tsl_plot     M_54                 stipple0   lineStyle0 tan        tan        solid     )
 ( tsl_plot     M_56                 stipple0   lineStyle0 winColor3  winColor3  solid     )
 ( tsl_plot     M_58                 stipple5   lineStyle0 purple     purple     outlineStipple)
 ( tsl_plot     M_62                 x          lineStyle0 pink       pink       outlineStipple)
 ( tsl_plot     M_64                 stipple0   lineStyle0 cream      cream      solid     )
 ( tsl_plot     M_65                 stipple0   lineStyle0 cream      cream      solid     )
 ( tsl_plot     M_66                 stipple0   lineStyle1 winColor3  winColor3  solid     )
 ( tsl_plot     M_68                 stipple1   lineStyle0 yellow     yellow     outlineStipple)
 ( tsl_plot     Miclense             blank      solid      yellow     yellow     outline   )
 ( tsl_plot     "N+_impl"            blank      dashed     lime       lime       outline   )
 ( tsl_plot     NITRIDE              blank      my_dashed  brown      brown      outline   )
 ( tsl_plot     NLDD                 blank      lineStyle0 orange     orange     outline   )
 ( tsl_plot     NO_NLDD              blank      solid      yellow     yellow     outline   )
 ( tsl_plot     NO_SAL               contp      line_w2    white      white      outlineStipple)
 ( tsl_plot     NO_WELL              dots       lineStyle0 gray       gray       outlineStipple)
 ( tsl_plot     NSHL_DIOD            stipple0   lineStyle0 cream      cream      solid     )
 ( tsl_plot     NWELL                blank      dashed     magenta    magenta    outline   )
 ( tsl_plot     NWELLHV              stipple0   lineStyle0 gray       gray       solid     )
 ( tsl_plot     NWELL_HV             blank      solid      yellow     yellow     outline   )
 ( tsl_plot     NWELL_dy             blank      dashed     magenta    magenta    outline   )
 ( tsl_plot     NW_HV35              stipple15  lineStyle0 purple     purple     outlineStipple)
 ( tsl_plot     N_S                  stipple5   lineStyle1 purple     purple     outlineStipple)
 ( tsl_plot     Opt_pad              blank      solid      yellow     yellow     outline   )
 ( tsl_plot     "P+_impl"            blank      dashed     white      white      outline   )
 ( tsl_plot     PAD_WIN              stipple0   lineStyle2 brown      brown      solid     )
 ( tsl_plot     PAD_area             blank      solid      yellow     yellow     outline   )
 ( tsl_plot     PER_area             blank      thickLine  slate      slate      outline   )
 ( tsl_plot     PFIELD               blank      thickLine  winColor3  winColor3  outline   )
 ( tsl_plot     PLDD                 blank      dashed     purple     purple     outline   )
 ( tsl_plot     POLY                 slash      lineStyle0 red        white      outlineStipple)
 ( tsl_plot     POLY_37              blank      thickLine  forest     forest     outline   )
 ( tsl_plot     POLY_42              blank      thickLine  red        red        outline   )
 ( tsl_plot     PROT                 blank      solid      white      white      outline   )
 ( tsl_plot     PR_poly1             blank      lineStyle0 brown      brown      outline   )
 ( tsl_plot     PSHL_DIOD            stipple0   lineStyle0 pink       pink       solid     )
 ( tsl_plot     PWELL                blank      lineStyle0 green      green      outline   )
 ( tsl_plot     PWELL_HV             stipple0   lineStyle0 silver     silver     solid     )
 ( tsl_plot     P_S                  blank      lineStyle0 green      gray       outline   )
 ( tsl_plot     Poly1_PR             stipple0   solid      purple     purple     solid     )
 ( tsl_plot     Poly_Array           blank      lineStyle0 red        red        outline   )
 ( tsl_plot     RES_area             stipple9   lineStyle0 pink       pink       outlineStipple)
 ( tsl_plot     ROWDEC               blank      lineStyle0 cream      cream      outline   )
 ( tsl_plot     Red                  blank      solid      red        red        outline   )
 ( tsl_plot     Row                  blank      solid      cyan       cyan       outline   )
 ( tsl_plot     RowLbl               blank      solid      cyan       cyan       outline   )
 ( tsl_plot     SAE                  blank      lineStyle0 orange     orange     outline   )
 ( tsl_plot     SAL                  stipple0   lineStyle0 cream      cream      solid     )
 ( tsl_plot     SHL_DIOD             stipple1   lineStyle0 magenta    magenta    outlineStipple)
 ( tsl_plot     SHV                  blank      solid      yellow     yellow     outline   )
 ( tsl_plot     "SHV-N+DR"           stipple5   lineStyle0 cream      cream      outlineStipple)
 ( tsl_plot     Seal_area            stipple9   lineStyle0 pink       pink       outlineStipple)
 ( tsl_plot     Stch_Reg             dots       solid      green      green      outlineStipple)
 ( tsl_plot     Str_Blk              blank      solid      yellow     yellow     outline   )
 ( tsl_plot     Top_opt              stipple15  lineStyle0 green      green      outlineStipple)
 ( tsl_plot     Unrouted             stipple0   solid      gray       gray       solid     )
 ( tsl_plot     Unrouted1            stipple0   solid      brown      brown      solid     )
 ( tsl_plot     Unrouted2            stipple0   solid      red        red        solid     )
 ( tsl_plot     Unrouted3            stipple0   solid      orange     orange     solid     )
 ( tsl_plot     Unrouted4            stipple0   solid      yellow     yellow     solid     )
 ( tsl_plot     Unrouted5            stipple0   solid      green      green      solid     )
 ( tsl_plot     Unrouted6            stipple0   solid      blue       blue       solid     )
 ( tsl_plot     Unrouted7            stipple0   solid      purple     purple     solid     )
 ( tsl_plot     Unrouted8            stipple0   solid      gold       gold       solid     )
 ( tsl_plot     Unrouted9            stipple0   solid      silver     silver     solid     )
 ( tsl_plot     VIA                  solid      solid      VIA        white      solid     )
 ( tsl_plot     VIA2                 slash      my_dashed  white      white      outlineStipple)
 ( tsl_plot     VIA3                 stipple3   lineStyle7 forest     forest     outlineStipple)
 ( tsl_plot     Vt_Blk               blank      solid      yellow     yellow     outline   )
 ( tsl_plot     WIN_1                stipple2   lineStyle0 blue       blue       outlineStipple)
 ( tsl_plot     WIN_2                stipple5   lineStyle0 cream      cream      outlineStipple)
 ( tsl_plot     ZERO                 blank      lineStyle0 violet     blue       outline   )
 ( tsl_plot     align                stipple0   solid      tan        tan        solid     )
 ( tsl_plot     annotate             stipple4   solid      red        white      outlineStipple)
 ( tsl_plot     annotate1            stipple1   solid      yellow     white      outlineStipple)
 ( tsl_plot     annotate2            blank      dashed     purple     purple     outline   )
 ( tsl_plot     annotate3            blank      shortDash  white      white      outline   )
 ( tsl_plot     annotate4            blank      thickLine  white      white      outline   )
 ( tsl_plot     annotate5            blank      dashed     white      white      outline   )
 ( tsl_plot     annotate6            blank      solid      silver     silver     outline   )
 ( tsl_plot     annotate7            blank      thickLine  pink       pink       outline   )
 ( tsl_plot     annotate8            blank      thickLine  tan        tan        outline   )
 ( tsl_plot     annotate9            blank      solid      green      green      outline   )
 ( tsl_plot     axis                 stipple0   solid      slate      slate      solid     )
 ( tsl_plot     background           solid      thickLine  tan        winText    solid     )
 ( tsl_plot     border               stipple0   solid      tan        tan        solid     )
 ( tsl_plot     capacit              stipple0   lineStyle0 cream      cream      solid     )
 ( tsl_plot     cell_bnd             blank      solid      white      white      outline   )
 ( tsl_plot     cell_txt             stipple0   lineStyle0 yellow     yellow     solid     )
 ( tsl_plot     changedLayerTl0      stipple0   solid      red        red        solid     )
 ( tsl_plot     changedLayerTl1      stipple0   solid      yellow     yellow     solid     )
 ( tsl_plot     defaultPacket        blank      solid      white      yellow     outline   )
 ( tsl_plot     designFlow           stipple1   lineStyle0 green      green      outlineStipple)
 ( tsl_plot     designFlow1          stipple1   lineStyle0 red        red        outlineStipple)
 ( tsl_plot     designFlow2          stipple1   lineStyle0 purple     purple     outlineStipple)
 ( tsl_plot     designFlow3          stipple1   lineStyle0 pink       pink       outlineStipple)
 ( tsl_plot     designFlow4          stipple1   lineStyle0 black      black      outlineStipple)
 ( tsl_plot     designFlow5          stipple1   lineStyle0 silver     silver     outlineStipple)
 ( tsl_plot     designFlow6          stipple1   lineStyle0 tan        tan        outlineStipple)
 ( tsl_plot     designFlow7          stipple1   lineStyle0 cyan       cyan       outlineStipple)
 ( tsl_plot     designFlow8          stipple1   lineStyle0 navy       navy       outlineStipple)
 ( tsl_plot     designFlow9          stipple1   lineStyle0 orange     orange     outlineStipple)
 ( tsl_plot     device               stipple0   solid      green      green      solid     )
 ( tsl_plot     device1              stipple1   lineStyle0 green      green      outlineStipple)
 ( tsl_plot     device2              stipple0   dashed     green      green      solid     )
 ( tsl_plot     deviceAnt            stipple0   solid      yellow     yellow     solid     )
 ( tsl_plot     deviceLbl            stipple0   solid      green      green      solid     )
 ( tsl_plot     drc_win              blank      lineStyle0 cream      cream      outline   )
 ( tsl_plot     drc_win1             stipple0   lineStyle0 cream      cream      solid     )
 ( tsl_plot     drc_win2             stipple0   lineStyle0 cream      cream      solid     )
 ( tsl_plot     drc_win3             stipple0   lineStyle0 cream      cream      solid     )
 ( tsl_plot     drcerr               blank      lineStyle0 orange     orange     outline   )
 ( tsl_plot     drive                stipple0   solid      blue       blue       solid     )
 ( tsl_plot     dummy                blank      lineStyle0 violet     violet     outline   )
 ( tsl_plot     edgeLayer            stipple0   solid      gray       gray       solid     )
 ( tsl_plot     edgeLayerPin         stipple0   solid      yellow     yellow     solid     )
 ( tsl_plot     fd_m1_prt            stipple0   lineStyle1 violet     violet     solid     )
 ( tsl_plot     fd_m2_prt            stipple0   lineStyle1 winColor3  winColor3  solid     )
 ( tsl_plot     fd_m3                stipple0   lineStyle1 tan        tan        solid     )
 ( tsl_plot     fd_m3_prt            stipple0   lineStyle1 tan        tan        solid     )
 ( tsl_plot     fd_txt               stipple0   lineStyle0 winColor5  winColor5  solid     )
 ( tsl_plot     fd_via               stipple0   lineStyle1 pink       pink       solid     )
 ( tsl_plot     fd_via2              stipple0   lineStyle1 white      white      solid     )
 ( tsl_plot     gateTxtSc            stipple0   lineStyle0 cream      cream      solid     )
 ( tsl_plot     gate_txt             stipple0   lineStyle0 tan        tan        solid     )
 ( tsl_plot     grid                 blank      solid      white      white      outline   )
 ( tsl_plot     grid1                stipple5   solid      cyan       white      outlineStipple)
 ( tsl_plot     hardFence            blank      solid      red        red        outline   )
 ( tsl_plot     hilite               stipple0   solid      white      white      solid     )
 ( tsl_plot     hilite1              stipple0   solid      silver     silver     solid     )
 ( tsl_plot     hilite2              stipple0   solid      tan        tan        solid     )
 ( tsl_plot     hilite3              stipple0   solid      cyan       cyan       solid     )
 ( tsl_plot     hilite4              stipple0   solid      gray       gray       solid     )
 ( tsl_plot     hilite5              stipple0   solid      lime       lime       solid     )
 ( tsl_plot     hilite6              stipple0   solid      orange     orange     solid     )
 ( tsl_plot     hilite7              stipple0   solid      cream      cream      solid     )
 ( tsl_plot     hilite8              stipple0   solid      magenta    magenta    solid     )
 ( tsl_plot     hilite9              stipple0   solid      pink       pink       solid     )
 ( tsl_plot     hiz                  stipple0   solid      orange     orange     solid     )
 ( tsl_plot     inst_txt             stipple0   lineStyle0 silver     silver     solid     )
 ( tsl_plot     instance             blank      solid      red        red        outline   )
 ( tsl_plot     instanceLbl          backSlash  solid      magenta    white      outlineStipple)
 ( tsl_plot     m1_chanel            stipple0   lineStyle10 violet     violet     solid     )
 ( tsl_plot     m1_lgn               stipple0   lineStyle0 cream      cream      solid     )
 ( tsl_plot     m1_phi1              stipple0   lineStyle9 slate      slate      solid     )
 ( tsl_plot     m1_phi2              stipple0   lineStyle2 brown      brown      solid     )
 ( tsl_plot     m1_pnt               stipple0   lineStyle0 cream      cream      solid     )
 ( tsl_plot     m1_prt               stipple0   lineStyle0 violet     violet     solid     )
 ( tsl_plot     m1_txt               blank      thickLine  blue       blue       outline   )
 ( tsl_plot     m1_vcc               stipple3   lineStyle7 forest     forest     outlineStipple)
 ( tsl_plot     m1_vss               stipple9   lineStyle7 winColor1  winColor1  outlineStipple)
 ( tsl_plot     m2_chanel            stipple0   lineStyle10 winColor3  winColor3  solid     )
 ( tsl_plot     m2_lgn               stipple0   lineStyle0 cream      cream      solid     )
 ( tsl_plot     m2_phi1              stipple0   lineStyle0 winColor5  winColor5  solid     )
 ( tsl_plot     m2_phi2              stipple0   lineStyle0 orange     orange     solid     )
 ( tsl_plot     m2_pnt               stipple0   lineStyle0 cream      cream      solid     )
 ( tsl_plot     m2_prt               stipple0   lineStyle0 winColor3  winColor3  solid     )
 ( tsl_plot     m2_txt               blank      thickLine  m2_txt     m2_txt     outline   )
 ( tsl_plot     m2_vcc               stipple3   lineStyle0 green      green      outlineStipple)
 ( tsl_plot     m2_vss               stipple9   lineStyle0 tan        tan        outlineStipple)
 ( tsl_plot     m3_chanel            stipple0   lineStyle10 tan        tan        solid     )
 ( tsl_plot     m3_lgn               stipple0   lineStyle0 cream      cream      solid     )
 ( tsl_plot     m3_phi1              stipple0   lineStyle9 winColor5  winColor5  solid     )
 ( tsl_plot     m3_phi2              stipple0   lineStyle6 winColor3  winColor3  solid     )
 ( tsl_plot     m3_pnt               stipple0   lineStyle0 cream      cream      solid     )
 ( tsl_plot     m3_prt               stipple0   lineStyle0 tan        tan        solid     )
 ( tsl_plot     m3_txt               blank      thickLine  winFore    winFore    outline   )
 ( tsl_plot     m3_vcc               stipple12  lineStyle0 cream      cream      outlineStipple)
 ( tsl_plot     m3_vss               stipple9   lineStyle0 cream      cream      outlineStipple)
 ( tsl_plot     m4_txt               blank      line_w2    cyan       cyan       outline   )
 ( tsl_plot     markerErr            x          solid      white      white      outlineStipple)
 ( tsl_plot     markerWarn           x          solid      yellow     yellow     outlineStipple)
 ( tsl_plot     mksc_txt             stipple0   lineStyle0 cream      cream      solid     )
 ( tsl_plot     pin                  stipple1   lineStyle0 red        red        outlineStipple)
 ( tsl_plot     pinAnt               stipple0   solid      red        red        solid     )
 ( tsl_plot     pinLbl               stipple0   solid      red        red        solid     )
 ( tsl_plot     pldd                 stipple0   lineStyle0 gray       gray       solid     )
 ( tsl_plot     poly_lgn             stipple0   lineStyle0 cream      cream      solid     )
 ( tsl_plot     poly_pnt             stipple0   lineStyle0 cream      cream      solid     )
 ( tsl_plot     poly_prt             stipple0   lineStyle0 brown      brown      solid     )
 ( tsl_plot     poly_res             stipple4   lineStyle0 tan        tan        outlineStipple)
 ( tsl_plot     poly_sp              stipple10  lineStyle0 white      white      outlineStipple)
 ( tsl_plot     poly_txt             blank      thickLine  my_poly    brown      outline   )
 ( tsl_plot     prBoundary           X          solid      purple     purple     X         )
 ( tsl_plot     prBoundaryBnd        blank      solid      orange     orange     outline   )
 ( tsl_plot     prBoundaryLbl        blank      thickLine  green      green      outline   )
 ( tsl_plot     prGrid               blank      lineStyle0 green      gray       outline   )
 ( tsl_plot     resist               stipple0   solid      cyan       cyan       solid     )
 ( tsl_plot     select               stipple0   solid      tan        tan        solid     )
 ( tsl_plot     snap                 stipple0   solid      yellow     yellow     solid     )
 ( tsl_plot     softFence            blank      solid      yellow     white      outline   )
 ( tsl_plot     sp_nwell             stipple0   lineStyle0 white      white      solid     )
 ( tsl_plot     spike                stipple0   solid      purple     purple     solid     )
 ( tsl_plot     stam                 x          lineStyle0 maroon     maroon     outlineStipple)
 ( tsl_plot     stretch              stipple0   solid      yellow     yellow     solid     )
 ( tsl_plot     supply               stipple0   solid      lime       lime       solid     )
 ( tsl_plot     tempdrc              stipple0   lineStyle0 magenta    magenta    solid     )
 ( tsl_plot     text                 blank      solid      white      white      outline   )
 ( tsl_plot     text1                stipple0   dashed     white      white      solid     )
 ( tsl_plot     text2                stipple1   solid      white      white      outlineStipple)
 ( tsl_plot     unknown              stipple0   solid      yellow     yellow     solid     )
 ( tsl_plot     unset                stipple0   solid      forest     forest     solid     )
 ( tsl_plot     wire                 stipple1   lineStyle0 cyan       cyan       outlineStipple)
 ( tsl_plot     wireFlt              stipple0   dashed     red        red        solid     )
 ( tsl_plot     wireLbl              stipple1   lineStyle0 cyan       cyan       outlineStipple)
 ( tsl_plot     y0                   stipple0   solid      gray       gray       solid     )
 ( tsl_plot     y1                   stipple0   solid      brown      brown      solid     )
 ( tsl_plot     y2                   stipple0   solid      red        red        solid     )
 ( tsl_plot     y3                   stipple0   solid      orange     orange     solid     )
 ( tsl_plot     y4                   stipple0   solid      yellow     yellow     solid     )
 ( tsl_plot     y5                   stipple0   solid      green      green      solid     )
 ( tsl_plot     y6                   stipple0   solid      blue       blue       solid     )
 ( tsl_plot     y7                   stipple0   solid      purple     purple     solid     )
 ( tsl_plot     y8                   stipple0   solid      gold       gold       solid     )
 ( tsl_plot     y9                   stipple0   solid      silver     silver     solid     )
)
drDefineColor(
;( DisplayName   ColorsName   Red      Green    Blue     )
 ( printer       black        0        0        0        )
 ( printer       white        255      255      255      )
 ( printer       yellow       255      255      0        )
)
drDefineStipple(
;( DisplayName   StippleName  Bitmap     )
 ( printer       dots         ( ( 0 1 0 0 0 1 0 0 0 1 0 0 0 1 0 0  )
                                ( 0 0 0 0 0 0 0 0 0 0 0 0 0 0 0 0  )
                                ( 0 0 0 1 0 0 0 1 0 0 0 1 0 0 0 1  )
                                ( 0 0 0 0 0 0 0 0 0 0 0 0 0 0 0 0  )
                                ( 0 1 0 0 0 1 0 0 0 1 0 0 0 1 0 0  )
                                ( 0 0 0 0 0 0 0 0 0 0 0 0 0 0 0 0  )
                                ( 0 0 0 1 0 0 0 1 0 0 0 1 0 0 0 1  )
                                ( 0 0 0 0 0 0 0 0 0 0 0 0 0 0 0 0  )
                                ( 0 1 0 0 0 1 0 0 0 1 0 0 0 1 0 0  )
                                ( 0 0 0 0 0 0 0 0 0 0 0 0 0 0 0 0  )
                                ( 0 0 0 1 0 0 0 1 0 0 0 1 0 0 0 1  )
                                ( 0 0 0 0 0 0 0 0 0 0 0 0 0 0 0 0  )
                                ( 0 1 0 0 0 1 0 0 0 1 0 0 0 1 0 0  )
                                ( 0 0 0 0 0 0 0 0 0 0 0 0 0 0 0 0  )
                                ( 0 0 0 1 0 0 0 1 0 0 0 1 0 0 0 1  )
                                ( 0 0 0 0 0 0 0 0 0 0 0 0 0 0 0 0  ) ) )
 ( printer       hLine        ( ( 0 0 0 0 0 0 0 0 0 0 0 0 0 0 0 0  )
                                ( 0 0 0 0 0 0 0 0 0 0 0 0 0 0 0 0  )
                                ( 0 0 0 0 0 0 0 0 0 0 0 0 0 0 0 0  )
                                ( 1 1 1 1 1 1 1 1 1 1 1 1 1 1 1 1  )
                                ( 0 0 0 0 0 0 0 0 0 0 0 0 0 0 0 0  )
                                ( 0 0 0 0 0 0 0 0 0 0 0 0 0 0 0 0  )
                                ( 0 0 0 0 0 0 0 0 0 0 0 0 0 0 0 0  )
                                ( 1 1 1 1 1 1 1 1 1 1 1 1 1 1 1 1  )
                                ( 0 0 0 0 0 0 0 0 0 0 0 0 0 0 0 0  )
                                ( 0 0 0 0 0 0 0 0 0 0 0 0 0 0 0 0  )
                                ( 0 0 0 0 0 0 0 0 0 0 0 0 0 0 0 0  )
                                ( 1 1 1 1 1 1 1 1 1 1 1 1 1 1 1 1  )
                                ( 0 0 0 0 0 0 0 0 0 0 0 0 0 0 0 0  )
                                ( 0 0 0 0 0 0 0 0 0 0 0 0 0 0 0 0  )
                                ( 0 0 0 0 0 0 0 0 0 0 0 0 0 0 0 0  )
                                ( 1 1 1 1 1 1 1 1 1 1 1 1 1 1 1 1  ) ) )
 ( printer       vLine        ( ( 0 0 1 0 0 0 1 0 0 0 1 0 0 0 1 0  )
                                ( 0 0 1 0 0 0 1 0 0 0 1 0 0 0 1 0  )
                                ( 0 0 1 0 0 0 1 0 0 0 1 0 0 0 1 0  )
                                ( 0 0 1 0 0 0 1 0 0 0 1 0 0 0 1 0  )
                                ( 0 0 1 0 0 0 1 0 0 0 1 0 0 0 1 0  )
                                ( 0 0 1 0 0 0 1 0 0 0 1 0 0 0 1 0  )
                                ( 0 0 1 0 0 0 1 0 0 0 1 0 0 0 1 0  )
                                ( 0 0 1 0 0 0 1 0 0 0 1 0 0 0 1 0  )
                                ( 0 0 1 0 0 0 1 0 0 0 1 0 0 0 1 0  )
                                ( 0 0 1 0 0 0 1 0 0 0 1 0 0 0 1 0  )
                                ( 0 0 1 0 0 0 1 0 0 0 1 0 0 0 1 0  )
                                ( 0 0 1 0 0 0 1 0 0 0 1 0 0 0 1 0  )
                                ( 0 0 1 0 0 0 1 0 0 0 1 0 0 0 1 0  )
                                ( 0 0 1 0 0 0 1 0 0 0 1 0 0 0 1 0  )
                                ( 0 0 1 0 0 0 1 0 0 0 1 0 0 0 1 0  )
                                ( 0 0 1 0 0 0 1 0 0 0 1 0 0 0 1 0  ) ) )
 ( printer       cross        ( ( 1 0 0 0 1 0 0 0 1 0 0 0 1 0 0 0  )
                                ( 0 1 0 1 0 1 0 1 0 1 0 1 0 1 0 1  )
                                ( 0 0 1 0 0 0 1 0 0 0 1 0 0 0 1 0  )
                                ( 0 1 0 1 0 1 0 1 0 1 0 1 0 1 0 1  )
                                ( 1 0 0 0 1 0 0 0 1 0 0 0 1 0 0 0  )
                                ( 0 1 0 1 0 1 0 1 0 1 0 1 0 1 0 1  )
                                ( 0 0 1 0 0 0 1 0 0 0 1 0 0 0 1 0  )
                                ( 0 1 0 1 0 1 0 1 0 1 0 1 0 1 0 1  )
                                ( 1 0 0 0 1 0 0 0 1 0 0 0 1 0 0 0  )
                                ( 0 1 0 1 0 1 0 1 0 1 0 1 0 1 0 1  )
                                ( 0 0 1 0 0 0 1 0 0 0 1 0 0 0 1 0  )
                                ( 0 1 0 1 0 1 0 1 0 1 0 1 0 1 0 1  )
                                ( 1 0 0 0 1 0 0 0 1 0 0 0 1 0 0 0  )
                                ( 0 1 0 1 0 1 0 1 0 1 0 1 0 1 0 1  )
                                ( 0 0 1 0 0 0 1 0 0 0 1 0 0 0 1 0  )
                                ( 0 1 0 1 0 1 0 1 0 1 0 1 0 1 0 1  ) ) )
 ( printer       grid         ( ( 0 0 0 1 0 0 0 1 0 0 0 1 0 0 0 1  )
                                ( 0 0 0 1 0 0 0 1 0 0 0 1 0 0 0 1  )
                                ( 0 0 0 1 0 0 0 1 0 0 0 1 0 0 0 1  )
                                ( 1 1 1 1 1 1 1 1 1 1 1 1 1 1 1 1  )
                                ( 0 0 0 1 0 0 0 1 0 0 0 1 0 0 0 1  )
                                ( 0 0 0 1 0 0 0 1 0 0 0 1 0 0 0 1  )
                                ( 0 0 0 1 0 0 0 1 0 0 0 1 0 0 0 1  )
                                ( 1 1 1 1 1 1 1 1 1 1 1 1 1 1 1 1  )
                                ( 0 0 0 1 0 0 0 1 0 0 0 1 0 0 0 1  )
                                ( 0 0 0 1 0 0 0 1 0 0 0 1 0 0 0 1  )
                                ( 0 0 0 1 0 0 0 1 0 0 0 1 0 0 0 1  )
                                ( 1 1 1 1 1 1 1 1 1 1 1 1 1 1 1 1  )
                                ( 0 0 0 1 0 0 0 1 0 0 0 1 0 0 0 1  )
                                ( 0 0 0 1 0 0 0 1 0 0 0 1 0 0 0 1  )
                                ( 0 0 0 1 0 0 0 1 0 0 0 1 0 0 0 1  )
                                ( 1 1 1 1 1 1 1 1 1 1 1 1 1 1 1 1  ) ) )
 ( printer       slash        ( ( 0 0 0 1 0 0 0 1 0 0 0 1 0 0 0 1  )
                                ( 0 0 1 0 0 0 1 0 0 0 1 0 0 0 1 0  )
                                ( 0 1 0 0 0 1 0 0 0 1 0 0 0 1 0 0  )
                                ( 1 0 0 0 1 0 0 0 1 0 0 0 1 0 0 0  )
                                ( 0 0 0 1 0 0 0 1 0 0 0 1 0 0 0 1  )
                                ( 0 0 1 0 0 0 1 0 0 0 1 0 0 0 1 0  )
                                ( 0 1 0 0 0 1 0 0 0 1 0 0 0 1 0 0  )
                                ( 1 0 0 0 1 0 0 0 1 0 0 0 1 0 0 0  )
                                ( 0 0 0 1 0 0 0 1 0 0 0 1 0 0 0 1  )
                                ( 0 0 1 0 0 0 1 0 0 0 1 0 0 0 1 0  )
                                ( 0 1 0 0 0 1 0 0 0 1 0 0 0 1 0 0  )
                                ( 1 0 0 0 1 0 0 0 1 0 0 0 1 0 0 0  )
                                ( 0 0 0 1 0 0 0 1 0 0 0 1 0 0 0 1  )
                                ( 0 0 1 0 0 0 1 0 0 0 1 0 0 0 1 0  )
                                ( 0 1 0 0 0 1 0 0 0 1 0 0 0 1 0 0  )
                                ( 1 0 0 0 1 0 0 0 1 0 0 0 1 0 0 0  ) ) )
 ( printer       backSlash    ( ( 1 0 0 0 1 0 0 0 1 0 0 0 1 0 0 0  )
                                ( 0 1 0 0 0 1 0 0 0 1 0 0 0 1 0 0  )
                                ( 0 0 1 0 0 0 1 0 0 0 1 0 0 0 1 0  )
                                ( 0 0 0 1 0 0 0 1 0 0 0 1 0 0 0 1  )
                                ( 1 0 0 0 1 0 0 0 1 0 0 0 1 0 0 0  )
                                ( 0 1 0 0 0 1 0 0 0 1 0 0 0 1 0 0  )
                                ( 0 0 1 0 0 0 1 0 0 0 1 0 0 0 1 0  )
                                ( 0 0 0 1 0 0 0 1 0 0 0 1 0 0 0 1  )
                                ( 1 0 0 0 1 0 0 0 1 0 0 0 1 0 0 0  )
                                ( 0 1 0 0 0 1 0 0 0 1 0 0 0 1 0 0  )
                                ( 0 0 1 0 0 0 1 0 0 0 1 0 0 0 1 0  )
                                ( 0 0 0 1 0 0 0 1 0 0 0 1 0 0 0 1  )
                                ( 1 0 0 0 1 0 0 0 1 0 0 0 1 0 0 0  )
                                ( 0 1 0 0 0 1 0 0 0 1 0 0 0 1 0 0  )
                                ( 0 0 1 0 0 0 1 0 0 0 1 0 0 0 1 0  )
                                ( 0 0 0 1 0 0 0 1 0 0 0 1 0 0 0 1  ) ) )
 ( printer       hZigZag      ( ( 1 1 0 0 0 0 0 0 1 1 0 0 0 0 0 0  )
                                ( 0 0 1 0 0 0 0 0 0 0 1 0 0 0 0 0  )
                                ( 0 0 0 1 1 0 0 0 0 0 0 1 1 0 0 0  )
                                ( 0 0 0 0 0 1 0 0 0 0 0 0 0 1 0 0  )
                                ( 0 0 0 0 0 0 1 1 0 0 0 0 0 0 1 1  )
                                ( 1 0 0 0 0 0 0 0 1 0 0 0 0 0 0 0  )
                                ( 0 1 1 0 0 0 0 0 0 1 1 0 0 0 0 0  )
                                ( 0 0 0 1 0 0 0 0 0 0 0 1 0 0 0 0  )
                                ( 0 0 0 0 1 1 0 0 0 0 0 0 1 1 0 0  )
                                ( 0 0 0 0 0 0 1 0 0 0 0 0 0 0 1 0  )
                                ( 1 0 0 0 0 0 0 1 1 0 0 0 0 0 0 1  )
                                ( 0 1 0 0 0 0 0 0 0 1 0 0 0 0 0 0  )
                                ( 0 0 1 1 0 0 0 0 0 0 1 1 0 0 0 0  )
                                ( 0 0 0 0 1 0 0 0 0 0 0 0 1 0 0 0  )
                                ( 0 0 0 0 0 1 1 0 0 0 0 0 0 1 1 0  )
                                ( 0 0 0 0 0 0 0 1 0 0 0 0 0 0 0 1  ) ) )
 ( printer       vZigZag      ( ( 1 0 0 0 0 1 0 0 0 0 1 0 0 0 0 0  )
                                ( 1 0 0 0 0 0 1 0 0 0 0 1 0 0 0 0  )
                                ( 0 1 0 0 0 0 1 0 0 0 0 0 1 0 0 0  )
                                ( 0 0 1 0 0 0 0 1 0 0 0 0 1 0 0 0  )
                                ( 0 0 1 0 0 0 0 0 1 0 0 0 0 1 0 0  )
                                ( 0 0 0 1 0 0 0 0 1 0 0 0 0 0 1 0  )
                                ( 0 0 0 0 1 0 0 0 0 1 0 0 0 0 1 0  )
                                ( 0 0 0 0 1 0 0 0 0 0 1 0 0 0 0 1  )
                                ( 1 0 0 0 0 1 0 0 0 0 1 0 0 0 0 0  )
                                ( 1 0 0 0 0 0 1 0 0 0 0 1 0 0 0 0  )
                                ( 0 1 0 0 0 0 1 0 0 0 0 0 1 0 0 0  )
                                ( 0 0 1 0 0 0 0 1 0 0 0 0 1 0 0 0  )
                                ( 0 0 1 0 0 0 0 0 1 0 0 0 0 1 0 0  )
                                ( 0 0 0 1 0 0 0 0 1 0 0 0 0 0 1 0  )
                                ( 0 0 0 0 1 0 0 0 0 1 0 0 0 0 1 0  )
                                ( 0 0 0 0 1 0 0 0 0 0 1 0 0 0 0 1  ) ) )
 ( printer       hCurb        ( ( 0 0 0 0 0 0 0 0 0 0 0 0 0 0 0 0  )
                                ( 0 0 0 0 0 0 0 0 0 0 0 0 0 0 0 0  )
                                ( 0 0 0 1 1 1 1 1 0 0 0 1 1 1 1 1  )
                                ( 0 0 0 1 0 0 0 1 0 0 0 1 0 0 0 1  )
                                ( 0 0 0 1 0 0 0 1 0 0 0 1 0 0 0 1  )
                                ( 1 1 1 1 0 0 0 1 1 1 1 1 0 0 0 1  )
                                ( 0 0 0 0 0 0 0 0 0 0 0 0 0 0 0 0  )
                                ( 0 0 0 0 0 0 0 0 0 0 0 0 0 0 0 0  )
                                ( 0 0 0 0 0 0 0 0 0 0 0 0 0 0 0 0  )
                                ( 0 0 0 0 0 0 0 0 0 0 0 0 0 0 0 0  )
                                ( 0 0 0 1 1 1 1 1 0 0 0 1 1 1 1 1  )
                                ( 0 0 0 1 0 0 0 1 0 0 0 1 0 0 0 1  )
                                ( 0 0 0 1 0 0 0 1 0 0 0 1 0 0 0 1  )
                                ( 1 1 1 1 0 0 0 1 1 1 1 1 0 0 0 1  )
                                ( 0 0 0 0 0 0 0 0 0 0 0 0 0 0 0 0  )
                                ( 0 0 0 0 0 0 0 0 0 0 0 0 0 0 0 0  ) ) )
 ( printer       vCurb        ( ( 0 0 0 0 0 1 0 0 0 0 0 0 0 1 0 0  )
                                ( 0 0 0 0 0 1 0 0 0 0 0 0 0 1 0 0  )
                                ( 0 0 0 0 0 1 0 0 0 0 0 0 0 1 0 0  )
                                ( 0 0 1 1 1 1 0 0 0 0 1 1 1 1 0 0  )
                                ( 0 0 1 0 0 0 0 0 0 0 1 0 0 0 0 0  )
                                ( 0 0 1 0 0 0 0 0 0 0 1 0 0 0 0 0  )
                                ( 0 0 1 0 0 0 0 0 0 0 1 0 0 0 0 0  )
                                ( 0 0 1 1 1 1 0 0 0 0 1 1 1 1 0 0  )
                                ( 0 0 0 0 0 1 0 0 0 0 0 0 0 1 0 0  )
                                ( 0 0 0 0 0 1 0 0 0 0 0 0 0 1 0 0  )
                                ( 0 0 0 0 0 1 0 0 0 0 0 0 0 1 0 0  )
                                ( 0 0 1 1 1 1 0 0 0 0 1 1 1 1 0 0  )
                                ( 0 0 1 0 0 0 0 0 0 0 1 0 0 0 0 0  )
                                ( 0 0 1 0 0 0 0 0 0 0 1 0 0 0 0 0  )
                                ( 0 0 1 0 0 0 0 0 0 0 1 0 0 0 0 0  )
                                ( 0 0 1 1 1 1 0 0 0 0 1 1 1 1 0 0  ) ) )
 ( printer       brick        ( ( 1 1 1 1 1 1 1 1 1 1 1 1 1 1 1 1  )
                                ( 0 0 1 0 0 0 0 0 0 0 1 0 0 0 0 0  )
                                ( 0 0 1 0 0 0 0 0 0 0 1 0 0 0 0 0  )
                                ( 0 0 1 0 0 0 0 0 0 0 1 0 0 0 0 0  )
                                ( 1 1 1 1 1 1 1 1 1 1 1 1 1 1 1 1  )
                                ( 0 0 0 0 0 0 1 0 0 0 0 0 0 0 1 0  )
                                ( 0 0 0 0 0 0 1 0 0 0 0 0 0 0 1 0  )
                                ( 0 0 0 0 0 0 1 0 0 0 0 0 0 0 1 0  )
                                ( 1 1 1 1 1 1 1 1 1 1 1 1 1 1 1 1  )
                                ( 0 0 1 0 0 0 0 0 0 0 1 0 0 0 0 0  )
                                ( 0 0 1 0 0 0 0 0 0 0 1 0 0 0 0 0  )
                                ( 0 0 1 0 0 0 0 0 0 0 1 0 0 0 0 0  )
                                ( 1 1 1 1 1 1 1 1 1 1 1 1 1 1 1 1  )
                                ( 0 0 0 0 0 0 1 0 0 0 0 0 0 0 1 0  )
                                ( 0 0 0 0 0 0 1 0 0 0 0 0 0 0 1 0  )
                                ( 0 0 0 0 0 0 1 0 0 0 0 0 0 0 1 0  ) ) )
 ( printer       dagger       ( ( 0 0 0 0 0 0 0 0 0 0 0 0 0 0 0 0  )
                                ( 0 0 1 0 0 0 0 0 0 0 1 0 0 0 0 0  )
                                ( 0 0 1 0 0 0 0 0 0 0 1 0 0 0 0 0  )
                                ( 0 0 1 0 0 0 0 0 0 0 1 0 0 0 0 0  )
                                ( 1 1 1 1 1 0 0 0 1 1 1 1 1 0 0 0  )
                                ( 0 0 1 0 0 0 0 0 0 0 1 0 0 0 0 0  )
                                ( 0 0 1 0 0 0 0 0 0 0 1 0 0 0 0 0  )
                                ( 0 0 1 0 0 0 0 0 0 0 1 0 0 0 0 0  )
                                ( 0 0 0 0 0 0 0 0 0 0 0 0 0 0 0 0  )
                                ( 0 0 0 0 0 1 0 0 0 0 0 0 0 1 0 0  )
                                ( 0 0 0 0 0 1 0 0 0 0 0 0 0 1 0 0  )
                                ( 0 0 0 0 0 1 0 0 0 0 0 0 0 1 0 0  )
                                ( 0 0 0 1 1 1 1 1 0 0 0 1 1 1 1 1  )
                                ( 0 0 0 0 0 1 0 0 0 0 0 0 0 1 0 0  )
                                ( 0 0 0 0 0 1 0 0 0 0 0 0 0 1 0 0  )
                                ( 0 0 0 0 0 1 0 0 0 0 0 0 0 1 0 0  ) ) )
 ( printer       triangle     ( ( 0 0 0 0 0 0 0 0 0 0 0 0 0 0 0 0  )
                                ( 0 0 0 0 1 0 0 0 0 0 0 0 0 0 0 0  )
                                ( 0 0 0 1 0 1 0 0 0 0 0 0 0 0 0 0  )
                                ( 0 0 1 0 0 0 1 0 0 0 0 0 0 0 0 0  )
                                ( 0 1 0 0 0 0 0 1 0 0 0 0 0 0 0 0  )
                                ( 1 1 1 1 1 1 1 1 1 0 0 0 0 0 0 0  )
                                ( 0 0 0 0 0 0 0 0 0 0 0 0 0 0 0 0  )
                                ( 0 0 0 0 0 0 0 0 0 0 0 0 0 0 0 0  )
                                ( 0 0 0 0 0 0 0 0 0 0 0 0 0 0 0 0  )
                                ( 0 0 0 0 0 0 0 0 0 0 0 1 0 0 0 0  )
                                ( 0 0 0 0 0 0 0 0 0 0 1 0 1 0 0 0  )
                                ( 0 0 0 0 0 0 0 0 0 1 0 0 0 1 0 0  )
                                ( 0 0 0 0 0 0 0 0 1 0 0 0 0 0 1 0  )
                                ( 0 0 0 0 0 0 0 1 1 1 1 1 1 1 1 1  )
                                ( 0 0 0 0 0 0 0 0 0 0 0 0 0 0 0 0  )
                                ( 0 0 0 0 0 0 0 0 0 0 0 0 0 0 0 0  ) ) )
 ( printer       x            ( ( 1 0 0 0 1 0 0 0 1 0 0 0 1 0 0 0  )
                                ( 0 1 0 1 0 1 0 1 0 1 0 1 0 1 0 1  )
                                ( 0 0 1 0 0 0 1 0 0 0 1 0 0 0 1 0  )
                                ( 0 1 0 1 0 1 0 1 0 1 0 1 0 1 0 1  )
                                ( 1 0 0 0 1 0 0 0 1 0 0 0 1 0 0 0  )
                                ( 0 1 0 1 0 1 0 1 0 1 0 1 0 1 0 1  )
                                ( 0 0 1 0 0 0 1 0 0 0 1 0 0 0 1 0  )
                                ( 0 1 0 1 0 1 0 1 0 1 0 1 0 1 0 1  )
                                ( 1 0 0 0 1 0 0 0 1 0 0 0 1 0 0 0  )
                                ( 0 1 0 1 0 1 0 1 0 1 0 1 0 1 0 1  )
                                ( 0 0 1 0 0 0 1 0 0 0 1 0 0 0 1 0  )
                                ( 0 1 0 1 0 1 0 1 0 1 0 1 0 1 0 1  )
                                ( 1 0 0 0 1 0 0 0 1 0 0 0 1 0 0 0  )
                                ( 0 1 0 1 0 1 0 1 0 1 0 1 0 1 0 1  )
                                ( 0 0 1 0 0 0 1 0 0 0 1 0 0 0 1 0  )
                                ( 0 1 0 1 0 1 0 1 0 1 0 1 0 1 0 1  ) ) )
 ( printer       stipple17    ( ( 0 0 0 0 0 0 0 0 0 0 0 0 0 0 0 0  )
                                ( 0 0 1 0 0 1 0 0 0 0 1 0 0 1 0 0  )
                                ( 0 0 0 0 0 0 0 0 0 0 0 0 0 0 0 0  )
                                ( 0 0 0 0 0 0 0 0 0 0 0 0 0 0 0 0  )
                                ( 0 0 0 0 0 0 0 0 0 0 0 0 0 0 0 0  )
                                ( 0 1 0 0 0 0 1 0 0 1 0 0 0 0 1 0  )
                                ( 0 0 0 0 0 0 0 0 0 0 0 0 0 0 0 0  )
                                ( 0 0 0 0 0 0 0 0 0 0 0 0 0 0 0 0  )
                                ( 0 0 0 0 0 0 0 0 0 0 0 0 0 0 0 0  )
                                ( 0 0 1 0 0 1 0 0 0 0 1 0 0 1 0 0  )
                                ( 0 0 0 0 0 0 0 0 0 0 0 0 0 0 0 0  )
                                ( 0 0 0 0 0 0 0 0 0 0 0 0 0 0 0 0  )
                                ( 0 0 0 0 0 0 0 0 0 0 0 0 0 0 0 0  )
                                ( 0 1 0 0 0 0 1 0 0 1 0 0 0 0 1 0  )
                                ( 0 0 0 0 0 0 0 0 0 0 0 0 0 0 0 0  )
                                ( 0 0 0 0 0 0 0 0 0 0 0 0 0 0 0 0  ) ) )
 ( printer       stipple18    ( ( 0 0 0 0 0 0 0 0 0 0 0 0 0 0 0 0  )
                                ( 0 0 0 0 0 0 0 0 0 0 0 0 0 0 0 0  )
                                ( 0 0 0 1 0 0 0 1 0 0 0 1 0 0 0 1  )
                                ( 0 0 0 0 0 0 0 0 0 0 0 0 0 0 0 0  )
                                ( 0 0 0 0 0 0 0 0 0 0 0 0 0 0 0 0  )
                                ( 0 0 0 0 0 0 0 0 0 0 0 0 0 0 0 0  )
                                ( 0 0 0 1 0 0 0 1 0 0 0 1 0 0 0 1  )
                                ( 0 0 0 0 0 0 0 0 0 0 0 0 0 0 0 0  )
                                ( 0 0 0 0 0 0 0 0 0 0 0 0 0 0 0 0  )
                                ( 0 0 0 0 0 0 0 0 0 0 0 0 0 0 0 0  )
                                ( 0 0 0 1 0 0 0 1 0 0 0 1 0 0 0 1  )
                                ( 0 0 0 0 0 0 0 0 0 0 0 0 0 0 0 0  )
                                ( 0 0 0 0 0 0 0 0 0 0 0 0 0 0 0 0  )
                                ( 0 0 0 0 0 0 0 0 0 0 0 0 0 0 0 0  )
                                ( 0 0 0 1 0 0 0 1 0 0 0 1 0 0 0 1  )
                                ( 0 0 0 0 0 0 0 0 0 0 0 0 0 0 0 0  ) ) )
 ( printer       stipple19    ( ( 0 1 0 1 0 1 0 1 0 1 0 1 0 1 0 1  )
                                ( 0 0 0 0 0 0 0 0 0 0 0 0 0 0 0 0  )
                                ( 0 1 0 1 0 1 0 1 0 1 0 1 0 1 0 1  )
                                ( 0 0 0 0 0 0 0 0 0 0 0 0 0 0 0 0  )
                                ( 0 1 0 1 0 1 0 1 0 1 0 1 0 1 0 1  )
                                ( 0 0 0 0 0 0 0 0 0 0 0 0 0 0 0 0  )
                                ( 0 1 0 1 0 1 0 1 0 1 0 1 0 1 0 1  )
                                ( 0 0 0 0 0 0 0 0 0 0 0 0 0 0 0 0  )
                                ( 0 1 0 1 0 1 0 1 0 1 0 1 0 1 0 1  )
                                ( 0 0 0 0 0 0 0 0 0 0 0 0 0 0 0 0  )
                                ( 0 1 0 1 0 1 0 1 0 1 0 1 0 1 0 1  )
                                ( 0 0 0 0 0 0 0 0 0 0 0 0 0 0 0 0  )
                                ( 0 1 0 1 0 1 0 1 0 1 0 1 0 1 0 1  )
                                ( 0 0 0 0 0 0 0 0 0 0 0 0 0 0 0 0  )
                                ( 0 1 0 1 0 1 0 1 0 1 0 1 0 1 0 1  )
                                ( 0 0 0 0 0 0 0 0 0 0 0 0 0 0 0 0  ) ) )
)
drDefineLineStyle(
;( DisplayName   LineStyle    Size       Pattern   )
 ( printer       solid        1          (1 1 1 ) )
 ( printer       dashed       1          (1 1 1 1 0 0 ) )
 ( printer       dots         1          (1 0 0 ) )
 ( printer       dashDot      1          (1 1 1 0 0 1 0 0 ) )
 ( printer       shortDash    1          (1 1 0 0 ) )
 ( printer       doubleDash   1          (1 1 1 1 0 0 1 1 0 0 ) )
 ( printer       hidden       1          (1 0 0 0 ) )
 ( printer       thickLine    3          (1 1 1 ) )
)
drDefinePacket(
;( DisplayName  PacketName           Stipple    LineStyle  Fill       Outline    [FillStyle])
 ( printer      "90"                 blank      solid      black      black      outline   )
 ( printer      AMD22                blank      solid      black      black      outline   )
 ( printer      CannotoccupyBnd      blank      solid      black      black      outline   )
 ( printer      Canplace             blank      solid      black      black      outline   )
 ( printer      Group                blank      solid      black      black      outline   )
 ( printer      GroupLbl             blank      solid      black      black      outline   )
 ( printer      LDD                  blank      solid      black      black      outline   )
 ( printer      LVnwell              blank      solid      black      black      outline   )
 ( printer      Passivation          blank      solid      black      black      outline   )
 ( printer      Row                  blank      solid      black      black      outline   )
 ( printer      RowLbl               blank      solid      black      black      outline   )
 ( printer      Unrouted             blank      solid      black      black      outline   )
 ( printer      Unrouted1            blank      solid      black      black      outline   )
 ( printer      Unrouted2            blank      solid      black      black      outline   )
 ( printer      Unrouted3            blank      solid      black      black      outline   )
 ( printer      Unrouted4            blank      solid      black      black      outline   )
 ( printer      Unrouted5            blank      solid      black      black      outline   )
 ( printer      Unrouted6            blank      solid      black      black      outline   )
 ( printer      Unrouted7            blank      solid      black      black      outline   )
 ( printer      Unrouted8            blank      solid      black      black      outline   )
 ( printer      Unrouted9            blank      solid      black      black      outline   )
 ( printer      align                blank      solid      black      black      outline   )
 ( printer      annotate             blank      solid      black      black      outline   )
 ( printer      annotate1            blank      solid      black      black      outline   )
 ( printer      annotate2            blank      solid      black      black      outline   )
 ( printer      annotate3            blank      solid      black      black      outline   )
 ( printer      annotate4            blank      solid      black      black      outline   )
 ( printer      annotate5            blank      solid      black      black      outline   )
 ( printer      annotate6            blank      solid      black      black      outline   )
 ( printer      annotate7            blank      solid      black      black      outline   )
 ( printer      annotate8            blank      solid      black      black      outline   )
 ( printer      annotate9            blank      solid      black      black      outline   )
 ( printer      arrblk               blank      solid      black      black      outline   )
 ( printer      axis                 blank      solid      black      black      outline   )
 ( printer      background           blank      solid      black      black      outline   )
 ( printer      bitline_out          blank      solid      black      black      outline   )
 ( printer      bitline_outPin       blank      solid      black      black      outline   )
 ( printer      border               blank      solid      black      black      outline   )
 ( printer      bulk63               blank      solid      black      black      outline   )
 ( printer      changedLayerTl0      blank      solid      black      black      outline   )
 ( printer      changedLayerTl1      blank      solid      black      black      outline   )
 ( printer      cmosblk              blank      solid      black      black      outline   )
 ( printer      composite            blank      solid      black      black      outline   )
 ( printer      compositeNet         blank      solid      black      black      outline   )
 ( printer      compositePin         blank      solid      black      black      outline   )
 ( printer      contact              blank      solid      black      black      outline   )
 ( printer      covACR               blank      solid      black      black      outline   )
 ( printer      covEP                blank      solid      black      black      outline   )
 ( printer      covEP2               blank      solid      black      black      outline   )
 ( printer      covEPSel             blank      solid      black      black      outline   )
 ( printer      covNEP               blank      solid      black      black      outline   )
 ( printer      covPLD               blank      solid      black      black      outline   )
 ( printer      covSealrg            blank      solid      black      black      outline   )
 ( printer      covXDEC              blank      solid      black      black      outline   )
 ( printer      coviESD              blank      solid      black      black      outline   )
 ( printer      covoESD              blank      solid      black      black      outline   )
 ( printer      defaultPacket        blank      solid      white      black      outline   )
 ( printer      designFlow           blank      solid      black      black      outline   )
 ( printer      designFlow1          blank      solid      black      black      outline   )
 ( printer      designFlow2          blank      solid      black      black      outline   )
 ( printer      designFlow3          blank      solid      black      black      outline   )
 ( printer      designFlow4          blank      solid      black      black      outline   )
 ( printer      designFlow5          blank      solid      black      black      outline   )
 ( printer      designFlow6          blank      solid      black      black      outline   )
 ( printer      designFlow7          blank      solid      black      black      outline   )
 ( printer      designFlow8          blank      solid      black      black      outline   )
 ( printer      designFlow9          blank      solid      black      black      outline   )
 ( printer      device               blank      solid      black      black      outline   )
 ( printer      device1              blank      solid      black      black      outline   )
 ( printer      device2              blank      solid      black      black      outline   )
 ( printer      deviceAnt            blank      solid      black      black      outline   )
 ( printer      deviceLbl            blank      solid      black      black      outline   )
 ( printer      drc50                blank      solid      black      black      outline   )
 ( printer      drive                blank      solid      black      black      outline   )
 ( printer      edgeLayer            blank      solid      black      black      outline   )
 ( printer      edgeLayerPin         blank      solid      black      black      outline   )
 ( printer      grid                 blank      solid      black      black      outline   )
 ( printer      grid1                blank      solid      black      black      outline   )
 ( printer      hardFence            blank      solid      black      black      outline   )
 ( printer      hilite               blank      solid      black      black      outline   )
 ( printer      hilite1              blank      solid      black      black      outline   )
 ( printer      hilite2              blank      solid      black      black      outline   )
 ( printer      hilite3              blank      solid      black      black      outline   )
 ( printer      hilite4              blank      solid      black      black      outline   )
 ( printer      hilite5              blank      solid      black      black      outline   )
 ( printer      hilite6              blank      solid      black      black      outline   )
 ( printer      hilite7              blank      solid      black      black      outline   )
 ( printer      hilite8              blank      solid      black      black      outline   )
 ( printer      hilite9              blank      solid      black      black      outline   )
 ( printer      hiz                  blank      solid      black      black      outline   )
 ( printer      hvblk                blank      solid      black      black      outline   )
 ( printer      hvblkPin             blank      solid      black      black      outline   )
 ( printer      idbjt                blank      solid      black      black      outline   )
 ( printer      idcpc                blank      solid      black      black      outline   )
 ( printer      idres                blank      solid      black      black      outline   )
 ( printer      instance             blank      solid      black      black      outline   )
 ( printer      instanceLbl          blank      solid      black      black      outline   )
 ( printer      lay19                blank      solid      black      black      outline   )
 ( printer      lay25                blank      solid      black      black      outline   )
 ( printer      lay28                blank      solid      black      black      outline   )
 ( printer      lay33                blank      solid      black      black      outline   )
 ( printer      lay34                blank      solid      black      black      outline   )
 ( printer      lay36                blank      solid      black      black      outline   )
 ( printer      lay37                blank      solid      black      black      outline   )
 ( printer      lay38                blank      solid      black      black      outline   )
 ( printer      lay39                blank      solid      black      black      outline   )
 ( printer      lay40                blank      solid      black      black      outline   )
 ( printer      lay41                blank      solid      black      black      outline   )
 ( printer      lay42                blank      solid      black      black      outline   )
 ( printer      lay51                blank      solid      black      black      outline   )
 ( printer      lgen46               blank      solid      black      black      outline   )
 ( printer      lgen47               blank      solid      black      black      outline   )
 ( printer      lgen48               blank      solid      black      black      outline   )
 ( printer      lgen49               blank      solid      black      black      outline   )
 ( printer      lvs29                blank      solid      black      black      outline   )
 ( printer      lvs31                blank      solid      black      black      outline   )
 ( printer      lyr00                blank      solid      black      black      outline   )
 ( printer      markerErr            blank      solid      black      black      outline   )
 ( printer      markerWarn           blank      solid      black      black      outline   )
 ( printer      met1PinTxt           blank      solid      black      black      outline   )
 ( printer      met1rc               blank      solid      black      black      outline   )
 ( printer      met2PinTxt           blank      solid      black      black      outline   )
 ( printer      met2rc               blank      solid      black      black      outline   )
 ( printer      metal1               blank      solid      black      black      outline   )
 ( printer      metal1Net            blank      solid      black      black      outline   )
 ( printer      metal1Pin            blank      solid      black      black      outline   )
 ( printer      metal2               blank      solid      black      black      outline   )
 ( printer      metal2Net            blank      solid      black      black      outline   )
 ( printer      metal2Pin            blank      solid      black      black      outline   )
 ( printer      nldd                 blank      solid      black      black      outline   )
 ( printer      nldd_out             blank      solid      black      black      outline   )
 ( printer      nplus                blank      solid      black      black      outline   )
 ( printer      nplus_PHV            blank      solid      black      black      outline   )
 ( printer      nplus_out            blank      solid      black      black      outline   )
 ( printer      nwell                blank      solid      black      black      outline   )
 ( printer      nwellNet             blank      solid      black      black      outline   )
 ( printer      nwellPin             blank      solid      black      black      outline   )
 ( printer      out_cntplug          blank      solid      black      black      outline   )
 ( printer      out_nplus            blank      solid      black      black      outline   )
 ( printer      pfield               blank      solid      black      black      outline   )
 ( printer      pin                  blank      solid      black      black      outline   )
 ( printer      pinAnt               blank      solid      black      black      outline   )
 ( printer      pinLbl               blank      solid      black      black      outline   )
 ( printer      pldd                 blank      solid      black      black      outline   )
 ( printer      plddPin              blank      solid      black      black      outline   )
 ( printer      poly                 blank      solid      black      black      outline   )
 ( printer      poly1_protect        blank      solid      black      black      outline   )
 ( printer      poly2PinTxt          blank      solid      black      black      outline   )
 ( printer      poly2rc              blank      solid      black      black      outline   )
 ( printer      polyNet              blank      solid      black      black      outline   )
 ( printer      polyPin              blank      solid      black      black      outline   )
 ( printer      polyfg               blank      solid      black      black      outline   )
 ( printer      polyfg_out           blank      solid      black      black      outline   )
 ( printer      pplus                blank      solid      black      black      outline   )
 ( printer      prBoundary           blank      solid      black      black      outline   )
 ( printer      prBoundaryBnd        blank      solid      black      black      outline   )
 ( printer      prBoundaryLbl        blank      solid      black      black      outline   )
 ( printer      resID                blank      solid      black      black      outline   )
 ( printer      resist               blank      solid      black      black      outline   )
 ( printer      sae                  blank      solid      black      black      outline   )
 ( printer      select               blank      solid      black      black      outline   )
 ( printer      snap                 blank      solid      black      black      outline   )
 ( printer      softFence            blank      solid      black      black      outline   )
 ( printer      spike                blank      solid      black      black      outline   )
 ( printer      stretch              blank      solid      black      black      outline   )
 ( printer      supply               blank      solid      black      black      outline   )
 ( printer      text                 blank      solid      black      black      outline   )
 ( printer      text1                blank      solid      black      black      outline   )
 ( printer      text2                blank      solid      black      black      outline   )
 ( printer      unknown              blank      solid      black      black      outline   )
 ( printer      unset                blank      solid      black      black      outline   )
 ( printer      via                  blank      solid      black      black      outline   )
 ( printer      winActiveBanner      blank      solid      black      black      outline   )
 ( printer      winAttentionText     blank      solid      black      black      outline   )
 ( printer      winBackground        blank      solid      black      black      outline   )
 ( printer      winBorder            blank      solid      black      black      outline   )
 ( printer      winBottomShadow      blank      solid      black      black      outline   )
 ( printer      winButton            blank      solid      black      black      outline   )
 ( printer      winError             blank      solid      black      black      outline   )
 ( printer      winForeground        blank      solid      black      black      outline   )
 ( printer      winInactiveBanner    blank      solid      black      black      outline   )
 ( printer      winText              blank      solid      black      black      outline   )
 ( printer      winTopShadow         blank      solid      black      black      outline   )
 ( printer      wire                 blank      solid      black      black      outline   )
 ( printer      wireFlt              blank      solid      black      black      outline   )
 ( printer      wireLbl              blank      solid      black      black      outline   )
 ( printer      y0                   blank      solid      black      black      outline   )
 ( printer      y1                   blank      solid      black      black      outline   )
 ( printer      y2                   blank      solid      black      black      outline   )
 ( printer      y3                   blank      solid      black      black      outline   )
 ( printer      y4                   blank      solid      black      black      outline   )
 ( printer      y5                   blank      solid      black      black      outline   )
 ( printer      y6                   blank      solid      black      black      outline   )
 ( printer      y7                   blank      solid      black      black      outline   )
 ( printer      y8                   blank      solid      black      black      outline   )
 ( printer      y9                   blank      solid      black      black      outline   )
)
drDefineColor(
;( DisplayName   ColorsName   Red      Green    Blue     )
 ( hp8           white        255      255      255      )
 ( hp8           yellow       255      255      0        )
)
drDefineStipple(
;( DisplayName   StippleName  Bitmap     )
)
drDefineLineStyle(
;( DisplayName   LineStyle    Size       Pattern   )
 ( hp8           solid        1          (1 1 1 ) )
)
drDefinePacket(
;( DisplayName  PacketName           Stipple    LineStyle  Fill       Outline    [FillStyle])
 ( hp8          defaultPacket        blank      solid      white      yellow     outline   )
)
drDefineColor(
;( DisplayName   ColorsName   Red      Green    Blue     )
 ( versatecb     white        255      255      255      )
 ( versatecb     yellow       255      255      0        )
)
drDefineStipple(
;( DisplayName   StippleName  Bitmap     )
)
drDefineLineStyle(
;( DisplayName   LineStyle    Size       Pattern   )
 ( versatecb     solid        1          (1 1 1 ) )
)
drDefinePacket(
;( DisplayName  PacketName           Stipple    LineStyle  Fill       Outline    [FillStyle])
 ( versatecb    defaultPacket        blank      solid      white      yellow     outline   )
)
drDefineColor(
;( DisplayName   ColorsName   Red      Green    Blue     )
 ( plot          black        0        0        0        )
 ( plot          blinkRed     255      0        0        t )
 ( plot          blinkWhite   255      255      255      t )
 ( plot          blinkYellow  255      255      0        t )
 ( plot          blue         0        216      255      )
 ( plot          brown        191      64       38       )
 ( plot          cadetBlue    57       191      255      )
 ( plot          chocolate    128      38       38       )
 ( plot          cream        255      255      204      )
 ( plot          cyan         0        255      255      )
 ( plot          forest       38       140      107      )
 ( plot          gold         217      204      0        )
 ( plot          gray         204      204      217      )
 ( plot          green        0        204      102      )
 ( plot          lime         0        255      0        )
 ( plot          magenta      255      20       254      )
 ( plot          maroon       230      31       13       )
 ( plot          navy         51       51       153      )
 ( plot          orange       255      128      0        )
 ( plot          pink         255      191      242      )
 ( plot          purple       153      0        230      )
 ( plot          red          255      0        0        )
 ( plot          silver       217      230      255      )
 ( plot          slate        140      140      166      )
 ( plot          tan          255      230      191      )
 ( plot          violet       94       0        230      )
 ( plot          white        255      255      255      )
 ( plot          winBack      224      224      224      )
 ( plot          winColor1    166      166      166      )
 ( plot          winColor2    115      115      115      )
 ( plot          winColor3    189      204      204      )
 ( plot          winColor4    204      204      204      )
 ( plot          winColor5    199      199      199      )
 ( plot          winFore      128      0        0        )
 ( plot          winText      51       51       51       )
 ( plot          yellow       255      255      0        )
)
drDefineStipple(
;( DisplayName   StippleName  Bitmap     )
 ( plot          dots         ( ( 0 1 0 0 0 1 0 0 0 1 0 0 0 1 0 0  )
                                ( 0 0 0 0 0 0 0 0 0 0 0 0 0 0 0 0  )
                                ( 0 0 0 1 0 0 0 1 0 0 0 1 0 0 0 1  )
                                ( 0 0 0 0 0 0 0 0 0 0 0 0 0 0 0 0  )
                                ( 0 1 0 0 0 1 0 0 0 1 0 0 0 1 0 0  )
                                ( 0 0 0 0 0 0 0 0 0 0 0 0 0 0 0 0  )
                                ( 0 0 0 1 0 0 0 1 0 0 0 1 0 0 0 1  )
                                ( 0 0 0 0 0 0 0 0 0 0 0 0 0 0 0 0  )
                                ( 0 1 0 0 0 1 0 0 0 1 0 0 0 1 0 0  )
                                ( 0 0 0 0 0 0 0 0 0 0 0 0 0 0 0 0  )
                                ( 0 0 0 1 0 0 0 1 0 0 0 1 0 0 0 1  )
                                ( 0 0 0 0 0 0 0 0 0 0 0 0 0 0 0 0  )
                                ( 0 1 0 0 0 1 0 0 0 1 0 0 0 1 0 0  )
                                ( 0 0 0 0 0 0 0 0 0 0 0 0 0 0 0 0  )
                                ( 0 0 0 1 0 0 0 1 0 0 0 1 0 0 0 1  )
                                ( 0 0 0 0 0 0 0 0 0 0 0 0 0 0 0 0  ) ) )
 ( plot          dots1        ( ( 0 0 0 0 0 0 0 0 0 0 0 0 0 0 0 0  )
                                ( 0 0 1 0 0 0 1 0 0 0 1 0 0 0 1 0  )
                                ( 0 0 0 0 0 0 0 0 0 0 0 0 0 0 0 0  )
                                ( 1 0 0 0 1 0 0 0 1 0 0 0 1 0 0 0  )
                                ( 0 0 0 0 0 0 0 0 0 0 0 0 0 0 0 0  )
                                ( 0 0 1 0 0 0 1 0 0 0 1 0 0 0 1 0  )
                                ( 0 0 0 0 0 0 0 0 0 0 0 0 0 0 0 0  )
                                ( 1 0 0 0 1 0 0 0 1 0 0 0 1 0 0 0  )
                                ( 0 0 0 0 0 0 0 0 0 0 0 0 0 0 0 0  )
                                ( 0 0 1 0 0 0 1 0 0 0 1 0 0 0 1 0  )
                                ( 0 0 0 0 0 0 0 0 0 0 0 0 0 0 0 0  )
                                ( 1 0 0 0 1 0 0 0 1 0 0 0 1 0 0 0  )
                                ( 0 0 0 0 0 0 0 0 0 0 0 0 0 0 0 0  )
                                ( 0 0 1 0 0 0 1 0 0 0 1 0 0 0 1 0  )
                                ( 0 0 0 0 0 0 0 0 0 0 0 0 0 0 0 0  )
                                ( 1 0 0 0 1 0 0 0 1 0 0 0 1 0 0 0  ) ) )
 ( plot          hLine        ( ( 0 0 0 0 0 0 0 0 0 0 0 0 0 0 0 0  )
                                ( 0 0 0 0 0 0 0 0 0 0 0 0 0 0 0 0  )
                                ( 0 0 0 0 0 0 0 0 0 0 0 0 0 0 0 0  )
                                ( 1 1 1 1 1 1 1 1 1 1 1 1 1 1 1 1  )
                                ( 0 0 0 0 0 0 0 0 0 0 0 0 0 0 0 0  )
                                ( 0 0 0 0 0 0 0 0 0 0 0 0 0 0 0 0  )
                                ( 0 0 0 0 0 0 0 0 0 0 0 0 0 0 0 0  )
                                ( 1 1 1 1 1 1 1 1 1 1 1 1 1 1 1 1  )
                                ( 0 0 0 0 0 0 0 0 0 0 0 0 0 0 0 0  )
                                ( 0 0 0 0 0 0 0 0 0 0 0 0 0 0 0 0  )
                                ( 0 0 0 0 0 0 0 0 0 0 0 0 0 0 0 0  )
                                ( 1 1 1 1 1 1 1 1 1 1 1 1 1 1 1 1  )
                                ( 0 0 0 0 0 0 0 0 0 0 0 0 0 0 0 0  )
                                ( 0 0 0 0 0 0 0 0 0 0 0 0 0 0 0 0  )
                                ( 0 0 0 0 0 0 0 0 0 0 0 0 0 0 0 0  )
                                ( 1 1 1 1 1 1 1 1 1 1 1 1 1 1 1 1  ) ) )
 ( plot          vLine        ( ( 0 0 1 0 0 0 1 0 0 0 1 0 0 0 1 0  )
                                ( 0 0 1 0 0 0 1 0 0 0 1 0 0 0 1 0  )
                                ( 0 0 1 0 0 0 1 0 0 0 1 0 0 0 1 0  )
                                ( 0 0 1 0 0 0 1 0 0 0 1 0 0 0 1 0  )
                                ( 0 0 1 0 0 0 1 0 0 0 1 0 0 0 1 0  )
                                ( 0 0 1 0 0 0 1 0 0 0 1 0 0 0 1 0  )
                                ( 0 0 1 0 0 0 1 0 0 0 1 0 0 0 1 0  )
                                ( 0 0 1 0 0 0 1 0 0 0 1 0 0 0 1 0  )
                                ( 0 0 1 0 0 0 1 0 0 0 1 0 0 0 1 0  )
                                ( 0 0 1 0 0 0 1 0 0 0 1 0 0 0 1 0  )
                                ( 0 0 1 0 0 0 1 0 0 0 1 0 0 0 1 0  )
                                ( 0 0 1 0 0 0 1 0 0 0 1 0 0 0 1 0  )
                                ( 0 0 1 0 0 0 1 0 0 0 1 0 0 0 1 0  )
                                ( 0 0 1 0 0 0 1 0 0 0 1 0 0 0 1 0  )
                                ( 0 0 1 0 0 0 1 0 0 0 1 0 0 0 1 0  )
                                ( 0 0 1 0 0 0 1 0 0 0 1 0 0 0 1 0  ) ) )
 ( plot          cross        ( ( 1 0 0 0 1 0 0 0 1 0 0 0 1 0 0 0  )
                                ( 0 1 0 1 0 1 0 1 0 1 0 1 0 1 0 1  )
                                ( 0 0 1 0 0 0 1 0 0 0 1 0 0 0 1 0  )
                                ( 0 1 0 1 0 1 0 1 0 1 0 1 0 1 0 1  )
                                ( 1 0 0 0 1 0 0 0 1 0 0 0 1 0 0 0  )
                                ( 0 1 0 1 0 1 0 1 0 1 0 1 0 1 0 1  )
                                ( 0 0 1 0 0 0 1 0 0 0 1 0 0 0 1 0  )
                                ( 0 1 0 1 0 1 0 1 0 1 0 1 0 1 0 1  )
                                ( 1 0 0 0 1 0 0 0 1 0 0 0 1 0 0 0  )
                                ( 0 1 0 1 0 1 0 1 0 1 0 1 0 1 0 1  )
                                ( 0 0 1 0 0 0 1 0 0 0 1 0 0 0 1 0  )
                                ( 0 1 0 1 0 1 0 1 0 1 0 1 0 1 0 1  )
                                ( 1 0 0 0 1 0 0 0 1 0 0 0 1 0 0 0  )
                                ( 0 1 0 1 0 1 0 1 0 1 0 1 0 1 0 1  )
                                ( 0 0 1 0 0 0 1 0 0 0 1 0 0 0 1 0  )
                                ( 0 1 0 1 0 1 0 1 0 1 0 1 0 1 0 1  ) ) )
 ( plot          grid         ( ( 0 0 0 1 0 0 0 1 0 0 0 1 0 0 0 1  )
                                ( 0 0 0 1 0 0 0 1 0 0 0 1 0 0 0 1  )
                                ( 0 0 0 1 0 0 0 1 0 0 0 1 0 0 0 1  )
                                ( 1 1 1 1 1 1 1 1 1 1 1 1 1 1 1 1  )
                                ( 0 0 0 1 0 0 0 1 0 0 0 1 0 0 0 1  )
                                ( 0 0 0 1 0 0 0 1 0 0 0 1 0 0 0 1  )
                                ( 0 0 0 1 0 0 0 1 0 0 0 1 0 0 0 1  )
                                ( 1 1 1 1 1 1 1 1 1 1 1 1 1 1 1 1  )
                                ( 0 0 0 1 0 0 0 1 0 0 0 1 0 0 0 1  )
                                ( 0 0 0 1 0 0 0 1 0 0 0 1 0 0 0 1  )
                                ( 0 0 0 1 0 0 0 1 0 0 0 1 0 0 0 1  )
                                ( 1 1 1 1 1 1 1 1 1 1 1 1 1 1 1 1  )
                                ( 0 0 0 1 0 0 0 1 0 0 0 1 0 0 0 1  )
                                ( 0 0 0 1 0 0 0 1 0 0 0 1 0 0 0 1  )
                                ( 0 0 0 1 0 0 0 1 0 0 0 1 0 0 0 1  )
                                ( 1 1 1 1 1 1 1 1 1 1 1 1 1 1 1 1  ) ) )
 ( plot          slash        ( ( 0 0 0 1 0 0 0 1 0 0 0 1 0 0 0 1  )
                                ( 0 0 1 0 0 0 1 0 0 0 1 0 0 0 1 0  )
                                ( 0 1 0 0 0 1 0 0 0 1 0 0 0 1 0 0  )
                                ( 1 0 0 0 1 0 0 0 1 0 0 0 1 0 0 0  )
                                ( 0 0 0 1 0 0 0 1 0 0 0 1 0 0 0 1  )
                                ( 0 0 1 0 0 0 1 0 0 0 1 0 0 0 1 0  )
                                ( 0 1 0 0 0 1 0 0 0 1 0 0 0 1 0 0  )
                                ( 1 0 0 0 1 0 0 0 1 0 0 0 1 0 0 0  )
                                ( 0 0 0 1 0 0 0 1 0 0 0 1 0 0 0 1  )
                                ( 0 0 1 0 0 0 1 0 0 0 1 0 0 0 1 0  )
                                ( 0 1 0 0 0 1 0 0 0 1 0 0 0 1 0 0  )
                                ( 1 0 0 0 1 0 0 0 1 0 0 0 1 0 0 0  )
                                ( 0 0 0 1 0 0 0 1 0 0 0 1 0 0 0 1  )
                                ( 0 0 1 0 0 0 1 0 0 0 1 0 0 0 1 0  )
                                ( 0 1 0 0 0 1 0 0 0 1 0 0 0 1 0 0  )
                                ( 1 0 0 0 1 0 0 0 1 0 0 0 1 0 0 0  ) ) )
 ( plot          backSlash    ( ( 1 0 0 0 1 0 0 0 1 0 0 0 1 0 0 0  )
                                ( 0 1 0 0 0 1 0 0 0 1 0 0 0 1 0 0  )
                                ( 0 0 1 0 0 0 1 0 0 0 1 0 0 0 1 0  )
                                ( 0 0 0 1 0 0 0 1 0 0 0 1 0 0 0 1  )
                                ( 1 0 0 0 1 0 0 0 1 0 0 0 1 0 0 0  )
                                ( 0 1 0 0 0 1 0 0 0 1 0 0 0 1 0 0  )
                                ( 0 0 1 0 0 0 1 0 0 0 1 0 0 0 1 0  )
                                ( 0 0 0 1 0 0 0 1 0 0 0 1 0 0 0 1  )
                                ( 1 0 0 0 1 0 0 0 1 0 0 0 1 0 0 0  )
                                ( 0 1 0 0 0 1 0 0 0 1 0 0 0 1 0 0  )
                                ( 0 0 1 0 0 0 1 0 0 0 1 0 0 0 1 0  )
                                ( 0 0 0 1 0 0 0 1 0 0 0 1 0 0 0 1  )
                                ( 1 0 0 0 1 0 0 0 1 0 0 0 1 0 0 0  )
                                ( 0 1 0 0 0 1 0 0 0 1 0 0 0 1 0 0  )
                                ( 0 0 1 0 0 0 1 0 0 0 1 0 0 0 1 0  )
                                ( 0 0 0 1 0 0 0 1 0 0 0 1 0 0 0 1  ) ) )
 ( plot          hZigZag      ( ( 1 1 0 0 0 0 0 0 1 1 0 0 0 0 0 0  )
                                ( 0 0 1 0 0 0 0 0 0 0 1 0 0 0 0 0  )
                                ( 0 0 0 1 1 0 0 0 0 0 0 1 1 0 0 0  )
                                ( 0 0 0 0 0 1 0 0 0 0 0 0 0 1 0 0  )
                                ( 0 0 0 0 0 0 1 1 0 0 0 0 0 0 1 1  )
                                ( 1 0 0 0 0 0 0 0 1 0 0 0 0 0 0 0  )
                                ( 0 1 1 0 0 0 0 0 0 1 1 0 0 0 0 0  )
                                ( 0 0 0 1 0 0 0 0 0 0 0 1 0 0 0 0  )
                                ( 0 0 0 0 1 1 0 0 0 0 0 0 1 1 0 0  )
                                ( 0 0 0 0 0 0 1 0 0 0 0 0 0 0 1 0  )
                                ( 1 0 0 0 0 0 0 1 1 0 0 0 0 0 0 1  )
                                ( 0 1 0 0 0 0 0 0 0 1 0 0 0 0 0 0  )
                                ( 0 0 1 1 0 0 0 0 0 0 1 1 0 0 0 0  )
                                ( 0 0 0 0 1 0 0 0 0 0 0 0 1 0 0 0  )
                                ( 0 0 0 0 0 1 1 0 0 0 0 0 0 1 1 0  )
                                ( 0 0 0 0 0 0 0 1 0 0 0 0 0 0 0 1  ) ) )
 ( plot          vZigZag      ( ( 1 0 0 0 0 1 0 0 0 0 1 0 0 0 0 0  )
                                ( 1 0 0 0 0 0 1 0 0 0 0 1 0 0 0 0  )
                                ( 0 1 0 0 0 0 1 0 0 0 0 0 1 0 0 0  )
                                ( 0 0 1 0 0 0 0 1 0 0 0 0 1 0 0 0  )
                                ( 0 0 1 0 0 0 0 0 1 0 0 0 0 1 0 0  )
                                ( 0 0 0 1 0 0 0 0 1 0 0 0 0 0 1 0  )
                                ( 0 0 0 0 1 0 0 0 0 1 0 0 0 0 1 0  )
                                ( 0 0 0 0 1 0 0 0 0 0 1 0 0 0 0 1  )
                                ( 1 0 0 0 0 1 0 0 0 0 1 0 0 0 0 0  )
                                ( 1 0 0 0 0 0 1 0 0 0 0 1 0 0 0 0  )
                                ( 0 1 0 0 0 0 1 0 0 0 0 0 1 0 0 0  )
                                ( 0 0 1 0 0 0 0 1 0 0 0 0 1 0 0 0  )
                                ( 0 0 1 0 0 0 0 0 1 0 0 0 0 1 0 0  )
                                ( 0 0 0 1 0 0 0 0 1 0 0 0 0 0 1 0  )
                                ( 0 0 0 0 1 0 0 0 0 1 0 0 0 0 1 0  )
                                ( 0 0 0 0 1 0 0 0 0 0 1 0 0 0 0 1  ) ) )
 ( plot          hCurb        ( ( 0 0 0 0 0 0 0 0 0 0 0 0 0 0 0 0  )
                                ( 0 0 0 0 0 0 0 0 0 0 0 0 0 0 0 0  )
                                ( 0 0 0 1 1 1 1 1 0 0 0 1 1 1 1 1  )
                                ( 0 0 0 1 0 0 0 1 0 0 0 1 0 0 0 1  )
                                ( 0 0 0 1 0 0 0 1 0 0 0 1 0 0 0 1  )
                                ( 1 1 1 1 0 0 0 1 1 1 1 1 0 0 0 1  )
                                ( 0 0 0 0 0 0 0 0 0 0 0 0 0 0 0 0  )
                                ( 0 0 0 0 0 0 0 0 0 0 0 0 0 0 0 0  )
                                ( 0 0 0 0 0 0 0 0 0 0 0 0 0 0 0 0  )
                                ( 0 0 0 0 0 0 0 0 0 0 0 0 0 0 0 0  )
                                ( 0 0 0 1 1 1 1 1 0 0 0 1 1 1 1 1  )
                                ( 0 0 0 1 0 0 0 1 0 0 0 1 0 0 0 1  )
                                ( 0 0 0 1 0 0 0 1 0 0 0 1 0 0 0 1  )
                                ( 1 1 1 1 0 0 0 1 1 1 1 1 0 0 0 1  )
                                ( 0 0 0 0 0 0 0 0 0 0 0 0 0 0 0 0  )
                                ( 0 0 0 0 0 0 0 0 0 0 0 0 0 0 0 0  ) ) )
 ( plot          vCurb        ( ( 0 0 0 0 0 1 0 0 0 0 0 0 0 1 0 0  )
                                ( 0 0 0 0 0 1 0 0 0 0 0 0 0 1 0 0  )
                                ( 0 0 0 0 0 1 0 0 0 0 0 0 0 1 0 0  )
                                ( 0 0 1 1 1 1 0 0 0 0 1 1 1 1 0 0  )
                                ( 0 0 1 0 0 0 0 0 0 0 1 0 0 0 0 0  )
                                ( 0 0 1 0 0 0 0 0 0 0 1 0 0 0 0 0  )
                                ( 0 0 1 0 0 0 0 0 0 0 1 0 0 0 0 0  )
                                ( 0 0 1 1 1 1 0 0 0 0 1 1 1 1 0 0  )
                                ( 0 0 0 0 0 1 0 0 0 0 0 0 0 1 0 0  )
                                ( 0 0 0 0 0 1 0 0 0 0 0 0 0 1 0 0  )
                                ( 0 0 0 0 0 1 0 0 0 0 0 0 0 1 0 0  )
                                ( 0 0 1 1 1 1 0 0 0 0 1 1 1 1 0 0  )
                                ( 0 0 1 0 0 0 0 0 0 0 1 0 0 0 0 0  )
                                ( 0 0 1 0 0 0 0 0 0 0 1 0 0 0 0 0  )
                                ( 0 0 1 0 0 0 0 0 0 0 1 0 0 0 0 0  )
                                ( 0 0 1 1 1 1 0 0 0 0 1 1 1 1 0 0  ) ) )
 ( plot          brick        ( ( 1 1 1 1 1 1 1 1 1 1 1 1 1 1 1 1  )
                                ( 0 0 1 0 0 0 0 0 0 0 1 0 0 0 0 0  )
                                ( 0 0 1 0 0 0 0 0 0 0 1 0 0 0 0 0  )
                                ( 0 0 1 0 0 0 0 0 0 0 1 0 0 0 0 0  )
                                ( 1 1 1 1 1 1 1 1 1 1 1 1 1 1 1 1  )
                                ( 0 0 0 0 0 0 1 0 0 0 0 0 0 0 1 0  )
                                ( 0 0 0 0 0 0 1 0 0 0 0 0 0 0 1 0  )
                                ( 0 0 0 0 0 0 1 0 0 0 0 0 0 0 1 0  )
                                ( 1 1 1 1 1 1 1 1 1 1 1 1 1 1 1 1  )
                                ( 0 0 1 0 0 0 0 0 0 0 1 0 0 0 0 0  )
                                ( 0 0 1 0 0 0 0 0 0 0 1 0 0 0 0 0  )
                                ( 0 0 1 0 0 0 0 0 0 0 1 0 0 0 0 0  )
                                ( 1 1 1 1 1 1 1 1 1 1 1 1 1 1 1 1  )
                                ( 0 0 0 0 0 0 1 0 0 0 0 0 0 0 1 0  )
                                ( 0 0 0 0 0 0 1 0 0 0 0 0 0 0 1 0  )
                                ( 0 0 0 0 0 0 1 0 0 0 0 0 0 0 1 0  ) ) )
 ( plot          dagger       ( ( 0 0 0 0 0 0 0 0 0 0 0 0 0 0 0 0  )
                                ( 0 0 1 0 0 0 0 0 0 0 1 0 0 0 0 0  )
                                ( 0 0 1 0 0 0 0 0 0 0 1 0 0 0 0 0  )
                                ( 0 0 1 0 0 0 0 0 0 0 1 0 0 0 0 0  )
                                ( 1 1 1 1 1 0 0 0 1 1 1 1 1 0 0 0  )
                                ( 0 0 1 0 0 0 0 0 0 0 1 0 0 0 0 0  )
                                ( 0 0 1 0 0 0 0 0 0 0 1 0 0 0 0 0  )
                                ( 0 0 1 0 0 0 0 0 0 0 1 0 0 0 0 0  )
                                ( 0 0 0 0 0 0 0 0 0 0 0 0 0 0 0 0  )
                                ( 0 0 0 0 0 1 0 0 0 0 0 0 0 1 0 0  )
                                ( 0 0 0 0 0 1 0 0 0 0 0 0 0 1 0 0  )
                                ( 0 0 0 0 0 1 0 0 0 0 0 0 0 1 0 0  )
                                ( 0 0 0 1 1 1 1 1 0 0 0 1 1 1 1 1  )
                                ( 0 0 0 0 0 1 0 0 0 0 0 0 0 1 0 0  )
                                ( 0 0 0 0 0 1 0 0 0 0 0 0 0 1 0 0  )
                                ( 0 0 0 0 0 1 0 0 0 0 0 0 0 1 0 0  ) ) )
 ( plot          triangle     ( ( 0 0 0 0 0 0 0 0 0 0 0 0 0 0 0 0  )
                                ( 0 0 0 0 1 0 0 0 0 0 0 0 0 0 0 0  )
                                ( 0 0 0 1 0 1 0 0 0 0 0 0 0 0 0 0  )
                                ( 0 0 1 0 0 0 1 0 0 0 0 0 0 0 0 0  )
                                ( 0 1 0 0 0 0 0 1 0 0 0 0 0 0 0 0  )
                                ( 1 1 1 1 1 1 1 1 1 0 0 0 0 0 0 0  )
                                ( 0 0 0 0 0 0 0 0 0 0 0 0 0 0 0 0  )
                                ( 0 0 0 0 0 0 0 0 0 0 0 0 0 0 0 0  )
                                ( 0 0 0 0 0 0 0 0 0 0 0 0 0 0 0 0  )
                                ( 0 0 0 0 0 0 0 0 0 0 0 1 0 0 0 0  )
                                ( 0 0 0 0 0 0 0 0 0 0 1 0 1 0 0 0  )
                                ( 0 0 0 0 0 0 0 0 0 1 0 0 0 1 0 0  )
                                ( 0 0 0 0 0 0 0 0 1 0 0 0 0 0 1 0  )
                                ( 0 0 0 0 0 0 0 1 1 1 1 1 1 1 1 1  )
                                ( 0 0 0 0 0 0 0 0 0 0 0 0 0 0 0 0  )
                                ( 0 0 0 0 0 0 0 0 0 0 0 0 0 0 0 0  ) ) )
 ( plot          x            ( ( 1 0 0 0 1 0 0 0 1 0 0 0 1 0 0 0  )
                                ( 0 1 0 1 0 1 0 1 0 1 0 1 0 1 0 1  )
                                ( 0 0 1 0 0 0 1 0 0 0 1 0 0 0 1 0  )
                                ( 0 1 0 1 0 1 0 1 0 1 0 1 0 1 0 1  )
                                ( 1 0 0 0 1 0 0 0 1 0 0 0 1 0 0 0  )
                                ( 0 1 0 1 0 1 0 1 0 1 0 1 0 1 0 1  )
                                ( 0 0 1 0 0 0 1 0 0 0 1 0 0 0 1 0  )
                                ( 0 1 0 1 0 1 0 1 0 1 0 1 0 1 0 1  )
                                ( 1 0 0 0 1 0 0 0 1 0 0 0 1 0 0 0  )
                                ( 0 1 0 1 0 1 0 1 0 1 0 1 0 1 0 1  )
                                ( 0 0 1 0 0 0 1 0 0 0 1 0 0 0 1 0  )
                                ( 0 1 0 1 0 1 0 1 0 1 0 1 0 1 0 1  )
                                ( 1 0 0 0 1 0 0 0 1 0 0 0 1 0 0 0  )
                                ( 0 1 0 1 0 1 0 1 0 1 0 1 0 1 0 1  )
                                ( 0 0 1 0 0 0 1 0 0 0 1 0 0 0 1 0  )
                                ( 0 1 0 1 0 1 0 1 0 1 0 1 0 1 0 1  ) ) )
 ( plot          stipple0     ( ( 1 1 1 1 1 1 1 1 1 1 1 1 1 1 1 1 1 1 1 1 1 1 1 1 1 1 1 1 1 1 1 1  )
                                ( 1 1 1 1 1 1 1 1 1 1 1 1 1 1 1 1 1 1 1 1 1 1 1 1 1 1 1 1 1 1 1 1  )
                                ( 1 1 1 1 1 1 1 1 1 1 1 1 1 1 1 1 1 1 1 1 1 1 1 1 1 1 1 1 1 1 1 1  )
                                ( 1 1 1 1 1 1 1 1 1 1 1 1 1 1 1 1 1 1 1 1 1 1 1 1 1 1 1 1 1 1 1 1  )
                                ( 1 1 1 1 1 1 1 1 1 1 1 1 1 1 1 1 1 1 1 1 1 1 1 1 1 1 1 1 1 1 1 1  )
                                ( 1 1 1 1 1 1 1 1 1 1 1 1 1 1 1 1 1 1 1 1 1 1 1 1 1 1 1 1 1 1 1 1  )
                                ( 1 1 1 1 1 1 1 1 1 1 1 1 1 1 1 1 1 1 1 1 1 1 1 1 1 1 1 1 1 1 1 1  )
                                ( 1 1 1 1 1 1 1 1 1 1 1 1 1 1 1 1 1 1 1 1 1 1 1 1 1 1 1 1 1 1 1 1  )
                                ( 1 1 1 1 1 1 1 1 1 1 1 1 1 1 1 1 1 1 1 1 1 1 1 1 1 1 1 1 1 1 1 1  )
                                ( 1 1 1 1 1 1 1 1 1 1 1 1 1 1 1 1 1 1 1 1 1 1 1 1 1 1 1 1 1 1 1 1  )
                                ( 1 1 1 1 1 1 1 1 1 1 1 1 1 1 1 1 1 1 1 1 1 1 1 1 1 1 1 1 1 1 1 1  )
                                ( 1 1 1 1 1 1 1 1 1 1 1 1 1 1 1 1 1 1 1 1 1 1 1 1 1 1 1 1 1 1 1 1  )
                                ( 1 1 1 1 1 1 1 1 1 1 1 1 1 1 1 1 1 1 1 1 1 1 1 1 1 1 1 1 1 1 1 1  )
                                ( 1 1 1 1 1 1 1 1 1 1 1 1 1 1 1 1 1 1 1 1 1 1 1 1 1 1 1 1 1 1 1 1  )
                                ( 1 1 1 1 1 1 1 1 1 1 1 1 1 1 1 1 1 1 1 1 1 1 1 1 1 1 1 1 1 1 1 1  )
                                ( 1 1 1 1 1 1 1 1 1 1 1 1 1 1 1 1 1 1 1 1 1 1 1 1 1 1 1 1 1 1 1 1  )
                                ( 1 1 1 1 1 1 1 1 1 1 1 1 1 1 1 1 1 1 1 1 1 1 1 1 1 1 1 1 1 1 1 1  )
                                ( 1 1 1 1 1 1 1 1 1 1 1 1 1 1 1 1 1 1 1 1 1 1 1 1 1 1 1 1 1 1 1 1  )
                                ( 1 1 1 1 1 1 1 1 1 1 1 1 1 1 1 1 1 1 1 1 1 1 1 1 1 1 1 1 1 1 1 1  )
                                ( 1 1 1 1 1 1 1 1 1 1 1 1 1 1 1 1 1 1 1 1 1 1 1 1 1 1 1 1 1 1 1 1  )
                                ( 1 1 1 1 1 1 1 1 1 1 1 1 1 1 1 1 1 1 1 1 1 1 1 1 1 1 1 1 1 1 1 1  )
                                ( 1 1 1 1 1 1 1 1 1 1 1 1 1 1 1 1 1 1 1 1 1 1 1 1 1 1 1 1 1 1 1 1  )
                                ( 1 1 1 1 1 1 1 1 1 1 1 1 1 1 1 1 1 1 1 1 1 1 1 1 1 1 1 1 1 1 1 1  )
                                ( 1 1 1 1 1 1 1 1 1 1 1 1 1 1 1 1 1 1 1 1 1 1 1 1 1 1 1 1 1 1 1 1  )
                                ( 1 1 1 1 1 1 1 1 1 1 1 1 1 1 1 1 1 1 1 1 1 1 1 1 1 1 1 1 1 1 1 1  )
                                ( 1 1 1 1 1 1 1 1 1 1 1 1 1 1 1 1 1 1 1 1 1 1 1 1 1 1 1 1 1 1 1 1  )
                                ( 1 1 1 1 1 1 1 1 1 1 1 1 1 1 1 1 1 1 1 1 1 1 1 1 1 1 1 1 1 1 1 1  )
                                ( 1 1 1 1 1 1 1 1 1 1 1 1 1 1 1 1 1 1 1 1 1 1 1 1 1 1 1 1 1 1 1 1  )
                                ( 1 1 1 1 1 1 1 1 1 1 1 1 1 1 1 1 1 1 1 1 1 1 1 1 1 1 1 1 1 1 1 1  )
                                ( 1 1 1 1 1 1 1 1 1 1 1 1 1 1 1 1 1 1 1 1 1 1 1 1 1 1 1 1 1 1 1 1  )
                                ( 1 1 1 1 1 1 1 1 1 1 1 1 1 1 1 1 1 1 1 1 1 1 1 1 1 1 1 1 1 1 1 1  )
                                ( 1 1 1 1 1 1 1 1 1 1 1 1 1 1 1 1 1 1 1 1 1 1 1 1 1 1 1 1 1 1 1 1  ) ) )
 ( plot          stipple1     ( ( 0 1 0 1 0 1 0 1 0 1 0 1 0 1 0 1  )
                                ( 0 0 0 0 0 0 0 0 0 0 0 0 0 0 0 0  )
                                ( 0 1 0 1 0 1 0 1 0 1 0 1 0 1 0 1  )
                                ( 0 0 0 0 0 0 0 0 0 0 0 0 0 0 0 0  )
                                ( 0 1 0 1 0 1 0 1 0 1 0 1 0 1 0 1  )
                                ( 0 0 0 0 0 0 0 0 0 0 0 0 0 0 0 0  )
                                ( 0 1 0 1 0 1 0 1 0 1 0 1 0 1 0 1  )
                                ( 0 0 0 0 0 0 0 0 0 0 0 0 0 0 0 0  )
                                ( 0 1 0 1 0 1 0 1 0 1 0 1 0 1 0 1  )
                                ( 0 0 0 0 0 0 0 0 0 0 0 0 0 0 0 0  )
                                ( 0 1 0 1 0 1 0 1 0 1 0 1 0 1 0 1  )
                                ( 0 0 0 0 0 0 0 0 0 0 0 0 0 0 0 0  )
                                ( 0 1 0 1 0 1 0 1 0 1 0 1 0 1 0 1  )
                                ( 0 0 0 0 0 0 0 0 0 0 0 0 0 0 0 0  )
                                ( 0 1 0 1 0 1 0 1 0 1 0 1 0 1 0 1  )
                                ( 0 0 0 0 0 0 0 0 0 0 0 0 0 0 0 0  ) ) )
 ( plot          stipple2     ( ( 0 0 0 1 0 0 0 0 0 0 0 1 0 0 0 0  )
                                ( 0 0 0 1 0 0 0 0 0 0 0 1 0 0 0 0  )
                                ( 0 0 0 0 0 0 0 1 0 0 0 0 0 0 0 1  )
                                ( 0 0 0 0 0 0 0 1 0 0 0 0 0 0 0 1  )
                                ( 0 0 0 1 0 0 0 0 0 0 0 1 0 0 0 0  )
                                ( 0 0 0 1 0 0 0 0 0 0 0 1 0 0 0 0  )
                                ( 0 0 0 0 0 0 0 1 0 0 0 0 0 0 0 1  )
                                ( 0 0 0 0 0 0 0 1 0 0 0 0 0 0 0 1  )
                                ( 0 0 0 1 0 0 0 0 0 0 0 1 0 0 0 0  )
                                ( 0 0 0 1 0 0 0 0 0 0 0 1 0 0 0 0  )
                                ( 0 0 0 0 0 0 0 1 0 0 0 0 0 0 0 1  )
                                ( 0 0 0 0 0 0 0 1 0 0 0 0 0 0 0 1  )
                                ( 0 0 0 1 0 0 0 0 0 0 0 1 0 0 0 0  )
                                ( 0 0 0 1 0 0 0 0 0 0 0 1 0 0 0 0  )
                                ( 0 0 0 0 0 0 0 1 0 0 0 0 0 0 0 1  )
                                ( 0 0 0 0 0 0 0 1 0 0 0 0 0 0 0 1  ) ) )
 ( plot          stipple3     ( ( 0 1 0 0 0 1 0 0 0 1 0 0 0 1 0 0  )
                                ( 0 1 0 0 0 1 0 0 0 1 0 0 0 1 0 0  )
                                ( 0 1 0 0 0 1 0 0 0 1 0 0 0 1 0 0  )
                                ( 0 1 0 0 0 1 0 0 0 1 0 0 0 1 0 0  )
                                ( 0 0 1 0 0 0 1 0 0 0 1 0 0 0 1 0  )
                                ( 0 0 1 0 0 0 1 0 0 0 1 0 0 0 1 0  )
                                ( 0 0 1 0 0 0 1 0 0 0 1 0 0 0 1 0  )
                                ( 0 0 1 0 0 0 1 0 0 0 1 0 0 0 1 0  )
                                ( 0 1 0 0 0 1 0 0 0 1 0 0 0 1 0 0  )
                                ( 0 1 0 0 0 1 0 0 0 1 0 0 0 1 0 0  )
                                ( 0 1 0 0 0 1 0 0 0 1 0 0 0 1 0 0  )
                                ( 0 1 0 0 0 1 0 0 0 1 0 0 0 1 0 0  )
                                ( 0 0 1 0 0 0 1 0 0 0 1 0 0 0 1 0  )
                                ( 0 0 1 0 0 0 1 0 0 0 1 0 0 0 1 0  )
                                ( 0 0 1 0 0 0 1 0 0 0 1 0 0 0 1 0  )
                                ( 0 0 1 0 0 0 1 0 0 0 1 0 0 0 1 0  ) ) )
 ( plot          stipple4     ( ( 0 1 0 0 0 1 0 0 0 1 0 0 0 1 0 0  )
                                ( 0 0 1 0 0 0 1 0 0 0 1 0 0 0 1 0  )
                                ( 0 0 0 1 0 0 0 1 0 0 0 1 0 0 0 1  )
                                ( 1 0 0 0 1 0 0 0 1 0 0 0 1 0 0 0  )
                                ( 0 1 0 0 0 1 0 0 0 1 0 0 0 1 0 0  )
                                ( 0 0 1 0 0 0 1 0 0 0 1 0 0 0 1 0  )
                                ( 0 0 0 1 0 0 0 1 0 0 0 1 0 0 0 1  )
                                ( 1 0 0 0 1 0 0 0 1 0 0 0 1 0 0 0  )
                                ( 0 1 0 0 0 1 0 0 0 1 0 0 0 1 0 0  )
                                ( 0 0 1 0 0 0 1 0 0 0 1 0 0 0 1 0  )
                                ( 0 0 0 1 0 0 0 1 0 0 0 1 0 0 0 1  )
                                ( 1 0 0 0 1 0 0 0 1 0 0 0 1 0 0 0  )
                                ( 0 1 0 0 0 1 0 0 0 1 0 0 0 1 0 0  )
                                ( 0 0 1 0 0 0 1 0 0 0 1 0 0 0 1 0  )
                                ( 0 0 0 1 0 0 0 1 0 0 0 1 0 0 0 1  )
                                ( 1 0 0 0 1 0 0 0 1 0 0 0 1 0 0 0  ) ) )
 ( plot          stipple5     ( ( 0 0 0 1 0 0 0 1 0 0 0 1 0 0 0 1  )
                                ( 0 0 1 0 0 0 1 0 0 0 1 0 0 0 1 0  )
                                ( 0 1 0 0 0 1 0 0 0 1 0 0 0 1 0 0  )
                                ( 1 0 0 0 1 0 0 0 1 0 0 0 1 0 0 0  )
                                ( 0 0 0 1 0 0 0 1 0 0 0 1 0 0 0 1  )
                                ( 0 0 1 0 0 0 1 0 0 0 1 0 0 0 1 0  )
                                ( 0 1 0 0 0 1 0 0 0 1 0 0 0 1 0 0  )
                                ( 1 0 0 0 1 0 0 0 1 0 0 0 1 0 0 0  )
                                ( 0 0 0 1 0 0 0 1 0 0 0 1 0 0 0 1  )
                                ( 0 0 1 0 0 0 1 0 0 0 1 0 0 0 1 0  )
                                ( 0 1 0 0 0 1 0 0 0 1 0 0 0 1 0 0  )
                                ( 1 0 0 0 1 0 0 0 1 0 0 0 1 0 0 0  )
                                ( 0 0 0 1 0 0 0 1 0 0 0 1 0 0 0 1  )
                                ( 0 0 1 0 0 0 1 0 0 0 1 0 0 0 1 0  )
                                ( 0 1 0 0 0 1 0 0 0 1 0 0 0 1 0 0  )
                                ( 1 0 0 0 1 0 0 0 1 0 0 0 1 0 0 0  ) ) )
 ( plot          stipple6     ( ( 0 0 0 0 0 0 0 1 0 0 0 0 0 0 0 1  )
                                ( 0 0 0 0 0 0 1 0 0 0 0 0 0 0 1 0  )
                                ( 0 0 0 0 0 1 0 0 0 0 0 0 0 1 0 0  )
                                ( 0 0 0 0 1 0 0 0 0 0 0 0 1 0 0 0  )
                                ( 0 0 0 1 0 0 0 0 0 0 0 1 0 0 0 0  )
                                ( 0 0 1 0 0 0 0 0 0 0 1 0 0 0 0 0  )
                                ( 0 1 0 0 0 0 0 0 0 1 0 0 0 0 0 0  )
                                ( 1 0 0 0 0 0 0 0 1 0 0 0 0 0 0 0  )
                                ( 0 0 0 0 0 0 0 1 0 0 0 0 0 0 0 1  )
                                ( 0 0 0 0 0 0 1 0 0 0 0 0 0 0 1 0  )
                                ( 0 0 0 0 0 1 0 0 0 0 0 0 0 1 0 0  )
                                ( 0 0 0 0 1 0 0 0 0 0 0 0 1 0 0 0  )
                                ( 0 0 0 1 0 0 0 0 0 0 0 1 0 0 0 0  )
                                ( 0 0 1 0 0 0 0 0 0 0 1 0 0 0 0 0  )
                                ( 0 1 0 0 0 0 0 0 0 1 0 0 0 0 0 0  )
                                ( 1 0 0 0 0 0 0 0 1 0 0 0 0 0 0 0  ) ) )
 ( plot          stipple7     ( ( 0 0 0 0 0 0 0 0 0 0 0 0 0 0 0 0  )
                                ( 0 0 0 0 0 0 0 0 0 0 0 0 0 0 0 0  )
                                ( 1 1 1 1 1 1 1 1 1 1 1 1 1 1 1 1  )
                                ( 0 0 0 0 0 0 0 0 0 0 0 0 0 0 0 0  )
                                ( 0 0 0 0 0 0 0 0 0 0 0 0 0 0 0 0  )
                                ( 0 0 0 0 0 0 0 0 0 0 0 0 0 0 0 0  )
                                ( 1 1 1 1 1 1 1 1 1 1 1 1 1 1 1 1  )
                                ( 0 0 0 0 0 0 0 0 0 0 0 0 0 0 0 0  )
                                ( 0 0 0 0 0 0 0 0 0 0 0 0 0 0 0 0  )
                                ( 0 0 0 0 0 0 0 0 0 0 0 0 0 0 0 0  )
                                ( 1 1 1 1 1 1 1 1 1 1 1 1 1 1 1 1  )
                                ( 0 0 0 0 0 0 0 0 0 0 0 0 0 0 0 0  )
                                ( 0 0 0 0 0 0 0 0 0 0 0 0 0 0 0 0  )
                                ( 0 0 0 0 0 0 0 0 0 0 0 0 0 0 0 0  )
                                ( 1 1 1 1 1 1 1 1 1 1 1 1 1 1 1 1  )
                                ( 0 0 0 0 0 0 0 0 0 0 0 0 0 0 0 0  ) ) )
 ( plot          stipple8     ( ( 1 0 0 0 0 0 0 0 1 0 0 0 0 0 0 0  )
                                ( 0 1 0 0 0 0 0 0 0 1 0 0 0 0 0 0  )
                                ( 0 0 1 0 0 0 0 0 0 0 1 0 0 0 0 0  )
                                ( 0 0 0 1 0 0 0 0 0 0 0 1 0 0 0 0  )
                                ( 0 0 0 0 1 0 0 0 0 0 0 0 1 0 0 0  )
                                ( 0 0 0 0 0 1 0 0 0 0 0 0 0 1 0 0  )
                                ( 0 0 0 0 0 0 1 0 0 0 0 0 0 0 1 0  )
                                ( 0 0 0 0 0 0 0 1 0 0 0 0 0 0 0 1  )
                                ( 1 0 0 0 0 0 0 0 1 0 0 0 0 0 0 0  )
                                ( 0 1 0 0 0 0 0 0 0 1 0 0 0 0 0 0  )
                                ( 0 0 1 0 0 0 0 0 0 0 1 0 0 0 0 0  )
                                ( 0 0 0 1 0 0 0 0 0 0 0 1 0 0 0 0  )
                                ( 0 0 0 0 1 0 0 0 0 0 0 0 1 0 0 0  )
                                ( 0 0 0 0 0 1 0 0 0 0 0 0 0 1 0 0  )
                                ( 0 0 0 0 0 0 1 0 0 0 0 0 0 0 1 0  )
                                ( 0 0 0 0 0 0 0 1 0 0 0 0 0 0 0 1  ) ) )
 ( plot          stipple9     ( ( 0 0 0 0 0 0 0 0 0 0 0 1 0 0 0 0  )
                                ( 0 0 0 0 0 0 0 0 0 0 1 0 0 0 0 0  )
                                ( 0 0 0 0 0 0 0 0 0 1 0 0 0 0 0 0  )
                                ( 0 0 0 0 0 0 0 0 1 0 0 0 0 0 0 0  )
                                ( 0 0 0 0 0 0 0 1 0 0 0 0 0 0 0 0  )
                                ( 0 0 0 0 0 0 1 0 0 0 0 0 0 0 0 0  )
                                ( 0 0 0 0 0 1 0 0 0 0 0 0 0 0 0 0  )
                                ( 0 0 0 0 1 0 0 0 0 0 0 0 0 0 0 0  )
                                ( 0 0 0 0 0 0 0 0 0 0 0 0 0 0 0 0  )
                                ( 0 0 0 0 0 0 0 0 0 0 0 0 0 0 0 0  )
                                ( 0 0 0 0 0 0 0 0 0 0 1 0 0 0 0 0  )
                                ( 0 0 0 0 0 0 0 0 0 1 0 0 0 0 0 0  )
                                ( 0 0 0 0 0 0 0 0 1 0 0 0 0 0 0 0  )
                                ( 0 0 0 0 0 0 0 1 0 0 0 0 0 0 0 0  )
                                ( 0 0 0 0 0 0 1 0 0 0 0 0 0 0 0 0  )
                                ( 0 0 0 0 0 1 0 0 0 0 0 0 0 0 0 0  ) ) )
 ( plot          stipple10    ( ( 1 0 0 0 1 0 0 0 1 0 0 0 1 0 0 0  )
                                ( 1 0 0 0 1 0 0 0 1 0 0 0 1 0 0 0  )
                                ( 1 0 0 0 1 0 0 0 1 0 0 0 1 0 0 0  )
                                ( 1 0 0 0 1 0 0 0 1 0 0 0 1 0 0 0  )
                                ( 1 0 0 0 1 0 0 0 1 0 0 0 1 0 0 0  )
                                ( 1 0 0 0 1 0 0 0 1 0 0 0 1 0 0 0  )
                                ( 1 0 0 0 1 0 0 0 1 0 0 0 1 0 0 0  )
                                ( 1 0 0 0 1 0 0 0 1 0 0 0 1 0 0 0  )
                                ( 1 0 0 0 1 0 0 0 1 0 0 0 1 0 0 0  )
                                ( 1 0 0 0 1 0 0 0 1 0 0 0 1 0 0 0  )
                                ( 1 0 0 0 1 0 0 0 1 0 0 0 1 0 0 0  )
                                ( 1 0 0 0 1 0 0 0 1 0 0 0 1 0 0 0  )
                                ( 1 0 0 0 1 0 0 0 1 0 0 0 1 0 0 0  )
                                ( 1 0 0 0 1 0 0 0 1 0 0 0 1 0 0 0  )
                                ( 1 0 0 0 1 0 0 0 1 0 0 0 1 0 0 0  )
                                ( 1 0 0 0 1 0 0 0 1 0 0 0 1 0 0 0  ) ) )
 ( plot          stipple11    ( ( 1 0 1 0 1 0 1 0 1 0 1 0 1 0 1 0  )
                                ( 1 0 1 0 1 0 1 0 1 0 1 0 1 0 1 0  )
                                ( 1 0 1 0 1 0 1 0 1 0 1 0 1 0 1 0  )
                                ( 1 0 1 0 1 0 1 0 1 0 1 0 1 0 1 0  )
                                ( 1 0 1 0 1 0 1 0 1 0 1 0 1 0 1 0  )
                                ( 1 0 1 0 1 0 1 0 1 0 1 0 1 0 1 0  )
                                ( 1 0 1 0 1 0 1 0 1 0 1 0 1 0 1 0  )
                                ( 1 0 1 0 1 0 1 0 1 0 1 0 1 0 1 0  )
                                ( 1 0 1 0 1 0 1 0 1 0 1 0 1 0 1 0  )
                                ( 1 0 1 0 1 0 1 0 1 0 1 0 1 0 1 0  )
                                ( 1 0 1 0 1 0 1 0 1 0 1 0 1 0 1 0  )
                                ( 1 0 1 0 1 0 1 0 1 0 1 0 1 0 1 0  )
                                ( 1 0 1 0 1 0 1 0 1 0 1 0 1 0 1 0  )
                                ( 1 0 1 0 1 0 1 0 1 0 1 0 1 0 1 0  )
                                ( 1 0 1 0 1 0 1 0 1 0 1 0 1 0 1 0  )
                                ( 1 0 1 0 1 0 1 0 1 0 1 0 1 0 1 0  ) ) )
 ( plot          stipple12    ( ( 1 0 0 0 1 0 0 0 1 0 0 0 1 0 0 0  )
                                ( 1 0 0 0 1 0 0 0 1 0 0 0 1 0 0 0  )
                                ( 0 0 0 1 0 0 0 1 0 0 0 1 0 0 0 1  )
                                ( 0 0 0 1 0 0 0 1 0 0 0 1 0 0 0 1  )
                                ( 1 0 0 0 1 0 0 0 1 0 0 0 1 0 0 0  )
                                ( 1 0 0 0 1 0 0 0 1 0 0 0 1 0 0 0  )
                                ( 0 0 0 1 0 0 0 1 0 0 0 1 0 0 0 1  )
                                ( 0 0 0 1 0 0 0 1 0 0 0 1 0 0 0 1  )
                                ( 1 0 0 0 1 0 0 0 1 0 0 0 1 0 0 0  )
                                ( 1 0 0 0 1 0 0 0 1 0 0 0 1 0 0 0  )
                                ( 0 0 0 1 0 0 0 1 0 0 0 1 0 0 0 1  )
                                ( 0 0 0 1 0 0 0 1 0 0 0 1 0 0 0 1  )
                                ( 1 0 0 0 1 0 0 0 1 0 0 0 1 0 0 0  )
                                ( 1 0 0 0 1 0 0 0 1 0 0 0 1 0 0 0  )
                                ( 0 0 0 1 0 0 0 1 0 0 0 1 0 0 0 1  )
                                ( 0 0 0 1 0 0 0 1 0 0 0 1 0 0 0 1  ) ) )
 ( plot          stipple13    ( ( 0 0 0 0 0 0 0 0 0 0 0 0 0 0 0 0  )
                                ( 0 0 1 0 0 1 0 0 0 0 1 0 0 1 0 0  )
                                ( 0 1 0 0 0 0 1 0 0 1 0 0 0 0 1 0  )
                                ( 0 0 0 0 0 0 0 0 0 0 0 0 0 0 0 0  )
                                ( 0 0 0 0 0 0 0 0 0 0 0 0 0 0 0 0  )
                                ( 0 1 0 0 0 0 1 0 0 1 0 0 0 0 1 0  )
                                ( 0 0 1 0 0 1 0 0 0 0 1 0 0 1 0 0  )
                                ( 0 0 0 0 0 0 0 0 0 0 0 0 0 0 0 0  )
                                ( 0 0 0 0 0 0 0 0 0 0 0 0 0 0 0 0  )
                                ( 0 0 1 0 0 1 0 0 0 0 1 0 0 1 0 0  )
                                ( 0 1 0 0 0 0 1 0 0 1 0 0 0 0 1 0  )
                                ( 0 0 0 0 0 0 0 0 0 0 0 0 0 0 0 0  )
                                ( 0 0 0 0 0 0 0 0 0 0 0 0 0 0 0 0  )
                                ( 0 1 0 0 0 0 1 0 0 1 0 0 0 0 1 0  )
                                ( 0 0 1 0 0 1 0 0 0 0 1 0 0 1 0 0  )
                                ( 0 0 0 0 0 0 0 0 0 0 0 0 0 0 0 0  ) ) )
 ( plot          stipple14    ( ( 0 0 0 0 0 0 0 0 0 0 0 0 0 0 0 0  )
                                ( 0 0 1 0 0 1 0 0 0 0 1 0 0 1 0 0  )
                                ( 0 1 0 0 0 0 1 0 0 1 0 0 0 0 1 0  )
                                ( 0 0 0 0 0 0 0 0 0 0 0 0 0 0 0 0  )
                                ( 0 0 0 0 0 0 0 0 0 0 0 0 0 0 0 0  )
                                ( 0 1 0 0 0 0 1 0 0 1 0 0 0 0 1 0  )
                                ( 0 0 1 0 0 1 0 0 0 0 1 0 0 1 0 0  )
                                ( 0 0 0 0 0 0 0 1 1 0 0 0 0 0 0 0  )
                                ( 0 0 0 0 0 0 0 1 1 0 0 0 0 0 0 0  )
                                ( 0 0 1 0 0 1 0 0 0 0 1 0 0 1 0 0  )
                                ( 0 1 0 0 0 0 1 0 0 1 0 0 0 0 1 0  )
                                ( 0 0 0 0 0 0 0 0 0 0 0 0 0 0 0 0  )
                                ( 0 0 0 0 0 0 0 0 0 0 0 0 0 0 0 0  )
                                ( 0 1 0 0 0 0 1 0 0 1 0 0 0 0 1 0  )
                                ( 0 0 1 0 0 1 0 0 0 0 1 0 0 1 0 0  )
                                ( 0 0 0 0 0 0 0 0 0 0 0 0 0 0 0 0  ) ) )
 ( plot          stipple15    ( ( 0 0 0 0 1 0 0 0 0 0 0 0 1 0 0 0  )
                                ( 0 0 0 0 0 1 0 0 0 0 0 0 0 1 0 0  )
                                ( 0 0 0 0 0 0 1 0 0 0 0 0 0 0 1 0  )
                                ( 0 0 0 0 0 0 0 1 0 0 0 0 0 0 0 1  )
                                ( 1 0 0 0 0 0 0 0 1 0 0 0 0 0 0 0  )
                                ( 0 1 0 0 0 0 0 0 0 1 0 0 0 0 0 0  )
                                ( 0 0 1 0 0 0 0 0 0 0 1 0 0 0 0 0  )
                                ( 0 0 0 1 0 0 0 0 0 0 0 1 0 0 0 0  )
                                ( 0 0 0 0 1 0 0 0 0 0 0 0 1 0 0 0  )
                                ( 0 0 0 0 0 1 0 0 0 0 0 0 0 1 0 0  )
                                ( 0 0 0 0 0 0 1 0 0 0 0 0 0 0 1 0  )
                                ( 0 0 0 0 0 0 0 1 0 0 0 0 0 0 0 1  )
                                ( 1 0 0 0 0 0 0 0 1 0 0 0 0 0 0 0  )
                                ( 0 1 0 0 0 0 0 0 0 1 0 0 0 0 0 0  )
                                ( 0 0 1 0 0 0 0 0 0 0 1 0 0 0 0 0  )
                                ( 0 0 0 1 0 0 0 0 0 0 0 1 0 0 0 0  ) ) )
)
drDefineLineStyle(
;( DisplayName   LineStyle    Size       Pattern   )
 ( plot          solid        1          (1 ) )
 ( plot          dashed       2          (1 1 1 1 1 1 0 0 1 1 1 1 1 1 0 0 1 1 ) )
 ( plot          dots         1          (1 0 0 ) )
 ( plot          dashDot      1          (1 1 1 0 0 1 0 0 ) )
 ( plot          shortDash    3          (1 1 0 0 ) )
 ( plot          doubleDash   1          (1 1 1 1 0 0 1 1 0 0 ) )
 ( plot          hidden       1          (1 0 0 0 ) )
 ( plot          thickLine    3          (1 1 1 ) )
 ( plot          lineStyle0   1          (1 1 1 1 1 1 1 1 1 1 1 1 1 1 1 1 1 1 1 1 1 1 1 1 1 1 1 1 1 1 1 1 ) )
 ( plot          lineStyle1   1          (1 1 1 1 0 0 0 0 1 1 1 1 0 0 0 0 ) )
 ( plot          lineStyle2   1          (1 0 0 1 1 0 0 1 1 0 0 1 1 0 0 1 ) )
 ( plot          lineStyle3   1          (0 0 1 0 0 0 1 0 0 0 1 0 0 0 1 0 ) )
 ( plot          lineStyle4   1          (0 1 1 1 0 1 1 1 0 1 1 1 0 1 1 1 ) )
 ( plot          lineStyle5   1          (1 0 1 0 1 0 1 0 1 0 1 0 1 0 1 0 ) )
 ( plot          lineStyle6   4          (1 1 0 0 1 1 0 0 1 1 0 0 1 1 0 0 ) )
 ( plot          lineStyle7   1          (1 1 0 1 1 1 0 1 1 1 0 1 1 1 0 1 ) )
 ( plot          lineStyle8   1          (0 0 0 1 0 0 0 1 0 0 0 1 0 0 0 1 ) )
 ( plot          lineStyle9   1          (0 0 1 1 0 0 1 1 0 0 1 1 0 0 1 1 ) )
 ( plot          lineStyle10  1          (0 0 0 1 1 0 0 0 0 0 0 1 1 0 0 0 ) )
 ( plot          line_w2      2          (1 1 1 1 1 1 1 1 ) )
)
drDefinePacket(
;( DisplayName  PacketName           Stipple    LineStyle  Fill       Outline    [FillStyle])
 ( plot         ACTIVE               stipple13  lineStyle0 pink       pink       outlineStipple)
 ( plot         BIT_LINE             stipple0   lineStyle0 orange     orange     solid     )
 ( plot         BL_drawn             x          lineStyle0 maroon     maroon     outlineStipple)
 ( plot         CAP_area             stipple0   lineStyle0 pink       pink       solid     )
 ( plot         CAP_impl             stipple0   lineStyle0 purple     purple     solid     )
 ( plot         CBM                  stipple14  dashed     green      green      outlineStipple)
 ( plot         COMP                 stipple4   thickLine  yellow     white      outlineStipple)
 ( plot         CONT                 solid      thickLine  white      white      solid     )
 ( plot         Cannotoccupy         blank      solid      red        red        outline   )
 ( plot         CannotoccupyBnd      blank      solid      red        red        outline   )
 ( plot         Canplace             blank      solid      cyan       cyan       outline   )
 ( plot         ESD                  stipple2   lineStyle0 cream      cream      outlineStipple)
 ( plot         FG_POLY              stipple0   lineStyle0 pink       pink       solid     )
 ( plot         FG_drawn             stipple5   lineStyle0 purple     purple     outlineStipple)
 ( plot         FIG                  blank      lineStyle0 green      gray       outline   )
 ( plot         Group                stipple2   solid      green      green      outlineStipple)
 ( plot         GroupLbl             stipple0   solid      green      green      solid     )
 ( plot         HV_BLK               stipple0   lineStyle0 brown      brown      solid     )
 ( plot         HV_drawn             stipple0   lineStyle1 violet     violet     solid     )
 ( plot         LDD                  stipple10  dashed     red        red        outlineStipple)
 ( plot         L_10                 x          lineStyle0 maroon     maroon     outlineStipple)
 ( plot         L_11                 stipple0   lineStyle0 orange     orange     solid     )
 ( plot         L_12                 stipple0   lineStyle0 pink       pink       solid     )
 ( plot         L_13                 stipple3   lineStyle0 cream      cream      outlineStipple)
 ( plot         L_14                 stipple0   lineStyle0 silver     silver     solid     )
 ( plot         L_15                 stipple8   lineStyle0 gray       gray       outlineStipple)
 ( plot         L_16                 stipple0   lineStyle0 cyan       cyan       solid     )
 ( plot         L_17                 stipple0   lineStyle0 pink       pink       solid     )
 ( plot         L_18                 stipple13  lineStyle0 orange     orange     outlineStipple)
 ( plot         L_19                 stipple2   lineStyle0 brown      brown      outlineStipple)
 ( plot         L_20                 stipple0   lineStyle0 tan        tan        solid     )
 ( plot         L_21                 stipple5   lineStyle0 cream      cream      outlineStipple)
 ( plot         L_22                 stipple15  lineStyle0 green      green      outlineStipple)
 ( plot         M1                   stipple5   lineStyle0 cyan       cyan       outlineStipple)
 ( plot         M2                   stipple1   lineStyle0 magenta    magenta    outlineStipple)
 ( plot         M3                   stipple8   lineStyle0 tan        tan        outlineStipple)
 ( plot         M4                   stipple9   line_w2    winColor1  winColor1  outlineStipple)
 ( plot         MAB                  stipple0   lineStyle3 winColor3  winColor3  solid     )
 ( plot         MCI                  stipple0   lineStyle0 cyan       cyan       solid     )
 ( plot         M_00                 stipple1   lineStyle0 violet     blue       outlineStipple)
 ( plot         M_48                 stipple5   lineStyle0 pink       magenta    outlineStipple)
 ( plot         M_52                 stipple0   lineStyle0 green      green      solid     )
 ( plot         M_54                 stipple0   lineStyle0 tan        tan        solid     )
 ( plot         M_56                 stipple0   lineStyle0 winColor3  winColor3  solid     )
 ( plot         M_58                 stipple5   lineStyle0 purple     purple     outlineStipple)
 ( plot         M_62                 x          lineStyle0 pink       pink       outlineStipple)
 ( plot         M_64                 stipple0   lineStyle0 cream      cream      solid     )
 ( plot         M_65                 stipple0   lineStyle0 cream      cream      solid     )
 ( plot         M_66                 stipple0   lineStyle1 winColor3  winColor3  solid     )
 ( plot         M_68                 stipple1   lineStyle0 yellow     yellow     outlineStipple)
 ( plot         "N+_impl"            blank      dashed     lime       lime       outline   )
 ( plot         NITRIDE              stipple2   lineStyle0 winColor5  winColor5  outlineStipple)
 ( plot         NLDD                 blank      lineStyle0 orange     orange     outline   )
 ( plot         NO_NLDD              stipple0   lineStyle0 pink       pink       solid     )
 ( plot         NO_SAL               stipple0   lineStyle0 cream      cream      solid     )
 ( plot         NWELL                blank      lineStyle1 green      green      outline   )
 ( plot         NWELLHV              stipple0   lineStyle0 gray       gray       solid     )
 ( plot         NWELL_HV             X          solid      yellow     yellow     X         )
 ( plot         "P+_impl"            blank      lineStyle1 white      white      outline   )
 ( plot         PAD_WIN              stipple0   lineStyle2 brown      brown      solid     )
 ( plot         PAD_area             x          solid      yellow     yellow     outlineStipple)
 ( plot         PER_area             stipple0   lineStyle9 slate      slate      solid     )
 ( plot         PFIELD               stipple0   lineStyle1 winColor3  winColor3  solid     )
 ( plot         PLDD                 stipple4   dashed     purple     purple     outlineStipple)
 ( plot         POLY                 stipple8   lineStyle0 red        red        outlineStipple)
 ( plot         POLY2                slash      lineStyle0 red        red        outlineStipple)
 ( plot         POLY_37              stipple0   lineStyle0 cyan       cyan       solid     )
 ( plot         POLY_42              slash      lineStyle0 red        red        outlineStipple)
 ( plot         PR_poly1             stipple0   lineStyle0 brown      brown      solid     )
 ( plot         PWELL                blank      lineStyle0 green      green      outline   )
 ( plot         P_S                  blank      lineStyle0 green      gray       outline   )
 ( plot         RES_area             stipple0   lineStyle0 pink       pink       solid     )
 ( plot         ROWDEC               blank      lineStyle0 cream      cream      outline   )
 ( plot         Row                  blank      solid      cyan       cyan       outline   )
 ( plot         RowLbl               blank      solid      cyan       cyan       outline   )
 ( plot         SAE                  stipple2   lineStyle0 orange     orange     outlineStipple)
 ( plot         SAL                  stipple0   lineStyle0 cream      cream      solid     )
 ( plot         "SHV-N+DR"           stipple5   lineStyle0 cream      cream      outlineStipple)
 ( plot         Unrouted             stipple0   solid      gray       gray       solid     )
 ( plot         Unrouted1            stipple0   solid      brown      brown      solid     )
 ( plot         Unrouted2            stipple0   solid      red        red        solid     )
 ( plot         Unrouted3            stipple0   solid      orange     orange     solid     )
 ( plot         Unrouted4            stipple0   solid      yellow     yellow     solid     )
 ( plot         Unrouted5            stipple0   solid      green      green      solid     )
 ( plot         Unrouted6            stipple0   solid      blue       blue       solid     )
 ( plot         Unrouted7            stipple0   solid      purple     purple     solid     )
 ( plot         Unrouted8            stipple0   solid      gold       gold       solid     )
 ( plot         Unrouted9            stipple0   solid      silver     silver     solid     )
 ( plot         VIA                  blank      lineStyle6 white      white      outline   )
 ( plot         VIA2                 stipple13  lineStyle0 white      white      outlineStipple)
 ( plot         VIA3                 stipple3   lineStyle7 forest     forest     outlineStipple)
 ( plot         WIN_1                stipple2   lineStyle0 blue       blue       outlineStipple)
 ( plot         WIN_2                stipple5   lineStyle0 cream      cream      outlineStipple)
 ( plot         ZERO                 stipple1   lineStyle0 violet     blue       outlineStipple)
 ( plot         align                stipple0   solid      tan        tan        solid     )
 ( plot         annotate             stipple4   solid      red        white      outlineStipple)
 ( plot         annotate1            stipple1   solid      yellow     white      outlineStipple)
 ( plot         annotate2            blank      dashed     purple     purple     outline   )
 ( plot         annotate3            blank      shortDash  white      white      outline   )
 ( plot         annotate4            blank      thickLine  white      white      outline   )
 ( plot         annotate5            blank      dashed     white      white      outline   )
 ( plot         annotate6            blank      solid      silver     silver     outline   )
 ( plot         annotate7            blank      thickLine  pink       pink       outline   )
 ( plot         annotate8            blank      thickLine  tan        tan        outline   )
 ( plot         annotate9            blank      solid      green      green      outline   )
 ( plot         axis                 stipple0   solid      slate      slate      solid     )
 ( plot         background           stipple1   lineStyle0 black      black      outlineStipple)
 ( plot         border               stipple0   solid      tan        tan        solid     )
 ( plot         capacit              stipple0   lineStyle0 cream      cream      solid     )
 ( plot         cell_bnd             stipple0   lineStyle8 winColor1  winColor1  solid     )
 ( plot         cell_txt             stipple0   lineStyle0 yellow     yellow     solid     )
 ( plot         changedLayerTl0      stipple0   solid      red        red        solid     )
 ( plot         changedLayerTl1      stipple0   solid      yellow     yellow     solid     )
 ( plot         defaultPacket        blank      solid      white      yellow     outline   )
 ( plot         designFlow           stipple1   lineStyle0 green      green      outlineStipple)
 ( plot         designFlow1          stipple1   lineStyle0 red        red        outlineStipple)
 ( plot         designFlow2          stipple1   lineStyle0 purple     purple     outlineStipple)
 ( plot         designFlow3          stipple1   lineStyle0 pink       pink       outlineStipple)
 ( plot         designFlow4          stipple1   lineStyle0 black      black      outlineStipple)
 ( plot         designFlow5          stipple1   lineStyle0 silver     silver     outlineStipple)
 ( plot         designFlow6          stipple1   lineStyle0 tan        tan        outlineStipple)
 ( plot         designFlow7          stipple1   lineStyle0 cyan       cyan       outlineStipple)
 ( plot         designFlow8          stipple1   lineStyle0 navy       navy       outlineStipple)
 ( plot         designFlow9          stipple1   lineStyle0 orange     orange     outlineStipple)
 ( plot         device               stipple0   solid      green      green      solid     )
 ( plot         device1              stipple1   lineStyle0 green      green      outlineStipple)
 ( plot         device2              stipple0   dashed     green      green      solid     )
 ( plot         deviceAnt            stipple0   solid      yellow     yellow     solid     )
 ( plot         deviceLbl            stipple0   solid      green      green      solid     )
 ( plot         drc_win              stipple0   lineStyle0 cream      cream      solid     )
 ( plot         drc_win1             stipple0   lineStyle0 cream      cream      solid     )
 ( plot         drc_win2             stipple0   lineStyle0 cream      cream      solid     )
 ( plot         drc_win3             stipple0   lineStyle0 cream      cream      solid     )
 ( plot         drcerr               stipple0   lineStyle0 orange     orange     solid     )
 ( plot         drive                stipple0   solid      blue       blue       solid     )
 ( plot         dummy                blank      lineStyle0 violet     violet     outline   )
 ( plot         dummyM1              blank      lineStyle0 green      gray       outline   )
 ( plot         edgeLayer            stipple0   solid      gray       gray       solid     )
 ( plot         edgeLayerPin         stipple0   solid      yellow     yellow     solid     )
 ( plot         fd_m1_prt            stipple0   lineStyle1 violet     violet     solid     )
 ( plot         fd_m2_prt            stipple0   lineStyle1 winColor3  winColor3  solid     )
 ( plot         fd_m3                stipple0   lineStyle1 tan        tan        solid     )
 ( plot         fd_m3_prt            stipple0   lineStyle1 tan        tan        solid     )
 ( plot         fd_txt               stipple0   lineStyle0 winColor5  winColor5  solid     )
 ( plot         fd_via               stipple0   lineStyle1 pink       pink       solid     )
 ( plot         fd_via2              stipple0   lineStyle1 white      white      solid     )
 ( plot         gateTxtSc            stipple0   lineStyle0 cream      cream      solid     )
 ( plot         gate_txt             stipple0   lineStyle0 tan        tan        solid     )
 ( plot         grid                 blank      solid      white      white      outline   )
 ( plot         grid1                stipple5   solid      cyan       white      outlineStipple)
 ( plot         hardFence            blank      solid      red        red        outline   )
 ( plot         hilite               stipple0   solid      white      white      solid     )
 ( plot         hilite1              stipple0   solid      silver     silver     solid     )
 ( plot         hilite2              stipple0   solid      tan        tan        solid     )
 ( plot         hilite3              stipple0   solid      cyan       cyan       solid     )
 ( plot         hilite4              stipple0   solid      gray       gray       solid     )
 ( plot         hilite5              stipple0   solid      lime       lime       solid     )
 ( plot         hilite6              stipple0   solid      orange     orange     solid     )
 ( plot         hilite7              stipple0   solid      cream      cream      solid     )
 ( plot         hilite8              stipple0   solid      magenta    magenta    solid     )
 ( plot         hilite9              stipple0   solid      pink       pink       solid     )
 ( plot         hiz                  stipple0   solid      orange     orange     solid     )
 ( plot         inst_txt             stipple0   lineStyle0 silver     silver     solid     )
 ( plot         instance             blank      thickLine  white      white      outline   )
 ( plot         instanceLbl          backSlash  solid      magenta    white      outlineStipple)
 ( plot         m1_chanel            stipple0   lineStyle10 violet     violet     solid     )
 ( plot         m1_lgn               stipple0   lineStyle0 cream      cream      solid     )
 ( plot         m1_phi1              stipple0   lineStyle9 slate      slate      solid     )
 ( plot         m1_phi2              stipple0   lineStyle2 brown      brown      solid     )
 ( plot         m1_pnt               stipple0   lineStyle0 cream      cream      solid     )
 ( plot         m1_prt               stipple0   lineStyle0 violet     violet     solid     )
 ( plot         m1_txt               stipple0   lineStyle0 violet     violet     solid     )
 ( plot         m1_vcc               stipple3   lineStyle7 forest     forest     outlineStipple)
 ( plot         m1_vss               stipple9   lineStyle7 winColor1  winColor1  outlineStipple)
 ( plot         m2_chanel            stipple0   lineStyle10 winColor3  winColor3  solid     )
 ( plot         m2_lgn               stipple0   lineStyle0 cream      cream      solid     )
 ( plot         m2_phi1              stipple0   lineStyle0 winColor5  winColor5  solid     )
 ( plot         m2_phi2              stipple0   lineStyle0 orange     orange     solid     )
 ( plot         m2_pnt               stipple0   lineStyle0 cream      cream      solid     )
 ( plot         m2_prt               stipple0   lineStyle0 winColor3  winColor3  solid     )
 ( plot         m2_txt               stipple0   lineStyle0 winColor3  winColor3  solid     )
 ( plot         m2_vcc               stipple3   lineStyle0 green      green      outlineStipple)
 ( plot         m2_vss               stipple9   lineStyle0 tan        tan        outlineStipple)
 ( plot         m3_chanel            stipple0   lineStyle10 tan        tan        solid     )
 ( plot         m3_lgn               stipple0   lineStyle0 cream      cream      solid     )
 ( plot         m3_phi1              stipple0   lineStyle9 winColor5  winColor5  solid     )
 ( plot         m3_phi2              stipple0   lineStyle6 winColor3  winColor3  solid     )
 ( plot         m3_pnt               stipple0   lineStyle0 cream      cream      solid     )
 ( plot         m3_prt               stipple0   lineStyle0 tan        tan        solid     )
 ( plot         m3_txt               stipple0   lineStyle4 tan        tan        solid     )
 ( plot         m3_vcc               stipple12  lineStyle0 cream      cream      outlineStipple)
 ( plot         m3_vss               stipple9   lineStyle0 cream      cream      outlineStipple)
 ( plot         markerErr            x          solid      white      white      outlineStipple)
 ( plot         markerWarn           x          solid      yellow     yellow     outlineStipple)
 ( plot         mksc_txt             stipple0   lineStyle0 cream      cream      solid     )
 ( plot         pin                  stipple1   lineStyle0 red        red        outlineStipple)
 ( plot         pinAnt               stipple0   solid      red        red        solid     )
 ( plot         pinLbl               stipple0   solid      red        red        solid     )
 ( plot         pldd                 stipple0   lineStyle0 gray       gray       solid     )
 ( plot         poly_lgn             stipple0   lineStyle0 cream      cream      solid     )
 ( plot         poly_pnt             stipple0   lineStyle0 cream      cream      solid     )
 ( plot         poly_prt             stipple0   lineStyle0 brown      brown      solid     )
 ( plot         poly_res             stipple4   lineStyle0 tan        tan        outlineStipple)
 ( plot         poly_sp              stipple10  lineStyle0 white      white      outlineStipple)
 ( plot         poly_txt             stipple0   lineStyle0 tan        tan        solid     )
 ( plot         prBoundary           stipple0   solid      purple     purple     solid     )
 ( plot         prBoundaryBnd        blank      solid      orange     orange     outline   )
 ( plot         prBoundaryLbl        blank      thickLine  green      green      outline   )
 ( plot         prGrid               blank      lineStyle0 green      gray       outline   )
 ( plot         resist               stipple0   solid      cyan       cyan       solid     )
 ( plot         select               stipple0   solid      tan        tan        solid     )
 ( plot         snap                 stipple0   solid      yellow     yellow     solid     )
 ( plot         softFence            blank      solid      yellow     white      outline   )
 ( plot         sp_nwell             stipple0   lineStyle0 white      white      solid     )
 ( plot         spike                stipple0   solid      purple     purple     solid     )
 ( plot         stam                 x          lineStyle0 maroon     maroon     outlineStipple)
 ( plot         stretch              stipple0   solid      yellow     yellow     solid     )
 ( plot         supply               stipple0   solid      lime       lime       solid     )
 ( plot         tempdrc              stipple0   lineStyle0 magenta    magenta    solid     )
 ( plot         text                 blank      solid      white      white      outline   )
 ( plot         text1                stipple0   dashed     white      white      solid     )
 ( plot         text2                stipple1   solid      white      white      outlineStipple)
 ( plot         unknown              stipple0   solid      yellow     yellow     solid     )
 ( plot         unset                stipple0   solid      forest     forest     solid     )
 ( plot         wire                 stipple1   lineStyle0 cyan       cyan       outlineStipple)
 ( plot         wireFlt              stipple0   dashed     red        red        solid     )
 ( plot         wireLbl              stipple1   lineStyle0 cyan       cyan       outlineStipple)
 ( plot         y0                   stipple0   solid      gray       gray       solid     )
 ( plot         y1                   stipple0   solid      brown      brown      solid     )
 ( plot         y2                   stipple0   solid      red        red        solid     )
 ( plot         y3                   stipple0   solid      orange     orange     solid     )
 ( plot         y4                   stipple0   solid      yellow     yellow     solid     )
 ( plot         y5                   stipple0   solid      green      green      solid     )
 ( plot         y6                   stipple0   solid      blue       blue       solid     )
 ( plot         y7                   stipple0   solid      purple     purple     solid     )
 ( plot         y8                   stipple0   solid      gold       gold       solid     )
 ( plot         y9                   stipple0   solid      silver     silver     solid     )
)
