"/Q (modelFiles=ts18sl_scl_mat.lib:ff_18,mcparamset=5) X","/Q (modelFiles=ts18sl_scl_mat.lib:ff_18,mcparamset=5) Y","/Q (modelFiles=ts18sl_scl_mat.lib:ff_18,mcparamset=6) X","/Q (modelFiles=ts18sl_scl_mat.lib:ff_18,mcparamset=6) Y","/Q (modelFiles=ts18sl_scl_mat.lib:ff_18,mcparamset=7) X","/Q (modelFiles=ts18sl_scl_mat.lib:ff_18,mcparamset=7) Y","/Q (modelFiles=ts18sl_scl_mat.lib:ff_18,mcparamset=8) X","/Q (modelFiles=ts18sl_scl_mat.lib:ff_18,mcparamset=8) Y","/Q (modelFiles=ts18sl_scl_mat.lib:ff_18,mcparamset=9) X","/Q (modelFiles=ts18sl_scl_mat.lib:ff_18,mcparamset=9) Y","/Q (modelFiles=ts18sl_scl_mat.lib:ff_18,mcparamset=10) X","/Q (modelFiles=ts18sl_scl_mat.lib:ff_18,mcparamset=10) Y","/Q (modelFiles=ts18sl_scl_mat.lib:fs_18,mcparamset=1) X","/Q (modelFiles=ts18sl_scl_mat.lib:fs_18,mcparamset=1) Y","/Q (modelFiles=ts18sl_scl_mat.lib:fs_18,mcparamset=2) X","/Q (modelFiles=ts18sl_scl_mat.lib:fs_18,mcparamset=2) Y","/Q (modelFiles=ts18sl_scl_mat.lib:fs_18,mcparamset=3) X","/Q (modelFiles=ts18sl_scl_mat.lib:fs_18,mcparamset=3) Y","/Q (modelFiles=ts18sl_scl_mat.lib:fs_18,mcparamset=4) X","/Q (modelFiles=ts18sl_scl_mat.lib:fs_18,mcparamset=4) Y","/Q (modelFiles=ts18sl_scl_mat.lib:fs_18,mcparamset=5) X","/Q (modelFiles=ts18sl_scl_mat.lib:fs_18,mcparamset=5) Y","/Q (modelFiles=ts18sl_scl_mat.lib:fs_18,mcparamset=6) X","/Q (modelFiles=ts18sl_scl_mat.lib:fs_18,mcparamset=6) Y","/Q (modelFiles=ts18sl_scl_mat.lib:fs_18,mcparamset=7) X","/Q (modelFiles=ts18sl_scl_mat.lib:fs_18,mcparamset=7) Y","/Q (modelFiles=ts18sl_scl_mat.lib:fs_18,mcparamset=8) X","/Q (modelFiles=ts18sl_scl_mat.lib:fs_18,mcparamset=8) Y","/Q (modelFiles=ts18sl_scl_mat.lib:fs_18,mcparamset=9) X","/Q (modelFiles=ts18sl_scl_mat.lib:fs_18,mcparamset=9) Y","/Q (modelFiles=ts18sl_scl_mat.lib:fs_18,mcparamset=10) X","/Q (modelFiles=ts18sl_scl_mat.lib:fs_18,mcparamset=10) Y","/Q (modelFiles=ts18sl_scl_mat.lib:sf_18,mcparamset=1) X","/Q (modelFiles=ts18sl_scl_mat.lib:sf_18,mcparamset=1) Y","/Q (modelFiles=ts18sl_scl_mat.lib:sf_18,mcparamset=2) X","/Q (modelFiles=ts18sl_scl_mat.lib:sf_18,mcparamset=2) Y","/Q (modelFiles=ts18sl_scl_mat.lib:sf_18,mcparamset=3) X","/Q (modelFiles=ts18sl_scl_mat.lib:sf_18,mcparamset=3) Y","/Q (modelFiles=ts18sl_scl_mat.lib:sf_18,mcparamset=4) X","/Q (modelFiles=ts18sl_scl_mat.lib:sf_18,mcparamset=4) Y","/Q (modelFiles=ts18sl_scl_mat.lib:sf_18,mcparamset=5) X","/Q (modelFiles=ts18sl_scl_mat.lib:sf_18,mcparamset=5) Y","/Q (modelFiles=ts18sl_scl_mat.lib:sf_18,mcparamset=6) X","/Q (modelFiles=ts18sl_scl_mat.lib:sf_18,mcparamset=6) Y","/Q (modelFiles=ts18sl_scl_mat.lib:sf_18,mcparamset=7) X","/Q (modelFiles=ts18sl_scl_mat.lib:sf_18,mcparamset=7) Y","/Q (modelFiles=ts18sl_scl_mat.lib:sf_18,mcparamset=8) X","/Q (modelFiles=ts18sl_scl_mat.lib:sf_18,mcparamset=8) Y","/Q (modelFiles=ts18sl_scl_mat.lib:sf_18,mcparamset=9) X","/Q (modelFiles=ts18sl_scl_mat.lib:sf_18,mcparamset=9) Y","/Q (modelFiles=ts18sl_scl_mat.lib:sf_18,mcparamset=10) X","/Q (modelFiles=ts18sl_scl_mat.lib:sf_18,mcparamset=10) Y","/Q (modelFiles=ts18sl_scl_mat.lib:ss_18,mcparamset=1) X","/Q (modelFiles=ts18sl_scl_mat.lib:ss_18,mcparamset=1) Y","/Q (modelFiles=ts18sl_scl_mat.lib:ss_18,mcparamset=2) X","/Q (modelFiles=ts18sl_scl_mat.lib:ss_18,mcparamset=2) Y","/Q (modelFiles=ts18sl_scl_mat.lib:ss_18,mcparamset=3) X","/Q (modelFiles=ts18sl_scl_mat.lib:ss_18,mcparamset=3) Y","/Q (modelFiles=ts18sl_scl_mat.lib:ss_18,mcparamset=4) X","/Q (modelFiles=ts18sl_scl_mat.lib:ss_18,mcparamset=4) Y","/Q (modelFiles=ts18sl_scl_mat.lib:ss_18,mcparamset=5) X","/Q (modelFiles=ts18sl_scl_mat.lib:ss_18,mcparamset=5) Y","/Q (modelFiles=ts18sl_scl_mat.lib:ss_18,mcparamset=6) X","/Q (modelFiles=ts18sl_scl_mat.lib:ss_18,mcparamset=6) Y","/Q (modelFiles=ts18sl_scl_mat.lib:ss_18,mcparamset=7) X","/Q (modelFiles=ts18sl_scl_mat.lib:ss_18,mcparamset=7) Y","/Q (modelFiles=ts18sl_scl_mat.lib:ss_18,mcparamset=8) X","/Q (modelFiles=ts18sl_scl_mat.lib:ss_18,mcparamset=8) Y","/Q (modelFiles=ts18sl_scl_mat.lib:ss_18,mcparamset=9) X","/Q (modelFiles=ts18sl_scl_mat.lib:ss_18,mcparamset=9) Y","/Q (modelFiles=ts18sl_scl_mat.lib:ss_18,mcparamset=10) X","/Q (modelFiles=ts18sl_scl_mat.lib:ss_18,mcparamset=10) Y","/QB (modelFiles=ts18sl_scl_mat.lib:ff_18,mcparamset=1) X","/QB (modelFiles=ts18sl_scl_mat.lib:ff_18,mcparamset=1) Y","/QB (modelFiles=ts18sl_scl_mat.lib:ff_18,mcparamset=2) X","/QB (modelFiles=ts18sl_scl_mat.lib:ff_18,mcparamset=2) Y","/QB (modelFiles=ts18sl_scl_mat.lib:ff_18,mcparamset=3) X","/QB (modelFiles=ts18sl_scl_mat.lib:ff_18,mcparamset=3) Y","/QB (modelFiles=ts18sl_scl_mat.lib:ff_18,mcparamset=4) X","/QB (modelFiles=ts18sl_scl_mat.lib:ff_18,mcparamset=4) Y","/QB (modelFiles=ts18sl_scl_mat.lib:ff_18,mcparamset=5) X","/QB (modelFiles=ts18sl_scl_mat.lib:ff_18,mcparamset=5) Y","/QB (modelFiles=ts18sl_scl_mat.lib:ff_18,mcparamset=6) X","/QB (modelFiles=ts18sl_scl_mat.lib:ff_18,mcparamset=6) Y","/QB (modelFiles=ts18sl_scl_mat.lib:ff_18,mcparamset=7) X","/QB (modelFiles=ts18sl_scl_mat.lib:ff_18,mcparamset=7) Y","/QB (modelFiles=ts18sl_scl_mat.lib:ff_18,mcparamset=8) X","/QB (modelFiles=ts18sl_scl_mat.lib:ff_18,mcparamset=8) Y","/QB (modelFiles=ts18sl_scl_mat.lib:ff_18,mcparamset=9) X","/QB (modelFiles=ts18sl_scl_mat.lib:ff_18,mcparamset=9) Y","/QB (modelFiles=ts18sl_scl_mat.lib:ff_18,mcparamset=10) X","/QB (modelFiles=ts18sl_scl_mat.lib:ff_18,mcparamset=10) Y","/QB (modelFiles=ts18sl_scl_mat.lib:fs_18,mcparamset=1) X","/QB (modelFiles=ts18sl_scl_mat.lib:fs_18,mcparamset=1) Y","/QB (modelFiles=ts18sl_scl_mat.lib:fs_18,mcparamset=2) X","/QB (modelFiles=ts18sl_scl_mat.lib:fs_18,mcparamset=2) Y","/QB (modelFiles=ts18sl_scl_mat.lib:fs_18,mcparamset=3) X","/QB (modelFiles=ts18sl_scl_mat.lib:fs_18,mcparamset=3) Y","/QB (modelFiles=ts18sl_scl_mat.lib:fs_18,mcparamset=4) X","/QB (modelFiles=ts18sl_scl_mat.lib:fs_18,mcparamset=4) Y","/QB (modelFiles=ts18sl_scl_mat.lib:fs_18,mcparamset=5) X","/QB (modelFiles=ts18sl_scl_mat.lib:fs_18,mcparamset=5) Y","/QB (modelFiles=ts18sl_scl_mat.lib:fs_18,mcparamset=6) X","/QB (modelFiles=ts18sl_scl_mat.lib:fs_18,mcparamset=6) Y","/QB (modelFiles=ts18sl_scl_mat.lib:fs_18,mcparamset=7) X","/QB (modelFiles=ts18sl_scl_mat.lib:fs_18,mcparamset=7) Y","/QB (modelFiles=ts18sl_scl_mat.lib:fs_18,mcparamset=8) X","/QB (modelFiles=ts18sl_scl_mat.lib:fs_18,mcparamset=8) Y","/QB (modelFiles=ts18sl_scl_mat.lib:fs_18,mcparamset=9) X","/QB (modelFiles=ts18sl_scl_mat.lib:fs_18,mcparamset=9) Y","/QB (modelFiles=ts18sl_scl_mat.lib:fs_18,mcparamset=10) X","/QB (modelFiles=ts18sl_scl_mat.lib:fs_18,mcparamset=10) Y","/QB (modelFiles=ts18sl_scl_mat.lib:sf_18,mcparamset=1) X","/QB (modelFiles=ts18sl_scl_mat.lib:sf_18,mcparamset=1) Y","/QB (modelFiles=ts18sl_scl_mat.lib:sf_18,mcparamset=2) X","/QB (modelFiles=ts18sl_scl_mat.lib:sf_18,mcparamset=2) Y","/QB (modelFiles=ts18sl_scl_mat.lib:sf_18,mcparamset=3) X","/QB (modelFiles=ts18sl_scl_mat.lib:sf_18,mcparamset=3) Y","/QB (modelFiles=ts18sl_scl_mat.lib:sf_18,mcparamset=4) X","/QB (modelFiles=ts18sl_scl_mat.lib:sf_18,mcparamset=4) Y","/QB (modelFiles=ts18sl_scl_mat.lib:sf_18,mcparamset=5) X","/QB (modelFiles=ts18sl_scl_mat.lib:sf_18,mcparamset=5) Y","/QB (modelFiles=ts18sl_scl_mat.lib:sf_18,mcparamset=6) X","/QB (modelFiles=ts18sl_scl_mat.lib:sf_18,mcparamset=6) Y","/QB (modelFiles=ts18sl_scl_mat.lib:sf_18,mcparamset=7) X","/QB (modelFiles=ts18sl_scl_mat.lib:sf_18,mcparamset=7) Y","/QB (modelFiles=ts18sl_scl_mat.lib:sf_18,mcparamset=8) X","/QB (modelFiles=ts18sl_scl_mat.lib:sf_18,mcparamset=8) Y","/QB (modelFiles=ts18sl_scl_mat.lib:sf_18,mcparamset=9) X","/QB (modelFiles=ts18sl_scl_mat.lib:sf_18,mcparamset=9) Y","/QB (modelFiles=ts18sl_scl_mat.lib:sf_18,mcparamset=10) X","/QB (modelFiles=ts18sl_scl_mat.lib:sf_18,mcparamset=10) Y","/QB (modelFiles=ts18sl_scl_mat.lib:ss_18,mcparamset=1) X","/QB (modelFiles=ts18sl_scl_mat.lib:ss_18,mcparamset=1) Y","/QB (modelFiles=ts18sl_scl_mat.lib:ss_18,mcparamset=2) X","/QB (modelFiles=ts18sl_scl_mat.lib:ss_18,mcparamset=2) Y","/QB (modelFiles=ts18sl_scl_mat.lib:ss_18,mcparamset=3) X","/QB (modelFiles=ts18sl_scl_mat.lib:ss_18,mcparamset=3) Y","/QB (modelFiles=ts18sl_scl_mat.lib:ss_18,mcparamset=4) X","/QB (modelFiles=ts18sl_scl_mat.lib:ss_18,mcparamset=4) Y","/QB (modelFiles=ts18sl_scl_mat.lib:ss_18,mcparamset=5) X","/QB (modelFiles=ts18sl_scl_mat.lib:ss_18,mcparamset=5) Y","/QB (modelFiles=ts18sl_scl_mat.lib:ss_18,mcparamset=6) X","/QB (modelFiles=ts18sl_scl_mat.lib:ss_18,mcparamset=6) Y","/QB (modelFiles=ts18sl_scl_mat.lib:ss_18,mcparamset=7) X","/QB (modelFiles=ts18sl_scl_mat.lib:ss_18,mcparamset=7) Y","/QB (modelFiles=ts18sl_scl_mat.lib:ss_18,mcparamset=8) X","/QB (modelFiles=ts18sl_scl_mat.lib:ss_18,mcparamset=8) Y","/QB (modelFiles=ts18sl_scl_mat.lib:ss_18,mcparamset=9) X","/QB (modelFiles=ts18sl_scl_mat.lib:ss_18,mcparamset=9) Y","/QB (modelFiles=ts18sl_scl_mat.lib:ss_18,mcparamset=10) X","/QB (modelFiles=ts18sl_scl_mat.lib:ss_18,mcparamset=10) Y","/VIN (modelFiles=ts18sl_scl_mat.lib:ff_18,mcparamset=1) X","/VIN (modelFiles=ts18sl_scl_mat.lib:ff_18,mcparamset=1) Y","/VIN (modelFiles=ts18sl_scl_mat.lib:ff_18,mcparamset=2) X","/VIN (modelFiles=ts18sl_scl_mat.lib:ff_18,mcparamset=2) Y","/VIN (modelFiles=ts18sl_scl_mat.lib:ff_18,mcparamset=3) X","/VIN (modelFiles=ts18sl_scl_mat.lib:ff_18,mcparamset=3) Y","/VIN (modelFiles=ts18sl_scl_mat.lib:ff_18,mcparamset=4) X","/VIN (modelFiles=ts18sl_scl_mat.lib:ff_18,mcparamset=4) Y","/VIN (modelFiles=ts18sl_scl_mat.lib:ff_18,mcparamset=5) X","/VIN (modelFiles=ts18sl_scl_mat.lib:ff_18,mcparamset=5) Y","/VIN (modelFiles=ts18sl_scl_mat.lib:ff_18,mcparamset=6) X","/VIN (modelFiles=ts18sl_scl_mat.lib:ff_18,mcparamset=6) Y","/VIN (modelFiles=ts18sl_scl_mat.lib:ff_18,mcparamset=7) X","/VIN (modelFiles=ts18sl_scl_mat.lib:ff_18,mcparamset=7) Y","/VIN (modelFiles=ts18sl_scl_mat.lib:ff_18,mcparamset=8) X","/VIN (modelFiles=ts18sl_scl_mat.lib:ff_18,mcparamset=8) Y","/VIN (modelFiles=ts18sl_scl_mat.lib:ff_18,mcparamset=9) X","/VIN (modelFiles=ts18sl_scl_mat.lib:ff_18,mcparamset=9) Y","/VIN (modelFiles=ts18sl_scl_mat.lib:ff_18,mcparamset=10) X","/VIN (modelFiles=ts18sl_scl_mat.lib:ff_18,mcparamset=10) Y","/VIN (modelFiles=ts18sl_scl_mat.lib:fs_18,mcparamset=1) X","/VIN (modelFiles=ts18sl_scl_mat.lib:fs_18,mcparamset=1) Y","/VIN (modelFiles=ts18sl_scl_mat.lib:fs_18,mcparamset=2) X","/VIN (modelFiles=ts18sl_scl_mat.lib:fs_18,mcparamset=2) Y","/VIN (modelFiles=ts18sl_scl_mat.lib:fs_18,mcparamset=3) X","/VIN (modelFiles=ts18sl_scl_mat.lib:fs_18,mcparamset=3) Y","/VIN (modelFiles=ts18sl_scl_mat.lib:fs_18,mcparamset=4) X","/VIN (modelFiles=ts18sl_scl_mat.lib:fs_18,mcparamset=4) Y","/VIN (modelFiles=ts18sl_scl_mat.lib:fs_18,mcparamset=5) X","/VIN (modelFiles=ts18sl_scl_mat.lib:fs_18,mcparamset=5) Y","/VIN (modelFiles=ts18sl_scl_mat.lib:fs_18,mcparamset=6) X","/VIN (modelFiles=ts18sl_scl_mat.lib:fs_18,mcparamset=6) Y","/VIN (modelFiles=ts18sl_scl_mat.lib:fs_18,mcparamset=7) X","/VIN (modelFiles=ts18sl_scl_mat.lib:fs_18,mcparamset=7) Y","/VIN (modelFiles=ts18sl_scl_mat.lib:fs_18,mcparamset=8) X","/VIN (modelFiles=ts18sl_scl_mat.lib:fs_18,mcparamset=8) Y","/VIN (modelFiles=ts18sl_scl_mat.lib:fs_18,mcparamset=9) X","/VIN (modelFiles=ts18sl_scl_mat.lib:fs_18,mcparamset=9) Y","/VIN (modelFiles=ts18sl_scl_mat.lib:fs_18,mcparamset=10) X","/VIN (modelFiles=ts18sl_scl_mat.lib:fs_18,mcparamset=10) Y","/VIN (modelFiles=ts18sl_scl_mat.lib:sf_18,mcparamset=1) X","/VIN (modelFiles=ts18sl_scl_mat.lib:sf_18,mcparamset=1) Y","/VIN (modelFiles=ts18sl_scl_mat.lib:sf_18,mcparamset=2) X","/VIN (modelFiles=ts18sl_scl_mat.lib:sf_18,mcparamset=2) Y","/VIN (modelFiles=ts18sl_scl_mat.lib:sf_18,mcparamset=3) X","/VIN (modelFiles=ts18sl_scl_mat.lib:sf_18,mcparamset=3) Y","/VIN (modelFiles=ts18sl_scl_mat.lib:sf_18,mcparamset=4) X","/VIN (modelFiles=ts18sl_scl_mat.lib:sf_18,mcparamset=4) Y","/VIN (modelFiles=ts18sl_scl_mat.lib:sf_18,mcparamset=5) X","/VIN (modelFiles=ts18sl_scl_mat.lib:sf_18,mcparamset=5) Y","/VIN (modelFiles=ts18sl_scl_mat.lib:sf_18,mcparamset=6) X","/VIN (modelFiles=ts18sl_scl_mat.lib:sf_18,mcparamset=6) Y","/VIN (modelFiles=ts18sl_scl_mat.lib:sf_18,mcparamset=7) X","/VIN (modelFiles=ts18sl_scl_mat.lib:sf_18,mcparamset=7) Y","/VIN (modelFiles=ts18sl_scl_mat.lib:sf_18,mcparamset=8) X","/VIN (modelFiles=ts18sl_scl_mat.lib:sf_18,mcparamset=8) Y","/VIN (modelFiles=ts18sl_scl_mat.lib:sf_18,mcparamset=9) X","/VIN (modelFiles=ts18sl_scl_mat.lib:sf_18,mcparamset=9) Y","/VIN (modelFiles=ts18sl_scl_mat.lib:sf_18,mcparamset=10) X","/VIN (modelFiles=ts18sl_scl_mat.lib:sf_18,mcparamset=10) Y","/VIN (modelFiles=ts18sl_scl_mat.lib:ss_18,mcparamset=1) X","/VIN (modelFiles=ts18sl_scl_mat.lib:ss_18,mcparamset=1) Y","/VIN (modelFiles=ts18sl_scl_mat.lib:ss_18,mcparamset=2) X","/VIN (modelFiles=ts18sl_scl_mat.lib:ss_18,mcparamset=2) Y","/VIN (modelFiles=ts18sl_scl_mat.lib:ss_18,mcparamset=3) X","/VIN (modelFiles=ts18sl_scl_mat.lib:ss_18,mcparamset=3) Y","/VIN (modelFiles=ts18sl_scl_mat.lib:ss_18,mcparamset=4) X","/VIN (modelFiles=ts18sl_scl_mat.lib:ss_18,mcparamset=4) Y","/VIN (modelFiles=ts18sl_scl_mat.lib:ss_18,mcparamset=5) X","/VIN (modelFiles=ts18sl_scl_mat.lib:ss_18,mcparamset=5) Y","/VIN (modelFiles=ts18sl_scl_mat.lib:ss_18,mcparamset=6) X","/VIN (modelFiles=ts18sl_scl_mat.lib:ss_18,mcparamset=6) Y","/VIN (modelFiles=ts18sl_scl_mat.lib:ss_18,mcparamset=7) X","/VIN (modelFiles=ts18sl_scl_mat.lib:ss_18,mcparamset=7) Y","/VIN (modelFiles=ts18sl_scl_mat.lib:ss_18,mcparamset=8) X","/VIN (modelFiles=ts18sl_scl_mat.lib:ss_18,mcparamset=8) Y","/VIN (modelFiles=ts18sl_scl_mat.lib:ss_18,mcparamset=9) X","/VIN (modelFiles=ts18sl_scl_mat.lib:ss_18,mcparamset=9) Y","/VIN (modelFiles=ts18sl_scl_mat.lib:ss_18,mcparamset=10) X","/VIN (modelFiles=ts18sl_scl_mat.lib:ss_18,mcparamset=10) Y"
0,0.26118889,0,0.2421793,0,0.259806472,0,0.24769284,0,0.262177103,0,0.26141068,0,0.155771833,0,0.154141825,0,0.165353817,0,0.153228598,0,0.162506253,0,0.150309131,0,0.161333709,0,0.153975358,0,0.162957283,0,0.163305546,0,0.270426404,0,0.268212329,0,0.290630474,0,0.265466289,0,0.283428438,0,0.261150499,0,0.282184011,0,0.267440307,0,0.284835971,0,0.282812534,0,0.154143449,0,0.15250418,0,0.164544942,0,0.151430882,0,0.161321578,0,0.14845907,0,0.160179723,0,0.152280395,0,0.161860311,0,0.161943621,0,1.799999587,0,1.799999673,0,1.799999456,0,1.799999267,0,1.79999962,0,1.799999708,0,1.79999953,0,1.799999497,0,1.799999689,0,1.799999601,0,1.799999835,0,1.799999861,0,1.799999797,0,1.799999743,0,1.799999843,0,1.79999987,0,1.799999818,0,1.799999809,0,1.799999865,0,1.799999838,0,1.799999949,0,1.799999951,0,1.799999947,0,1.799999945,0,1.799999948,0,1.799999951,0,1.799999948,0,1.799999947,0,1.799999951,0,1.799999948,0,1.79999993,0,1.799999931,0,1.799999928,0,1.799999928,0,1.799999928,0,1.799999931,0,1.799999928,0,1.799999928,0,1.799999931,0,1.799999928,0,0,0,0,0,0,0,0,0,0,0,0,0,0,0,0,0,0,0,0,0,0,0,0,0,0,0,0,0,0,0,0,0,0,0,0,0,0,0,0,0,0,0,0,0,0,0,0,0,0,0,0,0,0,0,0,0,0,0,0,0,0,0,0,0,0,0,0,0,0,0,0,0,0,0,0,0,0,0,0
0.036,0.249378581,0.036,0.23114544,0.036,0.24797823,0.036,0.236466267,0.036,0.25027914,0.036,0.249761962,0.036,0.148114486,0.036,0.146515136,0.036,0.157187042,0.036,0.145691142,0.036,0.154542362,0.036,0.142843092,0.036,0.153376487,0.036,0.146377799,0.036,0.154948974,0.036,0.155403312,0.036,0.257247158,0.036,0.255052713,0.036,0.27617405,0.036,0.25256134,0.036,0.269545936,0.036,0.248337919,0.036,0.268258485,0.036,0.25437115,0.036,0.2708195,0.036,0.269193784,0.036,0.146052801,0.036,0.144445154,0.036,0.155849449,0.036,0.143480007,0.036,0.152872739,0.036,0.140585696,0.036,0.151733798,0.036,0.144257314,0.036,0.153356802,0.036,0.153576945,0.036,1.799998733,0.036,1.799999013,0.036,1.799998303,0.036,1.799997686,0.036,1.799998844,0.036,1.799999129,0.036,1.799998546,0.036,1.79999844,0.036,1.799999068,0.036,1.799998781,0.036,1.799999589,0.036,1.799999671,0.036,1.799999464,0.036,1.799999285,0.036,1.799999619,0.036,1.799999703,0.036,1.799999534,0.036,1.799999503,0.036,1.799999686,0.036,1.799999601,0.036,1.799999937,0.036,1.799999941,0.036,1.799999931,0.036,1.799999923,0.036,1.799999937,0.036,1.799999942,0.036,1.799999934,0.036,1.799999933,0.036,1.799999942,0.036,1.799999937,0.036,1.799999923,0.036,1.799999926,0.036,1.79999992,0.036,1.799999917,0.036,1.799999922,0.036,1.799999926,0.036,1.799999921,0.036,1.799999921,0.036,1.799999926,0.036,1.799999922,0.036,0.036,0.036,0.036,0.036,0.036,0.036,0.036,0.036,0.036,0.036,0.036,0.036,0.036,0.036,0.036,0.036,0.036,0.036,0.036,0.036,0.036,0.036,0.036,0.036,0.036,0.036,0.036,0.036,0.036,0.036,0.036,0.036,0.036,0.036,0.036,0.036,0.036,0.036,0.036,0.036,0.036,0.036,0.036,0.036,0.036,0.036,0.036,0.036,0.036,0.036,0.036,0.036,0.036,0.036,0.036,0.036,0.036,0.036,0.036,0.036,0.036,0.036,0.036,0.036,0.036,0.036,0.036,0.036,0.036,0.036,0.036,0.036,0.036,0.036,0.036,0.036,0.036,0.036,0.036
0.072,0.237837193,0.072,0.220352148,0.072,0.236422498,0.072,0.225486115,0.072,0.238655311,0.072,0.238370904,0.072,0.140598658,0.072,0.139030034,0.072,0.149180129,0.072,0.138291382,0.072,0.146729849,0.072,0.135513897,0.072,0.145571553,0.072,0.138920359,0.072,0.1470941,0.072,0.147648368,0.072,0.244425882,0.072,0.242253403,0.072,0.262154049,0.072,0.239999592,0.072,0.256059942,0.072,0.235868268,0.072,0.254735971,0.072,0.241655795,0.072,0.257209231,0.072,0.255948738,0.072,0.138136734,0.072,0.136560808,0.072,0.147354376,0.072,0.135698397,0.072,0.144612223,0.072,0.132880538,0.072,0.143477496,0.072,0.136406931,0.072,0.145044492,0.072,0.14539255,0.072,1.799995953,0.072,1.79999686,0.072,1.799994569,0.072,1.799992597,0.072,1.799996314,0.072,1.799997236,0.072,1.79999535,0.072,1.799995009,0.072,1.799997038,0.072,1.799996108,0.072,1.799998776,0.072,1.799999045,0.072,1.799998365,0.072,1.799997778,0.072,1.799998879,0.072,1.799999153,0.072,1.799998596,0.072,1.799998495,0.072,1.799999096,0.072,1.799998819,0.072,1.7999999,0.072,1.799999912,0.072,1.799999881,0.072,1.799999854,0.072,1.799999903,0.072,1.799999917,0.072,1.799999891,0.072,1.799999886,0.072,1.799999914,0.072,1.799999901,0.072,1.799999906,0.072,1.799999913,0.072,1.799999898,0.072,1.799999887,0.072,1.799999906,0.072,1.799999914,0.072,1.799999902,0.072,1.7999999,0.072,1.799999913,0.072,1.799999905,0.072,0.072,0.072,0.072,0.072,0.072,0.072,0.072,0.072,0.072,0.072,0.072,0.072,0.072,0.072,0.072,0.072,0.072,0.072,0.072,0.072,0.072,0.072,0.072,0.072,0.072,0.072,0.072,0.072,0.072,0.072,0.072,0.072,0.072,0.072,0.072,0.072,0.072,0.072,0.072,0.072,0.072,0.072,0.072,0.072,0.072,0.072,0.072,0.072,0.072,0.072,0.072,0.072,0.072,0.072,0.072,0.072,0.072,0.072,0.072,0.072,0.072,0.072,0.072,0.072,0.072,0.072,0.072,0.072,0.072,0.072,0.072,0.072,0.072,0.072,0.072,0.072,0.072,0.072,0.072
0.108,0.226562769,0.108,0.209798574,0.108,0.225137705,0.108,0.21475124,0.108,0.227303948,0.108,0.227237106,0.108,0.13322881,0.108,0.131691071,0.108,0.141337167,0.108,0.131033902,0.108,0.139072951,0.108,0.128326075,0.108,0.137923228,0.108,0.131607492,0.108,0.139396952,0.108,0.140045244,0.108,0.231956732,0.108,0.229808188,0.108,0.248559009,0.108,0.227776096,0.108,0.242962219,0.108,0.223736311,0.108,0.241607502,0.108,0.229288531,0.108,0.243996138,0.108,0.243071235,0.108,0.130399391,0.108,0.128855254,0.108,0.139062939,0.108,0.128090356,0.108,0.136543742,0.108,0.12534789,0.108,0.135414448,0.108,0.12873343,0.108,0.136926974,0.108,0.137394433,0.108,1.799987098,0.108,1.799989962,0.108,1.799982769,0.108,1.799976672,0.108,1.799988231,0.108,1.799991152,0.108,1.799985205,0.108,1.799984137,0.108,1.799990523,0.108,1.799987582,0.108,1.799996114,0.108,1.799996989,0.108,1.799994779,0.108,1.79999288,0.108,1.799996451,0.108,1.799997345,0.108,1.799995529,0.108,1.799995201,0.108,1.799997156,0.108,1.799996255,0.108,1.799999778,0.108,1.799999819,0.108,1.799999717,0.108,1.79999963,0.108,1.799999793,0.108,1.799999835,0.108,1.799999751,0.108,1.799999736,0.108,1.799999826,0.108,1.799999784,0.108,1.799999854,0.108,1.799999872,0.108,1.799999828,0.108,1.799999791,0.108,1.799999858,0.108,1.799999878,0.108,1.799999842,0.108,1.799999835,0.108,1.799999875,0.108,1.799999855,0.108,0.108,0.108,0.108,0.108,0.108,0.108,0.108,0.108,0.108,0.108,0.108,0.108,0.108,0.108,0.108,0.108,0.108,0.108,0.108,0.108,0.108,0.108,0.108,0.108,0.108,0.108,0.108,0.108,0.108,0.108,0.108,0.108,0.108,0.108,0.108,0.108,0.108,0.108,0.108,0.108,0.108,0.108,0.108,0.108,0.108,0.108,0.108,0.108,0.108,0.108,0.108,0.108,0.108,0.108,0.108,0.108,0.108,0.108,0.108,0.108,0.108,0.108,0.108,0.108,0.108,0.108,0.108,0.108,0.108,0.108,0.108,0.108,0.108,0.108,0.108,0.108,0.108,0.108,0.108
0.144,0.215550804,0.144,0.199482059,0.144,0.214120948,0.144,0.204258293,0.144,0.216221779,0.144,0.216358857,0.144,0.126008951,0.144,0.124502594,0.144,0.133661855,0.144,0.123922956,0.144,0.131575351,0.144,0.121283777,0.144,0.130435552,0.144,0.124443179,0.144,0.131861475,0.144,0.132598183,0.144,0.219834022,0.144,0.217711106,0.144,0.235378054,0.144,0.215886023,0.144,0.230244798,0.144,0.211937005,0.144,0.228864512,0.144,0.217263816,0.144,0.231171564,0.144,0.23055517,0.144,0.122844867,0.144,0.121332574,0.144,0.130978338,0.144,0.120660134,0.144,0.12867095,0.144,0.117992011,0.144,0.127548251,0.144,0.121240951,0.144,0.129007802,0.144,0.129586504,0.144,1.799959877,0.144,1.79996856,0.144,1.799946937,0.144,1.799929046,0.144,1.799963258,0.144,1.79997218,0.144,1.799954179,0.144,1.799950998,0.144,1.799970262,0.144,1.799961304,0.144,1.799987531,0.144,1.799990331,0.144,1.799983292,0.144,1.799977319,0.144,1.799988604,0.144,1.799991474,0.144,1.799985667,0.144,1.799984627,0.144,1.799990868,0.144,1.799987977,0.144,1.799999383,0.144,1.799999514,0.144,1.799999184,0.144,1.799998899,0.144,1.799999434,0.144,1.799999567,0.144,1.799999296,0.144,1.799999247,0.144,1.799999539,0.144,1.799999405,0.144,1.799999686,0.144,1.799999742,0.144,1.799999602,0.144,1.799999482,0.144,1.799999705,0.144,1.799999764,0.144,1.799999648,0.144,1.799999628,0.144,1.799999752,0.144,1.799999693,0.144,0.144,0.144,0.144,0.144,0.144,0.144,0.144,0.144,0.144,0.144,0.144,0.144,0.144,0.144,0.144,0.144,0.144,0.144,0.144,0.144,0.144,0.144,0.144,0.144,0.144,0.144,0.144,0.144,0.144,0.144,0.144,0.144,0.144,0.144,0.144,0.144,0.144,0.144,0.144,0.144,0.144,0.144,0.144,0.144,0.144,0.144,0.144,0.144,0.144,0.144,0.144,0.144,0.144,0.144,0.144,0.144,0.144,0.144,0.144,0.144,0.144,0.144,0.144,0.144,0.144,0.144,0.144,0.144,0.144,0.144,0.144,0.144,0.144,0.144,0.144,0.144,0.144,0.144,0.144
0.18,0.204791148,0.18,0.189395759,0.18,0.203366354,0.18,0.193998923,0.18,0.205401965,0.18,0.205731707,0.18,0.118941958,0.18,0.117468471,0.18,0.126156927,0.18,0.116961985,0.18,0.124239351,0.18,0.114390172,0.18,0.123111894,0.18,0.117430194,0.18,0.124490798,0.18,0.125310804,0.18,0.208052197,0.18,0.205956448,0.18,0.222600859,0.18,0.204324665,0.18,0.217899938,0.18,0.20046548,0.18,0.216498829,0.18,0.205576249,0.18,0.218727207,0.18,0.218394537,0.18,0.115477182,0.18,0.113996807,0.18,0.123103736,0.18,0.11341192,0.18,0.120997431,0.18,0.110817116,0.18,0.119882459,0.18,0.113933568,0.18,0.121290476,0.18,0.121972583,0.18,1.7998806,0.18,1.799905388,0.18,1.799844397,0.18,1.799795561,0.18,1.799890017,0.18,1.799915753,0.18,1.799864497,0.18,1.799855641,0.18,1.799910241,0.18,1.799884496,0.18,1.799960651,0.18,1.799969322,0.18,1.799947686,0.18,1.79992971,0.18,1.799963919,0.18,1.799972866,0.18,1.799954913,0.18,1.799951742,0.18,1.799970983,0.18,1.799961989,0.18,1.799998101,0.18,1.799998522,0.18,1.799997459,0.18,1.799996542,0.18,1.799998266,0.18,1.799998695,0.18,1.799997821,0.18,1.799997662,0.18,1.799998604,0.18,1.799998171,0.18,1.799999143,0.18,1.799999323,0.18,1.799998869,0.18,1.799998481,0.18,1.799999208,0.18,1.799999394,0.18,1.799999021,0.18,1.799998955,0.18,1.799999356,0.18,1.799999168,0.18,0.18,0.18,0.18,0.18,0.18,0.18,0.18,0.18,0.18,0.18,0.18,0.18,0.18,0.18,0.18,0.18,0.18,0.18,0.18,0.18,0.18,0.18,0.18,0.18,0.18,0.18,0.18,0.18,0.18,0.18,0.18,0.18,0.18,0.18,0.18,0.18,0.18,0.18,0.18,0.18,0.18,0.18,0.18,0.18,0.18,0.18,0.18,0.18,0.18,0.18,0.18,0.18,0.18,0.18,0.18,0.18,0.18,0.18,0.18,0.18,0.18,0.18,0.18,0.18,0.18,0.18,0.18,0.18,0.18,0.18,0.18,0.18,0.18,0.18,0.18,0.18,0.18,0.18,0.18
0.216,0.194261875,0.216,0.179523725,0.216,0.192861347,0.216,0.183954174,0.216,0.194829785,0.216,0.195345118,0.216,0.112027881,0.216,0.110591339,0.216,0.118822684,0.216,0.110152365,0.216,0.117063856,0.216,0.107645934,0.216,0.11595392,0.216,0.1105683,0.216,0.117285981,0.216,0.118185192,0.216,0.196605707,0.216,0.194538743,0.216,0.210217524,0.216,0.193087364,0.216,0.205919954,0.216,0.189316917,0.216,0.20450262,0.216,0.194220418,0.216,0.206655051,0.216,0.206583417,0.216,0.108300245,0.216,0.106851935,0.216,0.11544223,0.216,0.106349809,0.216,0.113526634,0.216,0.103827331,0.216,0.112420565,0.216,0.106815242,0.216,0.113778419,0.216,0.114556379,0.216,1.799665943,0.216,1.7997314,0.216,1.799572608,0.216,1.799450188,0.216,1.799689944,0.216,1.799758796,0.216,1.799623909,0.216,1.799601233,0.216,1.799744144,0.216,1.799675575,0.216,1.799880226,0.216,1.799905736,0.216,1.799842778,0.216,1.799792038,0.216,1.79988959,0.216,1.79991617,0.216,1.799863492,0.216,1.799854379,0.216,1.799910605,0.216,1.799883972,0.216,1.799993989,0.216,1.799995331,0.216,1.799991951,0.216,1.799989064,0.216,1.799994513,0.216,1.799995883,0.216,1.799993097,0.216,1.799992595,0.216,1.799995591,0.216,1.79999421,0.216,1.799997382,0.216,1.799997963,0.216,1.799996501,0.216,1.799995253,0.216,1.799997597,0.216,1.799998195,0.216,1.799996993,0.216,1.799996777,0.216,1.799998072,0.216,1.799997468,0.216,0.216,0.216,0.216,0.216,0.216,0.216,0.216,0.216,0.216,0.216,0.216,0.216,0.216,0.216,0.216,0.216,0.216,0.216,0.216,0.216,0.216,0.216,0.216,0.216,0.216,0.216,0.216,0.216,0.216,0.216,0.216,0.216,0.216,0.216,0.216,0.216,0.216,0.216,0.216,0.216,0.216,0.216,0.216,0.216,0.216,0.216,0.216,0.216,0.216,0.216,0.216,0.216,0.216,0.216,0.216,0.216,0.216,0.216,0.216,0.216,0.216,0.216,0.216,0.216,0.216,0.216,0.216,0.216,0.216,0.216,0.216,0.216,0.216,0.216,0.216,0.216,0.216,0.216,0.216
0.252,0.183918566,0.252,0.169832066,0.252,0.182579516,0.252,0.174084596,0.252,0.184474642,0.252,0.185175952,0.252,0.105260275,0.252,0.10387074,0.252,0.111653706,0.252,0.103490544,0.252,0.11004016,0.252,0.101045901,0.252,0.108959141,0.252,0.103850399,0.252,0.11024315,0.252,0.111219706,0.252,0.185488511,0.252,0.183452582,0.252,0.198218146,0.252,0.182169177,0.252,0.194296592,0.252,0.178486118,0.252,0.192868123,0.252,0.183190361,0.252,0.19494702,0.252,0.195115784,0.252,0.101317714,0.252,0.099901835,0.252,0.107996732,0.252,0.099477712,0.252,0.106261716,0.252,0.097026579,0.252,0.105165923,0.252,0.099889676,0.252,0.106474877,0.252,0.107341434,0.252,1.79913103,0.252,1.799289956,0.252,1.798909753,0.252,1.79862717,0.252,1.799186718,0.252,1.799356217,0.252,1.799030028,0.252,1.79897671,0.252,1.799320546,0.252,1.799152462,0.252,1.799654768,0.252,1.799724685,0.252,1.7995545,0.252,1.799422411,0.252,1.799679443,0.252,1.799753249,0.252,1.799609382,0.252,1.799585161,0.252,1.799737925,0.252,1.799664281,0.252,1.799981087,0.252,1.79998526,0.252,1.799974814,0.252,1.799966042,0.252,1.7999827,0.252,1.79998698,0.252,1.799978328,0.252,1.799976787,0.252,1.799986069,0.252,1.799981763,0.252,1.799991737,0.252,1.79999359,0.252,1.79998894,0.252,1.799985012,0.252,1.799992419,0.252,1.799994332,0.252,1.799990498,0.252,1.799989816,0.252,1.799993937,0.252,1.799992009,0.252,0.252,0.252,0.252,0.252,0.252,0.252,0.252,0.252,0.252,0.252,0.252,0.252,0.252,0.252,0.252,0.252,0.252,0.252,0.252,0.252,0.252,0.252,0.252,0.252,0.252,0.252,0.252,0.252,0.252,0.252,0.252,0.252,0.252,0.252,0.252,0.252,0.252,0.252,0.252,0.252,0.252,0.252,0.252,0.252,0.252,0.252,0.252,0.252,0.252,0.252,0.252,0.252,0.252,0.252,0.252,0.252,0.252,0.252,0.252,0.252,0.252,0.252,0.252,0.252,0.252,0.252,0.252,0.252,0.252,0.252,0.252,0.252,0.252,0.252,0.252,0.252,0.252,0.252,0.252
0.288,0.173675685,0.288,0.160253699,0.288,0.172468304,0.288,0.164313125,0.288,0.174276308,0.288,0.175177145,0.288,0.098619503,0.288,0.097299167,0.288,0.104632612,0.288,0.09696254,0.288,0.103144389,0.288,0.094572859,0.288,0.102115972,0.288,0.097255572,0.288,0.103347913,0.288,0.104404478,0.288,0.17469273,0.288,0.172692055,0.288,0.186591624,0.288,0.171563915,0.288,0.183019399,0.288,0.167966312,0.288,0.181586836,0.288,0.172478127,0.288,0.183594003,0.288,0.183984828,0.288,0.094532614,0.288,0.093150119,0.288,0.100769649,0.288,0.09279908,0.288,0.099205062,0.288,0.090418235,0.288,0.098121531,0.288,0.093159894,0.288,0.099382657,0.288,0.100330931,0.288,1.797899519,0.288,1.798257216,0.288,1.797412122,0.288,1.796804766,0.288,1.798018417,0.288,1.798404964,0.288,1.797674018,0.288,1.797557648,0.288,1.798324868,0.288,1.797942892,0.288,1.799071076,0.288,1.799247575,0.288,1.79882422,0.288,1.798508262,0.288,1.799130131,0.288,1.799319245,0.288,1.798957664,0.288,1.798898596,0.288,1.799280516,0.288,1.799092635,0.288,1.799942084,0.288,1.799954525,0.288,1.799923658,0.288,1.79989839,0.288,1.799946795,0.288,1.799959662,0.288,1.799933915,0.288,1.799929407,0.288,1.799956932,0.288,1.799944024,0.288,1.799973996,0.288,1.799979775,0.288,1.799965355,0.288,1.799953379,0.288,1.799976085,0.288,1.799982085,0.288,1.799970145,0.288,1.799968045,0.288,1.799980853,0.288,1.799974817,0.288,0.288,0.288,0.288,0.288,0.288,0.288,0.288,0.288,0.288,0.288,0.288,0.288,0.288,0.288,0.288,0.288,0.288,0.288,0.288,0.288,0.288,0.288,0.288,0.288,0.288,0.288,0.288,0.288,0.288,0.288,0.288,0.288,0.288,0.288,0.288,0.288,0.288,0.288,0.288,0.288,0.288,0.288,0.288,0.288,0.288,0.288,0.288,0.288,0.288,0.288,0.288,0.288,0.288,0.288,0.288,0.288,0.288,0.288,0.288,0.288,0.288,0.288,0.288,0.288,0.288,0.288,0.288,0.288,0.288,0.288,0.288,0.288,0.288,0.288,0.288,0.288,0.288,0.288,0.288
0.324,0.163377731,0.324,0.150663105,0.324,0.162427743,0.324,0.154497843,0.324,0.164121354,0.324,0.165258108,0.324,0.092061516,0.324,0.090854948,0.324,0.097719492,0.324,0.090534586,0.324,0.096324851,0.324,0.088187158,0.324,0.095395141,0.324,0.090737469,0.324,0.096565807,0.324,0.097713472,0.324,0.164205533,0.324,0.162249262,0.324,0.175322846,0.324,0.161261773,0.324,0.172072054,0.324,0.157746343,0.324,0.170647499,0.324,0.162070481,0.324,0.172583448,0.324,0.173181184,0.324,0.087946337,0.324,0.086599714,0.324,0.093762027,0.324,0.086316187,0.324,0.092357094,0.324,0.084004252,0.324,0.091289441,0.324,0.086627182,0.324,0.092503406,0.324,0.093527182,0.324,1.795256369,0.324,1.796008558,0.324,1.794254178,0.324,1.793039029,0.324,1.795491357,0.324,1.796315247,0.324,1.794785728,0.324,1.794548957,0.324,1.796147714,0.324,1.795336203,0.324,1.797677578,0.324,1.798089403,0.324,1.797114831,0.324,1.796413379,0.324,1.797806586,0.324,1.798254467,0.324,1.797415007,0.324,1.79728182,0.324,1.798164533,0.324,1.797721221,0.324,1.799830485,0.324,1.799865393,0.324,1.799779841,0.324,1.799712132,0.324,1.799843302,0.324,1.799879814,0.324,1.799807785,0.324,1.799795467,0.324,1.799872114,0.324,1.799835623,0.324,1.799920083,0.324,1.799937433,0.324,1.799894521,0.324,1.799859775,0.324,1.799926178,0.324,1.799944351,0.324,1.799908589,0.324,1.799902409,0.324,1.799940646,0.324,1.799922411,0.324,0.324,0.324,0.324,0.324,0.324,0.324,0.324,0.324,0.324,0.324,0.324,0.324,0.324,0.324,0.324,0.324,0.324,0.324,0.324,0.324,0.324,0.324,0.324,0.324,0.324,0.324,0.324,0.324,0.324,0.324,0.324,0.324,0.324,0.324,0.324,0.324,0.324,0.324,0.324,0.324,0.324,0.324,0.324,0.324,0.324,0.324,0.324,0.324,0.324,0.324,0.324,0.324,0.324,0.324,0.324,0.324,0.324,0.324,0.324,0.324,0.324,0.324,0.324,0.324,0.324,0.324,0.324,0.324,0.324,0.324,0.324,0.324,0.324,0.324,0.324,0.324,0.324,0.324,0.324
0.36,0.152779275,0.36,0.140850813,0.36,0.152280418,0.36,0.144410215,0.36,0.153813299,0.36,0.155255647,0.36,0.085500304,0.36,0.084490557,0.36,0.090834686,0.36,0.08413808,0.36,0.089482529,0.36,0.081810459,0.36,0.088735567,0.36,0.084206495,0.36,0.089826654,0.36,0.091091322,0.36,0.154003051,0.36,0.152110943,0.36,0.164387044,0.36,0.151244455,0.36,0.161425427,0.36,0.147805073,0.36,0.160031746,0.36,0.151942563,0.36,0.161894385,0.36,0.162689043,0.36,0.081556355,0.36,0.080251772,0.36,0.086971513,0.36,0.080028389,0.36,0.085713576,0.36,0.077783091,0.36,0.084669289,0.36,0.080288667,0.36,0.085835862,0.36,0.086930324,0.36,1.789979539,0.36,1.791446765,0.36,1.7880782,0.36,1.785851663,0.36,1.790401123,0.36,1.792034799,0.36,1.789069599,0.36,1.78862664,0.36,1.791710441,0.36,1.790107426,0.36,1.794581165,0.36,1.795479003,0.36,1.793381476,0.36,1.791926053,0.36,1.794841082,0.36,1.795832051,0.36,1.794012101,0.36,1.793731697,0.36,1.795637949,0.36,1.794660116,0.36,1.799533479,0.36,1.799624192,0.36,1.799405005,0.36,1.799238013,0.36,1.799565372,0.36,1.799661566,0.36,1.799475108,0.36,1.799444111,0.36,1.799641487,0.36,1.799545755,0.36,1.79976439,0.36,1.799813636,0.36,1.79969331,0.36,1.79959914,0.36,1.799780968,0.36,1.799833178,0.36,1.799732027,0.36,1.799714974,0.36,1.799822651,0.36,1.799770444,0.36,0.36,0.36,0.36,0.36,0.36,0.36,0.36,0.36,0.36,0.36,0.36,0.36,0.36,0.36,0.36,0.36,0.36,0.36,0.36,0.36,0.36,0.36,0.36,0.36,0.36,0.36,0.36,0.36,0.36,0.36,0.36,0.36,0.36,0.36,0.36,0.36,0.36,0.36,0.36,0.36,0.36,0.36,0.36,0.36,0.36,0.36,0.36,0.36,0.36,0.36,0.36,0.36,0.36,0.36,0.36,0.36,0.36,0.36,0.36,0.36,0.36,0.36,0.36,0.36,0.36,0.36,0.36,0.36,0.36,0.36,0.36,0.36,0.36,0.36,0.36,0.36,0.36,0.36,0.36
0.396,0.141591104,0.396,0.130545528,0.396,0.141761418,0.396,0.133773278,0.396,0.143073646,0.396,0.144918926,0.396,0.078794229,0.396,0.07811546,0.396,0.083839475,0.396,0.077652666,0.396,0.082459031,0.396,0.075311982,0.396,0.082025011,0.396,0.077518447,0.396,0.083005024,0.396,0.084434206,0.396,0.144039875,0.396,0.142251988,0.396,0.153739879,0.396,0.141476465,0.396,0.151025717,0.396,0.138101626,0.396,0.149706144,0.396,0.142046974,0.396,0.151488531,0.396,0.152478867,0.396,0.075351741,0.396,0.074103211,0.396,0.080388232,0.396,0.073928544,0.396,0.079260499,0.396,0.071745634,0.396,0.078255127,0.396,0.074132653,0.396,0.079372213,0.396,0.080535457,0.396,1.78031626,0.396,1.782931625,0.396,1.7770387,0.396,1.773356708,0.396,1.780977878,0.396,1.783950595,0.396,1.778708544,0.396,1.777960056,0.396,1.783380807,0.396,1.780476217,0.396,1.788147947,0.396,1.789978383,0.396,1.785765154,0.396,1.78296946,0.396,1.788625292,0.396,1.790680268,0.396,1.786994746,0.396,1.786446631,0.396,1.79029007,0.396,1.788268944,0.396,1.798804182,0.396,1.799021666,0.396,1.798503378,0.396,1.798122754,0.396,1.798876515,0.396,1.799110522,0.396,1.798665499,0.396,1.798593624,0.396,1.799062429,0.396,1.798830481,0.396,1.79934431,0.396,1.799474379,0.396,1.799161097,0.396,1.798925384,0.396,1.799385512,0.396,1.79952551,0.396,1.79925958,0.396,1.799216077,0.396,1.799497754,0.396,1.799358326,0.396,0.396,0.396,0.396,0.396,0.396,0.396,0.396,0.396,0.396,0.396,0.396,0.396,0.396,0.396,0.396,0.396,0.396,0.396,0.396,0.396,0.396,0.396,0.396,0.396,0.396,0.396,0.396,0.396,0.396,0.396,0.396,0.396,0.396,0.396,0.396,0.396,0.396,0.396,0.396,0.396,0.396,0.396,0.396,0.396,0.396,0.396,0.396,0.396,0.396,0.396,0.396,0.396,0.396,0.396,0.396,0.396,0.396,0.396,0.396,0.396,0.396,0.396,0.396,0.396,0.396,0.396,0.396,0.396,0.396,0.396,0.396,0.396,0.396,0.396,0.396,0.396,0.396,0.396,0.396
0.432,0.129643697,0.432,0.119552782,0.432,0.130594664,0.432,0.122420461,0.432,0.131640868,0.432,0.13396984,0.432,0.071793413,0.432,0.071589201,0.432,0.076558822,0.432,0.070926572,0.432,0.075098436,0.432,0.068549264,0.432,0.075101577,0.432,0.0705316,0.432,0.07593199,0.432,0.077584534,0.432,0.134231213,0.432,0.132624331,0.432,0.143300688,0.432,0.131890395,0.432,0.140774289,0.432,0.128558874,0.432,0.139608721,0.432,0.132295271,0.432,0.141295248,0.432,0.142495016,0.432,0.069305733,0.432,0.06814204,0.432,0.073987629,0.432,0.067996783,0.432,0.072965654,0.432,0.065868341,0.432,0.072029653,0.432,0.068130981,0.432,0.073091648,0.432,0.074327314,0.432,1.76423787,0.432,1.768480653,0.432,1.759108999,0.432,1.753599254,0.432,1.765112644,0.432,1.770052991,0.432,1.761643435,0.432,1.760504648,0.432,1.769156533,0.432,1.764347048,0.432,1.775755228,0.432,1.779207428,0.432,1.771403078,0.432,1.766504889,0.432,1.776521188,0.432,1.780481696,0.432,1.773592257,0.432,1.772613704,0.432,1.779762108,0.432,1.775881165,0.432,1.797143742,0.432,1.797628948,0.432,1.796487208,0.432,1.79567741,0.432,1.797294776,0.432,1.797824299,0.432,1.796836432,0.432,1.796681267,0.432,1.797717707,0.432,1.797194573,0.432,1.798294604,0.432,1.798612771,0.432,1.797857389,0.432,1.797310917,0.432,1.798387543,0.432,1.798735711,0.432,1.798088831,0.432,1.797986346,0.432,1.798668337,0.432,1.798322913,0.432,0.432,0.432,0.432,0.432,0.432,0.432,0.432,0.432,0.432,0.432,0.432,0.432,0.432,0.432,0.432,0.432,0.432,0.432,0.432,0.432,0.432,0.432,0.432,0.432,0.432,0.432,0.432,0.432,0.432,0.432,0.432,0.432,0.432,0.432,0.432,0.432,0.432,0.432,0.432,0.432,0.432,0.432,0.432,0.432,0.432,0.432,0.432,0.432,0.432,0.432,0.432,0.432,0.432,0.432,0.432,0.432,0.432,0.432,0.432,0.432,0.432,0.432,0.432,0.432,0.432,0.432,0.432,0.432,0.432,0.432,0.432,0.432,0.432,0.432,0.432,0.432,0.432,0.432,0.432
0.468,0.117150091,0.468,0.108023065,0.468,0.118705305,0.468,0.110564851,0.468,0.119500576,0.468,0.12228949,0.468,0.064514815,0.468,0.064791075,0.468,0.068937116,0.468,0.063913038,0.468,0.067445144,0.468,0.061529382,0.468,0.067858022,0.468,0.063287335,0.468,0.068525792,0.468,0.070413526,0.468,0.124426016,0.468,0.123138261,0.468,0.132925629,0.468,0.122363027,0.468,0.130499011,0.468,0.119037863,0.468,0.129626449,0.468,0.122530865,0.468,0.131186824,0.468,0.132634865,0.468,0.063365022,0.468,0.062339882,0.468,0.067719613,0.468,0.062191259,0.468,0.066766424,0.468,0.060103559,0.468,0.065955205,0.468,0.062228274,0.468,0.066950441,0.468,0.068271724,0.468,1.739766373,0.468,1.746119203,0.468,1.7323543,0.468,1.724747401,0.468,1.74068981,0.468,1.74828662,0.468,1.73587644,0.468,1.734292474,0.468,1.747016276,0.468,1.739636847,0.468,1.753825616,0.468,1.759820464,0.468,1.746533597,0.468,1.73870754,0.468,1.754827293,0.468,1.761892697,0.468,1.750073326,0.468,1.748487946,0.468,1.760694568,0.468,1.753793723,0.468,1.793610764,0.468,1.794624343,0.468,1.792271174,0.468,1.790666599,0.468,1.79390151,0.468,1.795024504,0.468,1.792972805,0.468,1.792660325,0.468,1.794804127,0.468,1.793698148,0.468,1.795855452,0.468,1.796582019,0.468,1.794879951,0.468,1.793694246,0.468,1.796046985,0.468,1.796855496,0.468,1.795387647,0.468,1.795162409,0.468,1.796703969,0.468,1.79590432,0.468,0.468,0.468,0.468,0.468,0.468,0.468,0.468,0.468,0.468,0.468,0.468,0.468,0.468,0.468,0.468,0.468,0.468,0.468,0.468,0.468,0.468,0.468,0.468,0.468,0.468,0.468,0.468,0.468,0.468,0.468,0.468,0.468,0.468,0.468,0.468,0.468,0.468,0.468,0.468,0.468,0.468,0.468,0.468,0.468,0.468,0.468,0.468,0.468,0.468,0.468,0.468,0.468,0.468,0.468,0.468,0.468,0.468,0.468,0.468,0.468,0.468,0.468,0.468,0.468,0.468,0.468,0.468,0.468,0.468,0.468,0.468,0.468,0.468,0.468,0.468,0.468,0.468,0.468,0.468
0.504,0.104800447,0.504,0.096570647,0.504,0.106498303,0.504,0.098866871,0.504,0.107139836,0.504,0.110189633,0.504,0.057241148,0.504,0.057796838,0.504,0.061219759,0.504,0.056820541,0.504,0.059826993,0.504,0.05450944,0.504,0.060438835,0.504,0.056081243,0.504,0.060982958,0.504,0.063017814,0.504,0.114391881,0.504,0.113635779,0.504,0.122383703,0.504,0.11269221,0.504,0.119944741,0.504,0.109320272,0.504,0.119567449,0.504,0.112517425,0.504,0.120952321,0.504,0.12272105,0.504,0.057441747,0.504,0.05664233,0.504,0.061496754,0.504,0.05643873,0.504,0.060561681,0.504,0.054372328,0.504,0.05996248,0.504,0.056335483,0.504,0.0608703,0.504,0.062304111,0.504,1.704961829,0.504,1.713977009,0.504,1.694789998,0.504,1.684831558,0.504,1.70559035,0.504,1.716686656,0.504,1.699389217,0.504,1.697323504,0.504,1.715033179,0.504,1.704259295,0.504,1.717940239,0.504,1.727683444,0.504,1.706501135,0.504,1.694837693,0.504,1.71882823,0.504,1.730689143,0.504,1.711787045,0.504,1.709419497,0.504,1.728885761,0.504,1.71732131,0.504,1.78660982,0.504,1.788577383,0.504,1.784083828,0.504,1.781168411,0.504,1.787112563,0.504,1.78933347,0.504,1.785379891,0.504,1.784801038,0.504,1.788911958,0.504,1.786732602,0.504,1.79053812,0.504,1.792099907,0.504,1.788491821,0.504,1.786082134,0.504,1.79089772,0.504,1.792667422,0.504,1.789535402,0.504,1.789071559,0.504,1.792348808,0.504,1.790603363,0.504,0.504,0.504,0.504,0.504,0.504,0.504,0.504,0.504,0.504,0.504,0.504,0.504,0.504,0.504,0.504,0.504,0.504,0.504,0.504,0.504,0.504,0.504,0.504,0.504,0.504,0.504,0.504,0.504,0.504,0.504,0.504,0.504,0.504,0.504,0.504,0.504,0.504,0.504,0.504,0.504,0.504,0.504,0.504,0.504,0.504,0.504,0.504,0.504,0.504,0.504,0.504,0.504,0.504,0.504,0.504,0.504,0.504,0.504,0.504,0.504,0.504,0.504,0.504,0.504,0.504,0.504,0.504,0.504,0.504,0.504,0.504,0.504,0.504,0.504,0.504,0.504,0.504,0.504,0.504
0.54,0.093252936,0.54,0.085808135,0.54,0.09472678,0.54,0.087924981,0.54,0.095317823,0.54,0.098386899,0.54,0.05030947,0.54,0.050904404,0.54,0.053795753,0.54,0.049981208,0.54,0.052600965,0.54,0.047809872,0.54,0.05319796,0.54,0.049238919,0.54,0.053675216,0.54,0.055733067,0.54,0.103883334,0.54,0.103883172,0.54,0.111395728,0.54,0.102629438,0.54,0.108859973,0.54,0.099167682,0.54,0.109169074,0.54,0.102019239,0.54,0.110321077,0.54,0.112500488,0.54,0.051442653,0.54,0.050966576,0.54,0.055208434,0.54,0.050647578,0.54,0.054250285,0.54,0.048589631,0.54,0.053952276,0.54,0.050364955,0.54,0.054745797,0.54,0.056326332,0.54,1.657367182,0.54,1.669880367,0.54,1.643679437,0.54,1.630947762,0.54,1.657091192,0.54,1.672996127,0.54,1.64948638,0.54,1.646891769,0.54,1.6709718,0.54,1.655512814,0.54,1.66200057,0.54,1.677447599,0.54,1.644402014,0.54,1.627418615,0.54,1.661800301,0.54,1.681368212,0.54,1.651988467,0.54,1.648601833,0.54,1.678862648,0.54,1.659775625,0.54,1.773848587,0.54,1.777356512,0.54,1.769497494,0.54,1.764692576,0.54,1.774593098,0.54,1.778646445,0.54,1.771667505,0.54,1.770695697,0.54,1.777914521,0.54,1.773952083,0.54,1.779660613,0.54,1.782812524,0.54,1.775650334,0.54,1.771113493,0.54,1.780249896,0.54,1.783902372,0.54,1.777640018,0.54,1.776753854,0.54,1.783279392,0.54,1.779687809,0.54,0.54,0.54,0.54,0.54,0.54,0.54,0.54,0.54,0.54,0.54,0.54,0.54,0.54,0.54,0.54,0.54,0.54,0.54,0.54,0.54,0.54,0.54,0.54,0.54,0.54,0.54,0.54,0.54,0.54,0.54,0.54,0.54,0.54,0.54,0.54,0.54,0.54,0.54,0.54,0.54,0.54,0.54,0.54,0.54,0.54,0.54,0.54,0.54,0.54,0.54,0.54,0.54,0.54,0.54,0.54,0.54,0.54,0.54,0.54,0.54,0.54,0.54,0.54,0.54,0.54,0.54,0.54,0.54,0.54,0.54,0.54,0.54,0.54,0.54,0.54,0.54,0.54,0.54,0.54
0.576,0.082765931,0.576,0.075997512,0.576,0.083892454,0.576,0.077971949,0.576,0.084481715,0.576,0.087437839,0.576,0.043924412,0.576,0.044411512,0.576,0.046932561,0.576,0.043633218,0.576,0.045967893,0.576,0.041633343,0.576,0.046434432,0.576,0.042949777,0.576,0.046883147,0.576,0.048876383,0.576,0.092888071,0.576,0.09366929,0.576,0.099836994,0.576,0.092070389,0.576,0.097264144,0.576,0.088559183,0.576,0.098238323,0.576,0.091063856,0.576,0.099134942,0.576,0.101755964,0.576,0.045374637,0.576,0.045242953,0.576,0.04881829,0.576,0.044788033,0.576,0.047855728,0.576,0.042757819,0.576,0.047859117,0.576,0.044338468,0.576,0.048524921,0.576,0.050257169,0.576,1.592716148,0.576,1.610338427,0.576,1.57393904,0.576,1.557500723,0.576,1.590361816,0.576,1.613630728,0.576,1.581272993,0.576,1.578071952,0.576,1.611239372,0.576,1.588568328,0.576,1.57375515,0.576,1.599648743,0.576,1.543749362,0.576,1.516750024,0.576,1.568895529,0.576,1.604231424,0.576,1.555202754,0.576,1.550161578,0.576,1.600896387,0.576,1.56631414,0.576,1.752561136,0.576,1.758314444,0.576,1.745681989,0.576,1.738444794,0.576,1.753439445,0.576,1.760275821,0.576,1.748982923,0.576,1.747502307,0.576,1.759133283,0.576,1.752469923,0.576,1.758913374,0.576,1.764862672,0.576,1.751596972,0.576,1.743715194,0.576,1.75966104,0.576,1.76675955,0.576,1.75508574,0.576,1.753529728,0.576,1.765644638,0.576,1.758684532,0.576,0.576,0.576,0.576,0.576,0.576,0.576,0.576,0.576,0.576,0.576,0.576,0.576,0.576,0.576,0.576,0.576,0.576,0.576,0.576,0.576,0.576,0.576,0.576,0.576,0.576,0.576,0.576,0.576,0.576,0.576,0.576,0.576,0.576,0.576,0.576,0.576,0.576,0.576,0.576,0.576,0.576,0.576,0.576,0.576,0.576,0.576,0.576,0.576,0.576,0.576,0.576,0.576,0.576,0.576,0.576,0.576,0.576,0.576,0.576,0.576,0.576,0.576,0.576,0.576,0.576,0.576,0.576,0.576,0.576,0.576,0.576,0.576,0.576,0.576,0.576,0.576,0.576,0.576,0.576
0.612,0.073346205,0.612,0.067165912,0.612,0.074129958,0.612,0.069017227,0.612,0.074729747,0.612,0.077524959,0.612,0.038156279,0.612,0.038481959,0.612,0.040733293,0.612,0.037876504,0.612,0.039987674,0.612,0.03605361,0.612,0.04028999,0.612,0.037274325,0.612,0.040727491,0.612,0.042612074,0.612,0.081887444,0.612,0.08309357,0.612,0.088077563,0.612,0.081356459,0.612,0.085704556,0.612,0.077947125,0.612,0.086975803,0.612,0.080169101,0.612,0.087680777,0.612,0.090600476,0.612,0.039410548,0.612,0.039513682,0.612,0.042475977,0.612,0.038982199,0.612,0.041584714,0.612,0.037030799,0.612,0.041767268,0.612,0.038437968,0.612,0.042324743,0.612,0.044150586,0.612,1.501682524,0.612,1.528237268,0.612,1.473670506,0.612,1.451458996,0.612,1.49451863,0.612,1.531340899,0.612,1.483659125,0.612,1.480103891,0.612,1.528412221,0.612,1.49226905,0.612,1.401165705,0.612,1.463681301,0.612,1.318801747,0.612,1.273547414,0.612,1.371604324,0.612,1.467673897,0.612,1.347984555,0.612,1.343992865,0.612,1.462737823,0.612,1.365322331,0.612,1.719649754,0.612,1.728516307,0.612,1.709420867,0.612,1.699203117,0.612,1.72029864,0.612,1.731181683,0.612,1.714080019,0.612,1.711991127,0.612,1.729564793,0.612,1.718970793,0.612,1.721812084,0.612,1.732492775,0.612,1.709109171,0.612,1.696167505,0.612,1.722197347,0.612,1.735438814,0.612,1.714821112,0.612,1.712275929,0.612,1.733623067,0.612,1.720660385,0.612,0.612,0.612,0.612,0.612,0.612,0.612,0.612,0.612,0.612,0.612,0.612,0.612,0.612,0.612,0.612,0.612,0.612,0.612,0.612,0.612,0.612,0.612,0.612,0.612,0.612,0.612,0.612,0.612,0.612,0.612,0.612,0.612,0.612,0.612,0.612,0.612,0.612,0.612,0.612,0.612,0.612,0.612,0.612,0.612,0.612,0.612,0.612,0.612,0.612,0.612,0.612,0.612,0.612,0.612,0.612,0.612,0.612,0.612,0.612,0.612,0.612,0.612,0.612,0.612,0.612,0.612,0.612,0.612,0.612,0.612,0.612,0.612,0.612,0.612,0.612,0.612,0.612,0.612,0.612
0.648,0.064909948,0.648,0.059247935,0.648,0.065398379,0.648,0.06098694,0.648,0.066006513,0.648,0.068630417,0.648,0.032996171,0.648,0.033160771,0.648,0.035198988,0.648,0.032719667,0.648,0.03464328,0.648,0.031065453,0.648,0.034790302,0.648,0.032199982,0.648,0.03522074,0.648,0.036981077,0.648,0.071524745,0.648,0.072710715,0.648,0.07685731,0.648,0.071119499,0.648,0.074868469,0.648,0.067941895,0.648,0.076039267,0.648,0.069954462,0.648,0.076656024,0.648,0.079631569,0.648,0.03378164,0.648,0.033958445,0.648,0.036439612,0.648,0.033446822,0.648,0.035688365,0.648,0.03162418,0.648,0.035900072,0.648,0.032889375,0.648,0.036386548,0.648,0.038216024,0.648,1.36541625,0.648,1.408305652,0.648,1.321465255,0.648,1.30461811,0.648,1.353030967,0.648,1.412134765,0.648,1.340674384,0.648,1.345419035,0.648,1.405534452,0.648,1.342513186,0.648,1.181078291,0.648,1.224954226,0.648,1.140929183,0.648,1.135805783,0.648,1.181383996,0.648,1.239499702,0.648,1.167070734,0.648,1.180769806,0.648,1.215920222,0.648,1.158817163,0.648,1.671056441,0.648,1.684393334,0.648,1.656156258,0.648,1.642096469,0.648,1.670644194,0.648,1.687658205,0.648,1.662474402,0.648,1.659651416,0.648,1.685538911,0.648,1.668967255,0.648,1.656689824,0.648,1.676478085,0.648,1.633814077,0.648,1.611800593,0.648,1.654638124,0.648,1.680529488,0.648,1.643186277,0.648,1.639039931,0.648,1.677784988,0.648,1.652404804,0.648,0.648,0.648,0.648,0.648,0.648,0.648,0.648,0.648,0.648,0.648,0.648,0.648,0.648,0.648,0.648,0.648,0.648,0.648,0.648,0.648,0.648,0.648,0.648,0.648,0.648,0.648,0.648,0.648,0.648,0.648,0.648,0.648,0.648,0.648,0.648,0.648,0.648,0.648,0.648,0.648,0.648,0.648,0.648,0.648,0.648,0.648,0.648,0.648,0.648,0.648,0.648,0.648,0.648,0.648,0.648,0.648,0.648,0.648,0.648,0.648,0.648,0.648,0.648,0.648,0.648,0.648,0.648,0.648,0.648,0.648,0.648,0.648,0.648,0.648,0.648,0.648,0.648,0.648,0.648
0.684,0.057352083,0.684,0.052152058,0.684,0.057600635,0.684,0.053785741,0.684,0.0582103,0.684,0.060667464,0.684,0.028401074,0.684,0.028427468,0.684,0.030284154,0.684,0.028127264,0.684,0.029885423,0.684,0.02662864,0.684,0.029902271,0.684,0.027682488,0.684,0.030324347,0.684,0.031958879,0.684,0.062135184,0.684,0.063071364,0.684,0.066658932,0.684,0.061768217,0.684,0.065088348,0.684,0.058869366,0.684,0.065981328,0.684,0.060719795,0.684,0.066572387,0.684,0.069444197,0.684,0.028648446,0.684,0.028781415,0.684,0.030911123,0.684,0.028360048,0.684,0.030327718,0.684,0.026694068,0.684,0.030471923,0.684,0.027842613,0.684,0.030918019,0.684,0.032678024,0.684,1.23588619,0.684,1.274257953,0.684,1.197636464,0.684,1.192278792,0.684,1.232732965,0.684,1.285345777,0.684,1.220987633,0.684,1.23264728,0.684,1.266433749,0.684,1.21295677,0.684,1.092196834,0.684,1.122328554,0.684,1.058738463,0.684,1.057085599,0.684,1.097141172,0.684,1.139052286,0.684,1.08369206,0.684,1.09825922,0.684,1.114655258,0.684,1.074633788,0.684,1.599178227,0.684,1.619961003,0.684,1.576427168,0.684,1.556291806,0.684,1.595616307,0.684,1.623518449,0.684,1.585126534,0.684,1.581272939,0.684,1.620878857,0.684,1.593643961,0.684,1.526310234,0.684,1.572833157,0.684,1.460954306,0.684,1.382926084,0.684,1.506746883,0.684,1.577319871,0.684,1.484515081,0.684,1.474561055,0.684,1.573158148,0.684,1.503600524,0.684,0.684,0.684,0.684,0.684,0.684,0.684,0.684,0.684,0.684,0.684,0.684,0.684,0.684,0.684,0.684,0.684,0.684,0.684,0.684,0.684,0.684,0.684,0.684,0.684,0.684,0.684,0.684,0.684,0.684,0.684,0.684,0.684,0.684,0.684,0.684,0.684,0.684,0.684,0.684,0.684,0.684,0.684,0.684,0.684,0.684,0.684,0.684,0.684,0.684,0.684,0.684,0.684,0.684,0.684,0.684,0.684,0.684,0.684,0.684,0.684,0.684,0.684,0.684,0.684,0.684,0.684,0.684,0.684,0.684,0.684,0.684,0.684,0.684,0.684,0.684,0.684,0.684,0.684,0.684
0.72,0.050570043,0.72,0.045786591,0.72,0.05062967,0.72,0.04732022,0.72,0.051234456,0.72,0.053533623,0.72,0.024317475,0.72,0.024234348,0.72,0.025929066,0.72,0.024048909,0.72,0.025656707,0.72,0.022691725,0.72,0.025571514,0.72,0.023668977,0.72,0.02598175,0.72,0.027494898,0.72,0.053779245,0.72,0.054411157,0.72,0.057601489,0.72,0.053416877,0.72,0.056406555,0.72,0.050794759,0.72,0.056996297,0.72,0.052508848,0.72,0.057583508,0.72,0.060285224,0.72,0.024072567,0.72,0.024110296,0.72,0.025978732,0.72,0.023806114,0.72,0.025557172,0.72,0.022303312,0.72,0.025598412,0.72,0.023351321,0.72,0.026020072,0.72,0.027669758,0.72,1.142256175,0.72,1.17475173,0.72,1.108167434,0.72,1.10589214,0.72,1.143081308,0.72,1.188565948,0.72,1.131588828,0.72,1.145282931,0.72,1.166418664,0.72,1.12193535,0.72,1.022339309,0.72,1.048604065,0.72,0.991708355,0.72,0.990823128,0.72,1.029694743,0.72,1.065871916,0.72,1.016252835,0.72,1.030773302,0.72,1.041529506,0.72,1.006745805,0.72,1.479925704,0.72,1.52007728,0.72,1.433812925,0.72,1.393935485,0.72,1.463278635,0.72,1.52214586,0.72,1.448734827,0.72,1.442320148,0.72,1.518938267,0.72,1.461339078,0.72,1.088952922,0.72,1.172014695,0.72,1.039610172,0.72,1.031744029,0.72,1.082683091,0.72,1.177757649,0.72,1.067194173,0.72,1.080307691,0.72,1.156786867,0.72,1.06022095,0.72,0.72,0.72,0.72,0.72,0.72,0.72,0.72,0.72,0.72,0.72,0.72,0.72,0.72,0.72,0.72,0.72,0.72,0.72,0.72,0.72,0.72,0.72,0.72,0.72,0.72,0.72,0.72,0.72,0.72,0.72,0.72,0.72,0.72,0.72,0.72,0.72,0.72,0.72,0.72,0.72,0.72,0.72,0.72,0.72,0.72,0.72,0.72,0.72,0.72,0.72,0.72,0.72,0.72,0.72,0.72,0.72,0.72,0.72,0.72,0.72,0.72,0.72,0.72,0.72,0.72,0.72,0.72,0.72,0.72,0.72,0.72,0.72,0.72,0.72,0.72,0.72,0.72,0.72,0.72
0.756,0.044473903,0.756,0.040068596,0.756,0.044387929,0.756,0.04150661,0.756,0.044981499,0.756,0.047133235,0.756,0.020692796,0.756,0.020527495,0.756,0.022073445,0.756,0.020432308,0.756,0.021901189,0.756,0.019203744,0.756,0.021739735,0.756,0.020107416,0.756,0.022134906,0.756,0.023533047,0.756,0.046392869,0.756,0.046746364,0.756,0.0496256,0.756,0.046027058,0.756,0.048742896,0.756,0.043660692,0.756,0.049065212,0.756,0.045252634,0.756,0.049650819,0.756,0.052164592,0.756,0.020047345,0.756,0.019984215,0.756,0.021644963,0.756,0.019793566,0.756,0.021362645,0.756,0.018448118,0.756,0.021303245,0.756,0.019404937,0.756,0.021705717,0.756,0.023228861,0.756,1.06371224,0.756,1.093114632,0.756,1.031695063,0.756,1.030447679,0.756,1.066427061,0.756,1.107660571,0.756,1.054916858,0.756,1.068854754,0.756,1.085153955,0.756,1.045063259,0.756,0.959517712,0.756,0.983883858,0.756,0.930146361,0.756,0.929600407,0.756,0.968021157,0.756,1.001455125,0.756,0.954476951,0.756,0.968911542,0.756,0.977215384,0.756,0.945122616,0.756,1.158110373,0.756,1.284883789,0.756,1.092887486,0.756,1.078875058,0.756,1.133057675,0.756,1.275988851,0.756,1.119618018,0.756,1.129398722,0.756,1.269646669,0.756,1.114591434,0.756,0.987863538,0.756,1.018604762,0.756,0.954781151,0.756,0.953288103,0.756,0.9940456,0.756,1.035804369,0.756,0.980208084,0.756,0.995081473,0.756,1.010834667,0.756,0.970538094,0.756,0.756,0.756,0.756,0.756,0.756,0.756,0.756,0.756,0.756,0.756,0.756,0.756,0.756,0.756,0.756,0.756,0.756,0.756,0.756,0.756,0.756,0.756,0.756,0.756,0.756,0.756,0.756,0.756,0.756,0.756,0.756,0.756,0.756,0.756,0.756,0.756,0.756,0.756,0.756,0.756,0.756,0.756,0.756,0.756,0.756,0.756,0.756,0.756,0.756,0.756,0.756,0.756,0.756,0.756,0.756,0.756,0.756,0.756,0.756,0.756,0.756,0.756,0.756,0.756,0.756,0.756,0.756,0.756,0.756,0.756,0.756,0.756,0.756,0.756,0.756,0.756,0.756,0.756,0.756
0.792,0.03898533,0.792,0.034925976,0.792,0.038789215,0.792,0.036272341,0.792,0.039366696,0.792,0.041380741,0.792,0.017478987,0.792,0.017255098,0.792,0.018662568,0.792,0.017229259,0.792,0.018568595,0.792,0.016118025,0.792,0.018352753,0.792,0.016950818,0.792,0.018729989,0.792,0.020019649,0.792,0.039874928,0.792,0.039999534,0.792,0.042617004,0.792,0.039507573,0.792,0.041984845,0.792,0.037371423,0.792,0.042091568,0.792,0.038849976,0.792,0.042670856,0.792,0.044999195,0.792,0.016533374,0.792,0.016385323,0.792,0.017869083,0.792,0.016290586,0.792,0.017699039,0.792,0.015091706,0.792,0.017557447,0.792,0.015962951,0.792,0.017940571,0.792,0.019334538,0.792,0.992062855,0.792,1.019551206,0.792,0.96131196,0.792,0.960562759,0.792,0.99607266,0.792,1.034556004,0.792,0.984431381,0.792,0.998429979,0.792,1.011921166,0.792,0.974598253,0.792,0.900267942,0.792,0.923421173,0.792,0.871679902,0.792,0.871274878,0.792,0.909638184,0.792,0.941255742,0.792,0.895923793,0.792,0.910273965,0.792,0.91706389,0.792,0.886746001,0.792,1.01796756,0.792,1.055491154,0.792,0.981297885,0.792,0.978741297,0.792,1.01764072,0.792,1.069002804,0.792,1.005725366,0.792,1.020035344,0.792,1.046041335,0.792,0.995664243,0.792,0.922226612,0.792,0.947416967,0.792,0.89221104,0.792,0.891894545,0.792,0.930950899,0.792,0.965432013,0.792,0.917139644,0.792,0.932099101,0.792,0.940442007,0.792,0.907386122,0.792,0.792,0.792,0.792,0.792,0.792,0.792,0.792,0.792,0.792,0.792,0.792,0.792,0.792,0.792,0.792,0.792,0.792,0.792,0.792,0.792,0.792,0.792,0.792,0.792,0.792,0.792,0.792,0.792,0.792,0.792,0.792,0.792,0.792,0.792,0.792,0.792,0.792,0.792,0.792,0.792,0.792,0.792,0.792,0.792,0.792,0.792,0.792,0.792,0.792,0.792,0.792,0.792,0.792,0.792,0.792,0.792,0.792,0.792,0.792,0.792,0.792,0.792,0.792,0.792,0.792,0.792,0.792,0.792,0.792,0.792,0.792,0.792,0.792,0.792,0.792,0.792,0.792,0.792,0.792
0.828,0.034037809,0.828,0.030297034,0.828,0.033760183,0.828,0.031555376,0.828,0.03431781,0.828,0.036202818,0.828,0.014634005,0.828,0.014371049,0.828,0.015648582,0.828,0.014397222,0.828,0.015615,0.828,0.013393764,0.828,0.015362727,0.828,0.014158061,0.828,0.015719738,0.828,0.016906858,0.828,0.034121151,0.828,0.034068533,0.828,0.036454567,0.828,0.033757105,0.828,0.036020085,0.828,0.031826839,0.828,0.035961289,0.828,0.033198246,0.828,0.036528077,0.828,0.038680768,0.828,0.013481477,0.828,0.013271046,0.828,0.014596305,0.828,0.013251005,0.828,0.014513041,0.828,0.01218716,0.828,0.01431164,0.828,0.012976493,0.828,0.014673255,0.828,0.015941293,0.828,0.92454257,0.828,0.950718525,0.828,0.894628235,0.828,0.894149129,0.828,0.92957042,0.828,0.96610185,0.828,0.91773394,0.828,0.93175098,0.828,0.943370782,0.828,0.907986454,0.828,0.843237515,0.828,0.86552685,0.828,0.815186906,0.828,0.814841098,0.828,0.853331785,0.828,0.883618507,0.828,0.839416797,0.828,0.853701959,0.828,0.859420208,0.828,0.830406797,0.828,0.937873095,0.828,0.967402349,0.828,0.905585697,0.828,0.9047611,0.828,0.941536188,0.828,0.98278337,0.828,0.929555212,0.828,0.944158558,0.828,0.959219534,0.828,0.919277661,0.828,0.865250511,0.828,0.888362307,0.828,0.836584734,0.828,0.836591771,0.828,0.875312591,0.828,0.906785307,0.828,0.861319627,0.828,0.8761791,0.828,0.881859764,0.828,0.851765925,0.828,0.828,0.828,0.828,0.828,0.828,0.828,0.828,0.828,0.828,0.828,0.828,0.828,0.828,0.828,0.828,0.828,0.828,0.828,0.828,0.828,0.828,0.828,0.828,0.828,0.828,0.828,0.828,0.828,0.828,0.828,0.828,0.828,0.828,0.828,0.828,0.828,0.828,0.828,0.828,0.828,0.828,0.828,0.828,0.828,0.828,0.828,0.828,0.828,0.828,0.828,0.828,0.828,0.828,0.828,0.828,0.828,0.828,0.828,0.828,0.828,0.828,0.828,0.828,0.828,0.828,0.828,0.828,0.828,0.828,0.828,0.828,0.828,0.828,0.828,0.828,0.828,0.828,0.828,0.828
0.864,0.029574854,0.864,0.026129246,0.864,0.029238713,0.864,0.02730289,0.864,0.029773637,0.864,0.031537062,0.864,0.01212159,0.864,0.011835483,0.864,0.012990385,0.864,0.011899455,0.864,0.013002557,0.864,0.010995896,0.864,0.012728416,0.864,0.011693734,0.864,0.013063419,0.864,0.014153065,0.864,0.029038051,0.864,0.028853685,0.864,0.031029445,0.864,0.028682349,0.864,0.030749382,0.864,0.026936687,0.864,0.030567942,0.864,0.028205948,0.864,0.031116579,0.864,0.033105036,0.864,0.010843136,0.864,0.010592581,0.864,0.01177145,0.864,0.010627165,0.864,0.011752972,0.864,0.009688033,0.864,0.011512829,0.864,0.010397944,0.864,0.011850347,0.864,0.012997454,0.864,0.859800493,0.864,0.884995814,0.864,0.830487979,0.864,0.830176011,0.864,0.865699796,0.864,0.900736439,0.864,0.8536362,0.864,0.867668838,0.864,0.877887674,0.864,0.843987869,0.864,0.787782653,0.864,0.809394782,0.864,0.760147446,0.864,0.75983027,0.864,0.798514284,0.864,0.827739936,0.864,0.784392888,0.864,0.798628448,0.864,0.803499287,0.864,0.775536209,0.864,0.87020616,0.864,0.897111712,0.864,0.83963252,0.864,0.839369552,0.864,0.875634689,0.864,0.913092223,0.864,0.863433575,0.864,0.878038152,0.864,0.889464133,0.864,0.853275813,0.864,0.812061351,0.864,0.833883852,0.864,0.784211406,0.864,0.784309814,0.864,0.823073763,0.864,0.852618123,0.864,0.808857817,0.864,0.823597053,0.864,0.827737943,0.864,0.799540691,0.864,0.864,0.864,0.864,0.864,0.864,0.864,0.864,0.864,0.864,0.864,0.864,0.864,0.864,0.864,0.864,0.864,0.864,0.864,0.864,0.864,0.864,0.864,0.864,0.864,0.864,0.864,0.864,0.864,0.864,0.864,0.864,0.864,0.864,0.864,0.864,0.864,0.864,0.864,0.864,0.864,0.864,0.864,0.864,0.864,0.864,0.864,0.864,0.864,0.864,0.864,0.864,0.864,0.864,0.864,0.864,0.864,0.864,0.864,0.864,0.864,0.864,0.864,0.864,0.864,0.864,0.864,0.864,0.864,0.864,0.864,0.864,0.864,0.864,0.864,0.864,0.864,0.864,0.864,0.864
0.9,0.025548437,0.9,0.022377929,0.9,0.025172251,0.9,0.023469893,0.9,0.025682343,0.9,0.027330479,0.9,0.009910784,0.9,0.009614516,0.9,0.010652999,0.9,0.009704619,0.9,0.010698892,0.9,0.008894676,0.9,0.010414718,0.9,0.009527659,0.9,0.010726287,0.9,0.01172254,0.9,0.024544756,0.9,0.024266129,0.9,0.026247828,0.9,0.024201697,0.9,0.02608751,0.9,0.022622775,0.9,0.025818293,0.9,0.023794124,0.9,0.026344203,0.9,0.028179211,0.9,0.008575267,0.9,0.008304232,0.9,0.009345208,0.9,0.008376018,0.9,0.009373181,0.9,0.007553233,0.9,0.009112485,0.9,0.008185299,0.9,0.009423432,0.9,0.01045436,0.9,0.797167151,0.9,0.821559288,0.9,0.768350231,0.9,0.768162231,0.9,0.803844555,0.9,0.837642912,0.9,0.791551277,0.9,0.805597235,0.9,0.814661407,0.9,0.782004396,0.9,0.733627408,0.9,0.754650982,0.9,0.706374309,0.9,0.706083125,0.9,0.744929292,0.9,0.773233144,0.9,0.730619914,0.9,0.744807166,0.9,0.74894256,0.9,0.721906911,0.9,0.80784995,0.9,0.833088672,0.9,0.778322743,0.9,0.778306188,0.9,0.814516488,0.9,0.849530028,0.9,0.802059806,0.9,0.816615552,0.9,0.82584489,0.9,0.792083817,0.9,0.761117931,0.9,0.782036183,0.9,0.733838645,0.9,0.733940583,0.9,0.772889232,0.9,0.801035147,0.9,0.75844338,0.9,0.773066595,0.9,0.776178546,0.9,0.749360094,0.9,0.9,0.9,0.9,0.9,0.9,0.9,0.9,0.9,0.9,0.9,0.9,0.9,0.9,0.9,0.9,0.9,0.9,0.9,0.9,0.9,0.9,0.9,0.9,0.9,0.9,0.9,0.9,0.9,0.9,0.9,0.9,0.9,0.9,0.9,0.9,0.9,0.9,0.9,0.9,0.9,0.9,0.9,0.9,0.9,0.9,0.9,0.9,0.9,0.9,0.9,0.9,0.9,0.9,0.9,0.9,0.9,0.9,0.9,0.9,0.9,0.9,0.9,0.9,0.9,0.9,0.9,0.9,0.9,0.9,0.9,0.9,0.9,0.9,0.9,0.9,0.9,0.9,0.9,0.9
0.936,0.021917626,0.936,0.019005059,0.936,0.02151628,0.936,0.020018022,0.936,0.021999946,0.936,0.023538015,0.936,0.007975413,0.936,0.007679733,0.936,0.008606897,0.936,0.007786289,0.936,0.008676511,0.936,0.007065214,0.936,0.008392046,0.936,0.007634398,0.936,0.00867896,0.936,0.00958484,0.936,0.020573433,0.936,0.020230713,0.936,0.022031538,0.936,0.02024642,0.936,0.021963249,0.936,0.018819564,0.936,0.021634111,0.936,0.019896617,0.936,0.022133746,0.936,0.023824674,0.936,0.00664134,0.936,0.006366532,0.936,0.007275665,0.936,0.006460844,0.936,0.007334928,0.936,0.00574817,0.936,0.007068963,0.936,0.006303111,0.936,0.007351058,0.936,0.008269419,0.936,0.736383225,0.936,0.760037387,0.936,0.708067836,0.936,0.707996324,0.936,0.743760749,0.936,0.776431255,0.936,0.731270282,0.936,0.745308567,0.936,0.753335863,0.936,0.721833029,0.936,0.680743832,0.936,0.70119071,0.936,0.653923938,0.936,0.653676171,0.936,0.692546495,0.936,0.719967876,0.936,0.678098244,0.936,0.692215976,0.936,0.695658857,0.936,0.669529976,0.936,0.748780699,0.936,0.772845881,0.936,0.720000924,0.936,0.720103616,0.936,0.756420429,0.936,0.789663049,0.936,0.743708607,0.936,0.758199178,0.936,0.765924533,0.936,0.733928707,0.936,0.711755689,0.936,0.731954536,0.936,0.684942439,0.936,0.68501856,0.936,0.724175744,0.936,0.751187515,0.936,0.709512288,0.936,0.724023278,0.936,0.72634473,0.936,0.700652763,0.936,0.936,0.936,0.936,0.936,0.936,0.936,0.936,0.936,0.936,0.936,0.936,0.936,0.936,0.936,0.936,0.936,0.936,0.936,0.936,0.936,0.936,0.936,0.936,0.936,0.936,0.936,0.936,0.936,0.936,0.936,0.936,0.936,0.936,0.936,0.936,0.936,0.936,0.936,0.936,0.936,0.936,0.936,0.936,0.936,0.936,0.936,0.936,0.936,0.936,0.936,0.936,0.936,0.936,0.936,0.936,0.936,0.936,0.936,0.936,0.936,0.936,0.936,0.936,0.936,0.936,0.936,0.936,0.936,0.936,0.936,0.936,0.936,0.936,0.936,0.936,0.936,0.936,0.936,0.936
0.972,0.018647465,0.972,0.0159783,0.972,0.01823304,0.972,0.016914553,0.972,0.018689065,0.972,0.020121287,0.972,0.006293653,0.972,0.006007684,0.972,0.006827419,0.972,0.006122512,0.972,0.006912307,0.972,0.005487053,0.972,0.006635766,0.972,0.005992831,0.972,0.00689686,0.972,0.007714247,0.972,0.017067501,0.972,0.01668484,0.972,0.018315762,0.972,0.016759162,0.972,0.018317256,0.972,0.015472566,0.972,0.017950386,0.972,0.016458295,0.972,0.018421006,0.972,0.019975583,0.972,0.005011237,0.972,0.004746782,0.972,0.00552823,0.972,0.004851322,0.972,0.005606165,0.972,0.004244473,0.972,0.005347781,0.972,0.00472225,0.972,0.005598867,0.972,0.006406783,0.972,0.677513115,0.972,0.700390058,0.972,0.649829647,0.972,0.649894871,0.972,0.685501321,0.972,0.717021462,0.972,0.67289483,0.972,0.686869232,0.972,0.693888831,0.972,0.663592522,0.972,0.629323248,0.972,0.649128887,0.972,0.603086673,0.972,0.602918905,0.972,0.641535203,0.972,0.668018004,0.972,0.627040873,0.972,0.641034748,0.972,0.643777188,0.972,0.618634545,0.972,0.69213539,0.972,0.715247998,0.972,0.663999668,0.972,0.66417493,0.972,0.700589946,0.972,0.732379465,0.972,0.687652914,0.972,0.702059423,0.972,0.708606483,0.972,0.678074864,0.972,0.663722364,0.972,0.683279487,0.972,0.637359227,0.972,0.637408858,0.972,0.676712153,0.972,0.702711516,0.972,0.661862029,0.972,0.676253305,0.972,0.677894929,0.972,0.653220325,0.972,0.972,0.972,0.972,0.972,0.972,0.972,0.972,0.972,0.972,0.972,0.972,0.972,0.972,0.972,0.972,0.972,0.972,0.972,0.972,0.972,0.972,0.972,0.972,0.972,0.972,0.972,0.972,0.972,0.972,0.972,0.972,0.972,0.972,0.972,0.972,0.972,0.972,0.972,0.972,0.972,0.972,0.972,0.972,0.972,0.972,0.972,0.972,0.972,0.972,0.972,0.972,0.972,0.972,0.972,0.972,0.972,0.972,0.972,0.972,0.972,0.972,0.972,0.972,0.972,0.972,0.972,0.972,0.972,0.972,0.972,0.972,0.972,0.972,0.972,0.972,0.972,0.972,0.972,0.972
1.008,0.015708101,1.008,0.013270282,1.008,0.015290517,1.008,0.014131646,1.008,0.01571792,1.008,0.017047562,1.008,0.00484765,1.008,0.004579388,1.008,0.005294305,1.008,0.004695413,1.008,0.005387176,1.008,0.004143734,1.008,0.005125719,1.008,0.004585782,1.008,0.005359754,1.008,0.006089303,1.008,0.013980029,1.008,0.013576912,1.008,0.015046983,1.008,0.013692414,1.008,0.015100229,1.008,0.012536877,1.008,0.014713444,1.008,0.013433508,1.008,0.015152857,1.008,0.016577126,1.008,0.003660395,1.008,0.003418194,1.008,0.00407477,1.008,0.003522679,1.008,0.004160768,1.008,0.003018752,1.008,0.003920851,1.008,0.00341892,1.008,0.004138868,1.008,0.004836981,1.008,0.620950221,1.008,0.642892076,1.008,0.59418797,1.008,0.594437182,1.008,0.629421069,1.008,0.659621584,1.008,0.616851159,1.008,0.630650075,1.008,0.63661735,1.008,0.607737699,1.008,0.579798057,1.008,0.598808235,1.008,0.55442338,1.008,0.554393933,1.008,0.592282175,1.008,0.617662973,1.008,0.577899,1.008,0.591666707,1.008,0.593656798,1.008,0.569694547,1.008,0.637628771,1.008,0.659855865,1.008,0.610170627,1.008,0.610414725,1.008,0.64677429,1.008,0.677227113,1.008,0.633676759,1.008,0.64795961,1.008,0.653476646,1.008,0.624313996,1.008,0.61701203,1.008,0.635930452,1.008,0.591159267,1.008,0.591200858,1.008,0.630495045,1.008,0.655508094,1.008,0.615515084,1.008,0.629760538,1.008,0.630762299,1.008,0.607093724,1.008,1.008,1.008,1.008,1.008,1.008,1.008,1.008,1.008,1.008,1.008,1.008,1.008,1.008,1.008,1.008,1.008,1.008,1.008,1.008,1.008,1.008,1.008,1.008,1.008,1.008,1.008,1.008,1.008,1.008,1.008,1.008,1.008,1.008,1.008,1.008,1.008,1.008,1.008,1.008,1.008,1.008,1.008,1.008,1.008,1.008,1.008,1.008,1.008,1.008,1.008,1.008,1.008,1.008,1.008,1.008,1.008,1.008,1.008,1.008,1.008,1.008,1.008,1.008,1.008,1.008,1.008,1.008,1.008,1.008,1.008,1.008,1.008,1.008,1.008,1.008,1.008,1.008,1.008,1.008
1.044,0.013074133,1.044,0.010858092,1.044,0.012661699,1.044,0.011645803,1.044,0.013059597,1.044,0.014288954,1.044,0.003623089,1.044,0.003379711,1.044,0.003991223,1.044,0.003490698,1.044,0.004085643,1.044,0.003022124,1.044,0.003845713,1.044,0.00339952,1.044,0.00405131,1.044,0.004692434,1.044,0.011272397,1.044,0.010864861,1.044,0.012181241,1.044,0.011007195,1.044,0.01227141,1.044,0.009975952,1.044,0.011879278,1.044,0.010784802,1.044,0.012285582,1.044,0.013583866,1.044,0.00256825,1.044,0.002357966,1.044,0.002892123,1.044,0.002454002,1.044,0.002977273,1.044,0.00205034,1.044,0.002764924,1.044,0.002372883,1.044,0.002948056,1.044,0.003536,1.044,0.567475756,1.044,0.588179259,1.044,0.542123379,1.044,0.542629654,1.044,0.576231659,1.044,0.604765161,1.044,0.563951456,1.044,0.577384169,1.044,0.582185958,1.044,0.555121639,1.044,0.532892536,1.044,0.550843732,1.044,0.508817344,1.044,0.509006996,1.044,0.545436904,1.044,0.569424366,1.044,0.531412626,1.044,0.54478636,1.044,0.545932773,1.044,0.523479683,1.044,0.585355776,1.044,0.606644232,1.044,0.558742786,1.044,0.559083205,1.044,0.595063361,1.044,0.624142256,1.044,0.581919012,1.044,0.596002635,1.044,0.600531206,1.044,0.572802325,1.044,0.571811891,1.044,0.590029315,1.044,0.546611781,1.044,0.546681821,1.044,0.585688517,1.044,0.609664967,1.044,0.570675468,1.044,0.584722474,1.044,0.58508061,1.044,0.562487375,1.044,1.044,1.044,1.044,1.044,1.044,1.044,1.044,1.044,1.044,1.044,1.044,1.044,1.044,1.044,1.044,1.044,1.044,1.044,1.044,1.044,1.044,1.044,1.044,1.044,1.044,1.044,1.044,1.044,1.044,1.044,1.044,1.044,1.044,1.044,1.044,1.044,1.044,1.044,1.044,1.044,1.044,1.044,1.044,1.044,1.044,1.044,1.044,1.044,1.044,1.044,1.044,1.044,1.044,1.044,1.044,1.044,1.044,1.044,1.044,1.044,1.044,1.044,1.044,1.044,1.044,1.044,1.044,1.044,1.044,1.044,1.044,1.044,1.044,1.044,1.044,1.044,1.044,1.044,1.044
1.08,0.010724178,1.08,0.008722994,1.08,0.010324068,1.08,0.009437544,1.08,0.010691542,1.08,0.011821859,1.08,0.002608422,1.08,0.002396291,1.08,0.002905077,1.08,0.002496784,1.08,0.002995306,1.08,0.002111152,1.08,0.00278275,1.08,0.00242286,1.08,0.00295845,1.08,0.003509511,1.08,0.008913289,1.08,0.008514957,1.08,0.009682814,1.08,0.008672032,1.08,0.009797449,1.08,0.007760674,1.08,0.009412248,1.08,0.008481974,1.08,0.009783589,1.08,0.010958402,1.08,0.001715713,1.08,0.001544192,1.08,0.001959764,1.08,0.001625516,1.08,0.002036857,1.08,0.001317893,1.08,0.00185908,1.08,0.001564651,1.08,0.002006207,1.08,0.002483759,1.08,0.518295585,1.08,0.537308949,1.08,0.49501056,1.08,0.4958533,1.08,0.527049476,1.08,0.55337565,1.08,0.515420784,1.08,0.52821019,1.08,0.531684326,1.08,0.507012669,1.08,0.489645999,1.08,0.506166874,1.08,0.467438436,1.08,0.467934089,1.08,0.501944461,1.08,0.524114392,1.08,0.488626315,1.08,0.501368493,1.08,0.501557758,1.08,0.481064147,1.08,0.535751818,1.08,0.555927018,1.08,0.510309159,1.08,0.510801933,1.08,0.545854663,1.08,0.573372404,1.08,0.532848457,1.08,0.546603389,1.08,0.550106659,1.08,0.524035091,1.08,0.528497358,1.08,0.54588498,1.08,0.504191188,1.08,0.504347249,1.08,0.542614493,1.08,0.565435593,1.08,0.527726266,1.08,0.541485494,1.08,0.541169515,1.08,0.519795912,1.08,1.08,1.08,1.08,1.08,1.08,1.08,1.08,1.08,1.08,1.08,1.08,1.08,1.08,1.08,1.08,1.08,1.08,1.08,1.08,1.08,1.08,1.08,1.08,1.08,1.08,1.08,1.08,1.08,1.08,1.08,1.08,1.08,1.08,1.08,1.08,1.08,1.08,1.08,1.08,1.08,1.08,1.08,1.08,1.08,1.08,1.08,1.08,1.08,1.08,1.08,1.08,1.08,1.08,1.08,1.08,1.08,1.08,1.08,1.08,1.08,1.08,1.08,1.08,1.08,1.08,1.08,1.08,1.08,1.08,1.08,1.08,1.08,1.08,1.08,1.08,1.08,1.08,1.08,1.08
1.116,0.008640623,1.116,0.00685029,1.116,0.008259314,1.116,0.007491254,1.116,0.008595262,1.116,0.009626584,1.116,0.001793404,1.116,0.001617614,1.116,0.002024738,1.116,0.001703153,1.116,0.002105774,1.116,0.001399547,1.116,0.001925611,1.116,0.001645435,1.116,0.002070153,1.116,0.002529118,1.116,0.006877944,1.116,0.006500855,1.116,0.007523246,1.116,0.006662174,1.116,0.007651603,1.116,0.005868541,1.116,0.007284096,1.116,0.006501324,1.116,0.007618459,1.116,0.008670377,1.116,0.001081629,1.116,0.000951832,1.116,0.001256426,1.116,0.001014851,1.116,0.00132031,1.116,0.000795307,1.116,0.001181175,1.116,0.000971706,1.116,0.001292623,1.116,0.001661719,1.116,0.47481462,1.116,0.491666869,1.116,0.454152217,1.116,0.455359559,1.116,0.483241997,1.116,0.506743135,1.116,0.472638531,1.116,0.484494227,1.116,0.486512332,1.116,0.464792764,1.116,0.451234272,1.116,0.465944416,1.116,0.431379512,1.116,0.432223433,1.116,0.462934921,1.116,0.48281407,1.116,0.450692828,1.116,0.4625525,1.116,0.461706499,1.116,0.443602505,1.116,0.48961069,1.116,0.508365692,1.116,0.465837117,1.116,0.4665605,1.116,0.4998728,1.116,0.525480478,1.116,0.487283975,1.116,0.500510039,1.116,0.502889973,1.116,0.478865063,1.116,0.487648516,1.116,0.504006424,1.116,0.464594963,1.116,0.46491779,1.116,0.501764709,1.116,0.523245505,1.116,0.487245643,1.116,0.500579102,1.116,0.49954747,1.116,0.479610449,1.116,1.116,1.116,1.116,1.116,1.116,1.116,1.116,1.116,1.116,1.116,1.116,1.116,1.116,1.116,1.116,1.116,1.116,1.116,1.116,1.116,1.116,1.116,1.116,1.116,1.116,1.116,1.116,1.116,1.116,1.116,1.116,1.116,1.116,1.116,1.116,1.116,1.116,1.116,1.116,1.116,1.116,1.116,1.116,1.116,1.116,1.116,1.116,1.116,1.116,1.116,1.116,1.116,1.116,1.116,1.116,1.116,1.116,1.116,1.116,1.116,1.116,1.116,1.116,1.116,1.116,1.116,1.116,1.116,1.116,1.116,1.116,1.116,1.116,1.116,1.116,1.116,1.116,1.116,1.116
1.152,0.006809534,1.152,0.005229222,1.152,0.006453189,1.152,0.005795116,1.152,0.006756191,1.152,0.00768716,1.152,0.001166558,1.152,0.00102996,1.152,0.001338791,1.152,0.001097618,1.152,0.00140669,1.152,0.000872491,1.152,0.001262413,1.152,0.001054876,1.152,0.001375327,1.152,0.001741162,1.152,0.005147431,1.152,0.004802575,1.152,0.005680529,1.152,0.004958787,1.152,0.005813073,1.152,0.004282639,1.152,0.005473085,1.152,0.004824874,1.152,0.005768165,1.152,0.006695752,1.152,0.000638976,1.152,0.000549043,1.152,0.000756154,1.152,0.00059331,1.152,0.00080427,1.152,0.000448734,1.152,0.000703864,1.152,0.000564867,1.152,0.000782237,1.152,0.001049509,1.152,0.43787329,1.152,0.452392471,1.152,0.419877983,1.152,0.421385839,1.152,0.445780672,1.152,0.466125798,1.152,0.436357312,1.152,0.447149994,1.152,0.447764111,1.152,0.429131627,1.152,0.418393778,1.152,0.431139241,1.152,0.400965743,1.152,0.402115478,1.152,0.429262876,1.152,0.446582047,1.152,0.418290956,1.152,0.429141864,1.152,0.427311052,1.152,0.411715843,1.152,0.44803741,1.152,0.464966555,1.152,0.426508538,1.152,0.427529946,1.152,0.458148589,1.152,0.481360348,1.152,0.446334153,1.152,0.458773742,1.152,0.459909912,1.152,0.438426018,1.152,0.450050156,1.152,0.465115052,1.152,0.42870411,1.152,0.429284569,1.152,0.46381483,1.152,0.483707559,1.152,0.450005382,1.152,0.462722097,1.152,0.460942807,1.152,0.442716257,1.152,1.152,1.152,1.152,1.152,1.152,1.152,1.152,1.152,1.152,1.152,1.152,1.152,1.152,1.152,1.152,1.152,1.152,1.152,1.152,1.152,1.152,1.152,1.152,1.152,1.152,1.152,1.152,1.152,1.152,1.152,1.152,1.152,1.152,1.152,1.152,1.152,1.152,1.152,1.152,1.152,1.152,1.152,1.152,1.152,1.152,1.152,1.152,1.152,1.152,1.152,1.152,1.152,1.152,1.152,1.152,1.152,1.152,1.152,1.152,1.152,1.152,1.152,1.152,1.152,1.152,1.152,1.152,1.152,1.152,1.152,1.152,1.152,1.152,1.152,1.152,1.152,1.152,1.152,1.152
1.188,0.005220594,1.188,0.003852594,1.188,0.004895364,1.188,0.004340934,1.188,0.005163589,1.188,0.005991266,1.188,0.00071176,1.188,0.000613761,1.188,0.000832269,1.188,0.000662803,1.188,0.000884715,1.188,0.000508125,1.188,0.000777201,1.188,0.000633279,1.188,0.000859628,1.188,0.001134475,1.188,0.003707514,1.188,0.003404899,1.188,0.004138051,1.188,0.003547665,1.188,0.004266168,1.188,0.002989755,1.188,0.003962823,1.188,0.003439022,1.188,0.004216083,1.188,0.005016098,1.188,0.00035294,1.188,0.000296391,1.188,0.000425518,1.188,0.00032441,1.188,0.000458194,1.188,0.000237333,1.188,0.000392173,1.188,0.000307168,1.188,0.000442672,1.188,0.000621312,1.188,0.407106161,1.188,0.419543512,1.188,0.391373361,1.188,0.393076015,1.188,0.41452026,1.188,0.431929622,1.188,0.406139533,1.188,0.415956225,1.188,0.415411973,1.188,0.399493279,1.188,0.390899695,1.188,0.401866213,1.188,0.375574241,1.188,0.376942614,1.188,0.400925074,1.188,0.415839068,1.188,0.391146246,1.188,0.401049299,1.188,0.398425918,1.188,0.385051493,1.188,0.412073052,1.188,0.426856968,1.188,0.393109472,1.188,0.394425125,1.188,0.421742086,1.188,0.442113528,1.188,0.410995456,1.188,0.422438231,1.188,0.422288052,1.188,0.403686878,1.188,0.416560679,1.188,0.430075124,1.188,0.39731072,1.188,0.398203486,1.188,0.429566566,1.188,0.447600252,1.188,0.416837798,1.188,0.428732423,1.188,0.426218291,1.188,0.409947194,1.188,1.188,1.188,1.188,1.188,1.188,1.188,1.188,1.188,1.188,1.188,1.188,1.188,1.188,1.188,1.188,1.188,1.188,1.188,1.188,1.188,1.188,1.188,1.188,1.188,1.188,1.188,1.188,1.188,1.188,1.188,1.188,1.188,1.188,1.188,1.188,1.188,1.188,1.188,1.188,1.188,1.188,1.188,1.188,1.188,1.188,1.188,1.188,1.188,1.188,1.188,1.188,1.188,1.188,1.188,1.188,1.188,1.188,1.188,1.188,1.188,1.188,1.188,1.188,1.188,1.188,1.188,1.188,1.188,1.188,1.188,1.188,1.188,1.188,1.188,1.188,1.188,1.188,1.188,1.188
1.224,0.003866836,1.224,0.002715598,1.224,0.003578936,1.224,0.003123417,1.224,0.003810189,1.224,0.004530116,1.224,0.000405271,1.224,0.000341212,1.224,0.000483312,1.224,0.000373414,1.224,0.000520173,1.224,0.000276189,1.224,0.000446734,1.224,0.000354663,1.224,0.00050209,1.224,0.000693574,1.224,0.002546455,1.224,0.002294435,1.224,0.002882708,1.224,0.00241675,1.224,0.002998739,1.224,0.001976904,1.224,0.002740149,1.224,0.002331949,1.224,0.002949226,1.224,0.003617535,1.224,0.000183208,1.224,0.00015089,1.224,0.000224544,1.224,0.00016694,1.224,0.000244508,1.224,0.000118839,1.224,0.000205123,1.224,0.000157336,1.224,0.000234788,1.224,0.000343944,1.224,0.381425337,1.224,0.392180872,1.224,0.367483953,1.224,0.369291424,1.224,0.388475095,1.224,0.403454508,1.224,0.380897206,1.224,0.389903047,1.224,0.388475658,1.224,0.374758282,1.224,0.367864769,1.224,0.377394273,1.224,0.354218899,1.224,0.355728944,1.224,0.377148286,1.224,0.390090803,1.224,0.368362512,1.224,0.377465533,1.224,0.37428269,1.224,0.362677514,1.224,0.381972285,1.224,0.394635941,1.224,0.365402206,1.224,0.366935181,1.224,0.391088937,1.224,0.408548712,1.224,0.381447582,1.224,0.391869461,1.224,0.390566059,1.224,0.374739552,1.224,0.387696618,1.224,0.399576284,1.224,0.370601072,1.224,0.371785023,1.224,0.399655715,1.224,0.415680747,1.224,0.38822652,1.224,0.399187949,1.224,0.396040707,1.224,0.381753331,1.224,1.224,1.224,1.224,1.224,1.224,1.224,1.224,1.224,1.224,1.224,1.224,1.224,1.224,1.224,1.224,1.224,1.224,1.224,1.224,1.224,1.224,1.224,1.224,1.224,1.224,1.224,1.224,1.224,1.224,1.224,1.224,1.224,1.224,1.224,1.224,1.224,1.224,1.224,1.224,1.224,1.224,1.224,1.224,1.224,1.224,1.224,1.224,1.224,1.224,1.224,1.224,1.224,1.224,1.224,1.224,1.224,1.224,1.224,1.224,1.224,1.224,1.224,1.224,1.224,1.224,1.224,1.224,1.224,1.224,1.224,1.224,1.224,1.224,1.224,1.224,1.224,1.224,1.224,1.224
1.26,0.002743673,1.26,0.001813118,1.26,0.002499034,1.26,0.002138281,1.26,0.002691099,1.26,0.003297956,1.26,0.000215674,1.26,0.000177711,1.26,0.00026201,1.26,0.000196808,1.26,0.000285379,1.26,0.000141071,1.26,0.000239845,1.26,0.000185924,1.26,0.000273704,1.26,0.000395784,1.26,0.00165108,1.26,0.001454802,1.26,0.001901433,1.26,0.001551848,1.26,0.001999167,1.26,0.001225984,1.26,0.001791345,1.26,0.001489182,1.26,0.001954965,1.26,0.00248865,1.26,9.04E-05,1.26,7.34E-05,1.26,0.000112248,1.26,8.19E-05,1.26,0.000123332,1.26,5.71E-05,1.26,0.000101832,1.26,7.69E-05,1.26,0.000117847,1.26,0.000178908,1.26,0.359767914,1.26,0.369181179,1.26,0.347244472,1.26,0.349093652,1.26,0.366575918,1.26,0.379596729,1.26,0.359595014,1.26,0.367936723,1.26,0.365837522,1.26,0.353898296,1.26,0.348336049,1.26,0.356751212,1.26,0.336010664,1.26,0.337609836,1.26,0.356978773,1.26,0.368401278,1.26,0.348999967,1.26,0.35744585,1.26,0.353904495,1.26,0.343654162,1.26,0.357043334,1.26,0.367901015,1.26,0.342440334,1.26,0.344103434,1.26,0.36566741,1.26,0.380573134,1.26,0.356963312,1.26,0.36649141,1.26,0.364279647,1.26,0.350790779,1.26,0.363247018,1.26,0.373661272,1.26,0.34803873,1.26,0.349447253,1.26,0.374118215,1.26,0.388259009,1.26,0.363946915,1.26,0.374018209,1.26,0.370415,1.26,0.35786139,1.26,1.26,1.26,1.26,1.26,1.26,1.26,1.26,1.26,1.26,1.26,1.26,1.26,1.26,1.26,1.26,1.26,1.26,1.26,1.26,1.26,1.26,1.26,1.26,1.26,1.26,1.26,1.26,1.26,1.26,1.26,1.26,1.26,1.26,1.26,1.26,1.26,1.26,1.26,1.26,1.26,1.26,1.26,1.26,1.26,1.26,1.26,1.26,1.26,1.26,1.26,1.26,1.26,1.26,1.26,1.26,1.26,1.26,1.26,1.26,1.26,1.26,1.26,1.26,1.26,1.26,1.26,1.26,1.26,1.26,1.26,1.26,1.26,1.26,1.26,1.26,1.26,1.26,1.26,1.26
1.296,0.00184657,1.296,0.001135122,1.296,0.001649811,1.296,0.00137855,1.296,0.00180126,1.296,0.002290617,1.296,0.000108266,1.296,8.77E-05,1.296,0.000133546,1.296,9.80E-05,1.296,0.000146942,1.296,6.86E-05,1.296,0.000121269,1.296,9.22E-05,1.296,0.000140165,1.296,0.000211081,1.296,0.001001227,1.296,0.000860624,1.296,0.001175942,1.296,0.000930884,1.296,0.001251545,1.296,0.000707945,1.296,0.001096623,1.296,0.000887814,1.296,0.00121594,1.296,0.001616768,1.296,4.30E-05,1.296,3.45E-05,1.296,5.39E-05,1.296,3.87E-05,1.296,5.96E-05,1.296,2.66E-05,1.296,4.86E-05,1.296,3.63E-05,1.296,5.67E-05,1.296,8.85E-05,1.296,0.341318148,1.296,0.349641985,1.296,0.329936393,1.296,0.331785875,1.296,0.347969058,1.296,0.359398282,1.296,0.341437828,1.296,0.349228581,1.296,0.346609657,1.296,0.336128285,1.296,0.331538468,1.296,0.339096223,1.296,0.320260026,1.296,0.321914482,1.296,0.339617063,1.296,0.349883226,1.296,0.332302183,1.296,0.340204799,1.296,0.336458418,1.296,0.327237188,1.296,0.336272407,1.296,0.345685271,1.296,0.323226095,1.296,0.324956005,1.296,0.344493864,1.296,0.35734565,1.296,0.336533933,1.296,0.345323877,1.296,0.342442682,1.296,0.330815681,1.296,0.342501285,1.296,0.351730498,1.296,0.328826528,1.296,0.330392763,1.296,0.352402292,1.296,0.364971584,1.296,0.343303258,1.296,0.35260733,1.296,0.348722843,1.296,0.337555311,1.296,1.296,1.296,1.296,1.296,1.296,1.296,1.296,1.296,1.296,1.296,1.296,1.296,1.296,1.296,1.296,1.296,1.296,1.296,1.296,1.296,1.296,1.296,1.296,1.296,1.296,1.296,1.296,1.296,1.296,1.296,1.296,1.296,1.296,1.296,1.296,1.296,1.296,1.296,1.296,1.296,1.296,1.296,1.296,1.296,1.296,1.296,1.296,1.296,1.296,1.296,1.296,1.296,1.296,1.296,1.296,1.296,1.296,1.296,1.296,1.296,1.296,1.296,1.296,1.296,1.296,1.296,1.296,1.296,1.296,1.296,1.296,1.296,1.296,1.296,1.296,1.296,1.296,1.296,1.296
1.332,0.001166886,1.332,0.000661221,1.332,0.001019627,1.332,0.000829318,1.332,0.001131056,1.332,0.001502471,1.332,5.20E-05,1.332,4.15E-05,1.332,6.48E-05,1.332,4.68E-05,1.332,7.19E-05,1.332,3.21E-05,1.332,5.85E-05,1.332,4.38E-05,1.332,6.83E-05,1.332,0.000106165,1.332,0.000564671,1.332,0.000473327,1.332,0.00067711,1.332,0.000519177,1.332,0.000730077,1.332,0.000380221,1.332,0.000624671,1.332,0.00049206,1.332,0.000704402,1.332,0.000982646,1.332,1.99E-05,1.332,1.58E-05,1.332,2.51E-05,1.332,1.78E-05,1.332,2.79E-05,1.332,1.20E-05,1.332,2.25E-05,1.332,1.66E-05,1.332,2.65E-05,1.332,4.21E-05,1.332,0.325466802,1.332,0.332894343,1.332,0.31501762,1.332,0.316842587,1.332,0.332001853,1.332,0.342133126,1.332,0.325824563,1.332,0.333151494,1.332,0.330132308,1.332,0.320851806,1.332,0.316889393,1.332,0.323782878,1.332,0.306454876,1.332,0.308141767,1.332,0.324466949,1.332,0.333843607,1.332,0.317706153,1.332,0.325152476,1.332,0.321309337,1.332,0.312877767,1.332,0.318761541,1.332,0.327037107,1.332,0.306945892,1.332,0.308704756,1.332,0.326631242,1.332,0.337887228,1.332,0.31927272,1.332,0.327456716,1.332,0.324106563,1.332,0.313930834,1.332,0.324706605,1.332,0.333004376,1.332,0.312261598,1.332,0.31393319,1.332,0.33378959,1.332,0.345106945,1.332,0.325565786,1.332,0.334227789,1.332,0.330189645,1.332,0.320108856,1.332,1.332,1.332,1.332,1.332,1.332,1.332,1.332,1.332,1.332,1.332,1.332,1.332,1.332,1.332,1.332,1.332,1.332,1.332,1.332,1.332,1.332,1.332,1.332,1.332,1.332,1.332,1.332,1.332,1.332,1.332,1.332,1.332,1.332,1.332,1.332,1.332,1.332,1.332,1.332,1.332,1.332,1.332,1.332,1.332,1.332,1.332,1.332,1.332,1.332,1.332,1.332,1.332,1.332,1.332,1.332,1.332,1.332,1.332,1.332,1.332,1.332,1.332,1.332,1.332,1.332,1.332,1.332,1.332,1.332,1.332,1.332,1.332,1.332,1.332,1.332,1.332,1.332,1.332,1.332
1.368,0.000686648,1.368,0.00035768,1.368,0.000585832,1.368,0.000463265,1.368,0.000661014,1.368,0.000921691,1.368,2.41E-05,1.368,1.90E-05,1.368,3.03E-05,1.368,2.16E-05,1.368,3.38E-05,1.368,1.46E-05,1.368,2.72E-05,1.368,2.02E-05,1.368,3.20E-05,1.368,5.10E-05,1.368,0.00029662,1.368,0.000243064,1.368,0.00036269,1.368,0.00026996,1.368,0.000395997,1.368,0.000191278,1.368,0.000331206,1.368,0.000254416,1.368,0.000379517,1.368,0.000555535,1.368,8.92E-06,1.368,7.02E-06,1.368,1.14E-05,1.368,7.97E-06,1.368,1.27E-05,1.368,5.31E-06,1.368,1.02E-05,1.368,7.43E-06,1.368,1.20E-05,1.368,1.95E-05,1.368,0.31173875,1.368,0.318430132,1.368,0.302056044,1.368,0.303844687,1.368,0.318158496,1.368,0.327245573,1.368,0.312279744,1.368,0.319212039,1.368,0.315900126,1.368,0.307594271,1.368,0.303961946,1.368,0.310331272,1.368,0.29422095,1.368,0.295923483,1.368,0.311096395,1.368,0.319771677,1.368,0.304802242,1.368,0.311858815,1.368,0.307989214,1.368,0.300178313,1.368,0.303800557,1.368,0.311189594,1.368,0.292964258,1.368,0.294732546,1.368,0.311330684,1.368,0.321370079,1.368,0.304479524,1.368,0.312161409,1.368,0.308509793,1.368,0.299444648,1.368,0.309257506,1.368,0.316816826,1.368,0.297808911,1.368,0.299547432,1.368,0.317658783,1.368,0.327978583,1.368,0.310146557,1.368,0.318269765,1.368,0.314160878,1.368,0.304943102,1.368,1.368,1.368,1.368,1.368,1.368,1.368,1.368,1.368,1.368,1.368,1.368,1.368,1.368,1.368,1.368,1.368,1.368,1.368,1.368,1.368,1.368,1.368,1.368,1.368,1.368,1.368,1.368,1.368,1.368,1.368,1.368,1.368,1.368,1.368,1.368,1.368,1.368,1.368,1.368,1.368,1.368,1.368,1.368,1.368,1.368,1.368,1.368,1.368,1.368,1.368,1.368,1.368,1.368,1.368,1.368,1.368,1.368,1.368,1.368,1.368,1.368,1.368,1.368,1.368,1.368,1.368,1.368,1.368,1.368,1.368,1.368,1.368,1.368,1.368,1.368,1.368,1.368,1.368,1.368
1.404,0.000375159,1.404,0.000180811,1.404,0.000312756,1.404,0.000240928,1.404,0.000358735,1.404,0.00052542,1.404,1.08E-05,1.404,8.47E-06,1.404,1.37E-05,1.404,9.65E-06,1.404,1.54E-05,1.404,6.42E-06,1.404,1.23E-05,1.404,9.00E-06,1.404,1.46E-05,1.404,2.37E-05,1.404,0.000146512,1.404,0.000117888,1.404,0.000182064,1.404,0.000132249,1.404,0.000200921,1.404,9.13E-05,1.404,0.000164851,1.404,0.000124068,1.404,0.000191458,1.404,0.000292502,1.404,3.91E-06,1.404,3.05E-06,1.404,5.01E-06,1.404,3.48E-06,1.404,5.63E-06,1.404,2.29E-06,1.404,4.46E-06,1.404,3.23E-06,1.404,5.31E-06,1.404,8.77E-06,1.404,0.2997429,1.404,0.305840575,1.404,0.29069002,1.404,0.292439866,1.404,0.306019985,1.404,0.314289158,1.404,0.300410906,1.404,0.30700483,1.404,0.303503508,1.404,0.295964965,1.404,0.292444622,1.404,0.298389931,1.404,0.283284159,1.404,0.284989379,1.404,0.299189752,1.404,0.307296089,1.404,0.293291271,1.404,0.300009941,1.404,0.296156653,1.404,0.288848135,1.404,0.290837419,1.404,0.29754255,1.404,0.280787913,1.404,0.282556338,1.404,0.298025507,1.404,0.307145903,1.404,0.291616192,1.404,0.298876263,1.404,0.295058519,1.404,0.286831407,1.404,0.295700372,1.404,0.30266318,1.404,0.285071887,1.404,0.286849556,1.404,0.303531141,1.404,0.313043705,1.404,0.296602712,1.404,0.304268418,1.404,0.300141344,1.404,0.291622947,1.404,1.404,1.404,1.404,1.404,1.404,1.404,1.404,1.404,1.404,1.404,1.404,1.404,1.404,1.404,1.404,1.404,1.404,1.404,1.404,1.404,1.404,1.404,1.404,1.404,1.404,1.404,1.404,1.404,1.404,1.404,1.404,1.404,1.404,1.404,1.404,1.404,1.404,1.404,1.404,1.404,1.404,1.404,1.404,1.404,1.404,1.404,1.404,1.404,1.404,1.404,1.404,1.404,1.404,1.404,1.404,1.404,1.404,1.404,1.404,1.404,1.404,1.404,1.404,1.404,1.404,1.404,1.404,1.404,1.404,1.404,1.404,1.404,1.404,1.404,1.404,1.404,1.404,1.404,1.404
1.44,0.000191306,1.44,8.65E-05,1.44,0.000156357,1.44,0.000117875,1.44,0.00018187,1.44,0.000278444,1.44,4.73E-06,1.44,3.66E-06,1.44,6.05E-06,1.44,4.20E-06,1.44,6.83E-06,1.44,2.75E-06,1.44,5.39E-06,1.44,3.90E-06,1.44,6.43E-06,1.44,1.07E-05,1.44,6.89E-05,1.44,5.47E-05,1.44,8.68E-05,1.44,6.18E-05,1.44,9.65E-05,1.44,4.18E-05,1.44,7.80E-05,1.44,5.78E-05,1.44,9.16E-05,1.44,0.000144776,1.44,1.67E-06,1.44,1.29E-06,1.44,2.16E-06,1.44,1.48E-06,1.44,2.43E-06,1.44,9.66E-07,1.44,1.92E-06,1.44,1.38E-06,1.44,2.29E-06,1.44,3.85E-06,1.44,0.289150629,1.44,0.294781393,1.44,0.280615591,1.44,0.282328959,1.44,0.295250732,1.44,0.30289417,1.44,0.28989405,1.44,0.296195393,1.44,0.292598272,1.44,0.285645904,1.44,0.282106494,1.44,0.287700416,1.44,0.273439591,1.44,0.275137479,1.44,0.288510484,1.44,0.296143777,1.44,0.282949767,1.44,0.289371899,1.44,0.285560264,1.44,0.278669205,1.44,0.279451108,1.44,0.285629171,1.44,0.270043137,1.44,0.271806267,1.44,0.286301067,1.44,0.29472085,1.44,0.280280444,1.44,0.287180546,1.44,0.283295583,1.44,0.275703186,1.44,0.283696317,1.44,0.290168212,1.44,0.273753183,1.44,0.275549948,1.44,0.291045228,1.44,0.299893016,1.44,0.284601633,1.44,0.291873849,1.44,0.287762183,1.44,0.279821515,1.44,1.44,1.44,1.44,1.44,1.44,1.44,1.44,1.44,1.44,1.44,1.44,1.44,1.44,1.44,1.44,1.44,1.44,1.44,1.44,1.44,1.44,1.44,1.44,1.44,1.44,1.44,1.44,1.44,1.44,1.44,1.44,1.44,1.44,1.44,1.44,1.44,1.44,1.44,1.44,1.44,1.44,1.44,1.44,1.44,1.44,1.44,1.44,1.44,1.44,1.44,1.44,1.44,1.44,1.44,1.44,1.44,1.44,1.44,1.44,1.44,1.44,1.44,1.44,1.44,1.44,1.44,1.44,1.44,1.44,1.44,1.44,1.44,1.44,1.44,1.44,1.44,1.44,1.44,1.44
1.476,9.21E-05,1.476,3.96E-05,1.476,7.42E-05,1.476,5.50E-05,1.476,8.72E-05,1.476,0.000138366,1.476,2.01E-06,1.476,1.54E-06,1.476,2.59E-06,1.476,1.78E-06,1.476,2.94E-06,1.476,1.15E-06,1.476,2.30E-06,1.476,1.65E-06,1.476,2.76E-06,1.476,4.67E-06,1.476,3.12E-05,1.476,2.44E-05,1.476,3.97E-05,1.476,2.78E-05,1.476,4.45E-05,1.476,1.85E-05,1.476,3.55E-05,1.476,2.59E-05,1.476,4.20E-05,1.476,6.83E-05,1.476,7.03E-07,1.476,5.41E-07,1.476,9.10E-07,1.476,6.21E-07,1.476,1.03E-06,1.476,4.02E-07,1.476,8.07E-07,1.476,5.76E-07,1.476,9.68E-07,1.476,1.65E-06,1.476,0.279694214,1.476,0.284963009,1.476,0.271588633,1.476,0.273268467,1.476,0.285594174,1.476,0.292759614,1.476,0.280473364,1.476,0.286518858,1.476,0.28289928,1.476,0.276390794,1.476,0.272771489,1.476,0.278068504,1.476,0.264529446,1.476,0.266212381,1.476,0.278876183,1.476,0.286108626,1.476,0.273605822,1.476,0.279765157,1.476,0.276010195,1.476,0.269473105,1.476,0.269330856,1.476,0.275095851,1.476,0.260456216,1.476,0.262209273,1.476,0.275859558,1.476,0.283730037,1.476,0.270180052,1.476,0.276768116,1.476,0.272879437,1.476,0.265780324,1.476,0.27298789,1.476,0.279049234,1.476,0.263625203,1.476,0.265426559,1.476,0.27992565,1.476,0.288217234,1.476,0.273889588,1.476,0.280819407,1.476,0.276744886,1.476,0.269289261,1.476,1.476,1.476,1.476,1.476,1.476,1.476,1.476,1.476,1.476,1.476,1.476,1.476,1.476,1.476,1.476,1.476,1.476,1.476,1.476,1.476,1.476,1.476,1.476,1.476,1.476,1.476,1.476,1.476,1.476,1.476,1.476,1.476,1.476,1.476,1.476,1.476,1.476,1.476,1.476,1.476,1.476,1.476,1.476,1.476,1.476,1.476,1.476,1.476,1.476,1.476,1.476,1.476,1.476,1.476,1.476,1.476,1.476,1.476,1.476,1.476,1.476,1.476,1.476,1.476,1.476,1.476,1.476,1.476,1.476,1.476,1.476,1.476,1.476,1.476,1.476,1.476,1.476,1.476,1.476
1.512,4.24E-05,1.512,1.75E-05,1.512,3.37E-05,1.512,2.46E-05,1.512,4.00E-05,1.512,6.53E-05,1.512,8.36E-07,1.512,6.38E-07,1.512,1.08E-06,1.512,7.37E-07,1.512,1.23E-06,1.512,4.73E-07,1.512,9.59E-07,1.512,6.83E-07,1.512,1.16E-06,1.512,1.99E-06,1.512,1.36E-05,1.512,1.06E-05,1.512,1.75E-05,1.512,1.21E-05,1.512,1.98E-05,1.512,7.89E-06,1.512,1.56E-05,1.512,1.12E-05,1.512,1.86E-05,1.512,3.10E-05,1.512,2.92E-07,1.512,2.25E-07,1.512,3.79E-07,1.512,2.58E-07,1.512,4.30E-07,1.512,1.67E-07,1.512,3.36E-07,1.512,2.40E-07,1.512,4.04E-07,1.512,6.94E-07,1.512,0.271168241,1.512,0.276153586,1.512,0.26342489,1.512,0.265072677,1.512,0.276861972,1.512,0.283652876,1.512,0.271957693,1.512,0.277776613,1.512,0.274182934,1.512,0.268017913,1.512,0.264301418,1.512,0.269343859,1.512,0.256428753,1.512,0.258091048,1.512,0.270142597,1.512,0.277030478,1.512,0.265123566,1.512,0.271048148,1.512,0.26735876,1.512,0.261126328,1.512,0.260251953,1.512,0.265683544,1.512,0.251829347,1.512,0.253567628,1.512,0.266485122,1.512,0.273909689,1.512,0.261103913,1.512,0.267417813,1.512,0.263562001,1.512,0.25686046,1.512,0.263375483,1.512,0.26908885,1.512,0.254510058,1.512,0.256305498,1.512,0.269958967,1.512,0.277778861,1.512,0.264269254,1.512,0.270898132,1.512,0.266874889,1.512,0.259831983,1.512,1.512,1.512,1.512,1.512,1.512,1.512,1.512,1.512,1.512,1.512,1.512,1.512,1.512,1.512,1.512,1.512,1.512,1.512,1.512,1.512,1.512,1.512,1.512,1.512,1.512,1.512,1.512,1.512,1.512,1.512,1.512,1.512,1.512,1.512,1.512,1.512,1.512,1.512,1.512,1.512,1.512,1.512,1.512,1.512,1.512,1.512,1.512,1.512,1.512,1.512,1.512,1.512,1.512,1.512,1.512,1.512,1.512,1.512,1.512,1.512,1.512,1.512,1.512,1.512,1.512,1.512,1.512,1.512,1.512,1.512,1.512,1.512,1.512,1.512,1.512,1.512,1.512,1.512,1.512
1.548,1.88E-05,1.548,7.45E-06,1.548,1.48E-05,1.548,1.07E-05,1.548,1.77E-05,1.548,2.96E-05,1.548,3.43E-07,1.548,2.61E-07,1.548,4.46E-07,1.548,3.02E-07,1.548,5.09E-07,1.548,1.93E-07,1.548,3.94E-07,1.548,2.80E-07,1.548,4.76E-07,1.548,8.28E-07,1.548,5.77E-06,1.548,4.42E-06,1.548,7.48E-06,1.548,5.10E-06,1.548,8.49E-06,1.548,3.27E-06,1.548,6.63E-06,1.548,4.73E-06,1.548,7.97E-06,1.548,1.36E-05,1.548,1.22E-07,1.548,9.42E-08,1.548,1.58E-07,1.548,1.08E-07,1.548,1.79E-07,1.548,7.05E-08,1.548,1.40E-07,1.548,1.00E-07,1.548,1.68E-07,1.548,2.89E-07,1.548,0.263422039,1.548,0.268178641,1.548,0.255990047,1.548,0.257605806,1.548,0.268916345,1.548,0.275402394,1.548,0.264207672,1.548,0.269823676,1.548,0.266283327,1.548,0.260394742,1.548,0.25658517,1.548,0.261406893,1.548,0.249036268,1.548,0.250673763,1.548,0.262193276,1.548,0.268781729,1.548,0.257393222,1.548,0.263106717,1.548,0.259488054,1.548,0.253520792,1.548,0.252050146,1.548,0.257204479,1.548,0.244016806,1.548,0.245736062,1.548,0.258016364,1.548,0.265067908,1.548,0.252895862,1.548,0.258966301,1.548,0.255163161,1.548,0.248792819,1.548,0.254701314,1.548,0.26011643,1.548,0.246266071,1.548,0.248047998,1.548,0.260976781,1.548,0.268392088,1.548,0.25558431,1.548,0.261946418,1.548,0.257983565,1.548,0.251295749,1.548,1.548,1.548,1.548,1.548,1.548,1.548,1.548,1.548,1.548,1.548,1.548,1.548,1.548,1.548,1.548,1.548,1.548,1.548,1.548,1.548,1.548,1.548,1.548,1.548,1.548,1.548,1.548,1.548,1.548,1.548,1.548,1.548,1.548,1.548,1.548,1.548,1.548,1.548,1.548,1.548,1.548,1.548,1.548,1.548,1.548,1.548,1.548,1.548,1.548,1.548,1.548,1.548,1.548,1.548,1.548,1.548,1.548,1.548,1.548,1.548,1.548,1.548,1.548,1.548,1.548,1.548,1.548,1.548,1.548,1.548,1.548,1.548,1.548,1.548,1.548,1.548,1.548,1.548,1.548
1.584,8.07E-06,1.584,3.08E-06,1.584,6.27E-06,1.584,4.47E-06,1.584,7.56E-06,1.584,1.29E-05,1.584,1.40E-07,1.584,1.07E-07,1.584,1.82E-07,1.584,1.24E-07,1.584,2.08E-07,1.584,7.94E-08,1.584,1.61E-07,1.584,1.14E-07,1.584,1.95E-07,1.584,3.40E-07,1.584,2.38E-06,1.584,1.81E-06,1.584,3.10E-06,1.584,2.09E-06,1.584,3.54E-06,1.584,1.33E-06,1.584,2.74E-06,1.584,1.93E-06,1.584,3.31E-06,1.584,5.75E-06,1.584,5.20E-08,1.584,4.07E-08,1.584,6.68E-08,1.584,4.63E-08,1.584,7.54E-08,1.584,3.11E-08,1.584,5.94E-08,1.584,4.32E-08,1.584,7.10E-08,1.584,1.21E-07,1.584,0.256345189,1.584,0.260910869,1.584,0.249185039,1.584,0.250768081,1.584,0.261653366,1.584,0.267882613,1.584,0.257119803,1.584,0.262552503,1.584,0.25907945,1.584,0.253421989,1.584,0.249531671,1.584,0.254160372,1.584,0.242268481,1.584,0.243878211,1.584,0.254932622,1.584,0.261258632,1.584,0.250324513,1.584,0.255847153,1.584,0.252301975,1.584,0.24656751,1.584,0.244601271,1.584,0.249519585,1.584,0.236907223,1.584,0.238603951,1.584,0.250328253,1.584,0.25706076,1.584,0.245436081,1.584,0.251288531,1.584,0.24754843,1.584,0.241460868,1.584,0.246838503,1.584,0.251995585,1.584,0.238778544,1.584,0.240541496,1.584,0.252844018,1.584,0.259908956,1.584,0.247708845,1.584,0.253832758,1.584,0.249936001,1.584,0.243556531,1.584,1.584,1.584,1.584,1.584,1.584,1.584,1.584,1.584,1.584,1.584,1.584,1.584,1.584,1.584,1.584,1.584,1.584,1.584,1.584,1.584,1.584,1.584,1.584,1.584,1.584,1.584,1.584,1.584,1.584,1.584,1.584,1.584,1.584,1.584,1.584,1.584,1.584,1.584,1.584,1.584,1.584,1.584,1.584,1.584,1.584,1.584,1.584,1.584,1.584,1.584,1.584,1.584,1.584,1.584,1.584,1.584,1.584,1.584,1.584,1.584,1.584,1.584,1.584,1.584,1.584,1.584,1.584,1.584,1.584,1.584,1.584,1.584,1.584,1.584,1.584,1.584,1.584,1.584,1.584
1.62,3.35E-06,1.62,1.24E-06,1.62,2.58E-06,1.62,1.82E-06,1.62,3.13E-06,1.62,5.47E-06,1.62,5.81E-08,1.62,4.48E-08,1.62,7.51E-08,1.62,5.14E-08,1.62,8.55E-08,1.62,3.37E-08,1.62,6.65E-08,1.62,4.77E-08,1.62,8.01E-08,1.62,1.39E-07,1.62,9.57E-07,1.62,7.23E-07,1.62,1.26E-06,1.62,8.40E-07,1.62,1.44E-06,1.62,5.28E-07,1.62,1.11E-06,1.62,7.75E-07,1.62,1.34E-06,1.62,2.37E-06,1.62,2.36E-08,1.62,1.90E-08,1.62,2.96E-08,1.62,2.13E-08,1.62,3.31E-08,1.62,1.51E-08,1.62,2.66E-08,1.62,2.00E-08,1.62,3.13E-08,1.62,5.16E-08,1.62,0.249853932,1.62,0.254255957,1.62,0.24293383,1.62,0.244483347,1.62,0.254991409,1.62,0.260998886,1.62,0.25061405,1.62,0.255880106,1.62,0.25248078,1.62,0.247022098,1.62,0.243065119,1.62,0.247523848,1.62,0.23605552,1.62,0.237635445,1.62,0.248281064,1.62,0.254375458,1.62,0.243842136,1.62,0.249191402,1.62,0.245720894,1.62,0.240192206,1.62,0.237807963,1.62,0.242521975,1.62,0.230412384,1.62,0.232083893,1.62,0.243320968,1.62,0.24977631,1.62,0.238629486,1.62,0.244285474,1.62,0.240613566,1.62,0.234771628,1.62,0.239683495,1.62,0.244615555,1.62,0.231953305,1.62,0.233693406,1.62,0.245450734,1.62,0.252209772,1.62,0.240539973,1.62,0.246449883,1.62,0.242622565,1.62,0.236512955,1.62,1.62,1.62,1.62,1.62,1.62,1.62,1.62,1.62,1.62,1.62,1.62,1.62,1.62,1.62,1.62,1.62,1.62,1.62,1.62,1.62,1.62,1.62,1.62,1.62,1.62,1.62,1.62,1.62,1.62,1.62,1.62,1.62,1.62,1.62,1.62,1.62,1.62,1.62,1.62,1.62,1.62,1.62,1.62,1.62,1.62,1.62,1.62,1.62,1.62,1.62,1.62,1.62,1.62,1.62,1.62,1.62,1.62,1.62,1.62,1.62,1.62,1.62,1.62,1.62,1.62,1.62,1.62,1.62,1.62,1.62,1.62,1.62,1.62,1.62,1.62,1.62,1.62,1.62,1.62
1.656,1.36E-06,1.656,4.94E-07,1.656,1.04E-06,1.656,7.28E-07,1.656,1.27E-06,1.656,2.25E-06,1.656,2.52E-08,1.656,1.99E-08,1.656,3.20E-08,1.656,2.25E-08,1.656,3.62E-08,1.656,1.55E-08,1.656,2.86E-08,1.656,2.10E-08,1.656,3.40E-08,1.656,5.78E-08,1.656,3.81E-07,1.656,2.87E-07,1.656,5.01E-07,1.656,3.34E-07,1.656,5.75E-07,1.656,2.09E-07,1.656,4.40E-07,1.656,3.08E-07,1.656,5.37E-07,1.656,9.56E-07,1.656,1.20E-08,1.656,1.02E-08,1.656,1.45E-08,1.656,1.11E-08,1.656,1.59E-08,1.656,8.62E-09,1.656,1.33E-08,1.656,1.06E-08,1.656,1.52E-08,1.656,2.34E-08,1.656,0.243881972,1.656,0.248141118,1.656,0.237175564,1.656,0.238690923,1.656,0.248864095,1.656,0.25467684,1.656,0.244626038,1.656,0.249739859,1.656,0.246416665,1.656,0.241132212,1.656,0.237121639,1.656,0.241429841,1.656,0.230338239,1.656,0.231887041,1.656,0.242171612,1.656,0.24806042,1.656,0.237882545,1.656,0.243073683,1.656,0.23967795,1.656,0.234332175,1.656,0.231591522,1.656,0.236126585,1.656,0.224460404,1.656,0.226104753,1.656,0.236912924,1.656,0.243124792,1.656,0.232398587,1.656,0.237876569,1.656,0.23427508,1.656,0.228649055,1.656,0.233150678,1.656,0.237885155,1.656,0.225712089,1.656,0.227426649,1.656,0.238706282,1.656,0.24519636,1.656,0.23399255,1.656,0.239709173,1.656,0.235952962,1.656,0.230081126,1.656,1.656,1.656,1.656,1.656,1.656,1.656,1.656,1.656,1.656,1.656,1.656,1.656,1.656,1.656,1.656,1.656,1.656,1.656,1.656,1.656,1.656,1.656,1.656,1.656,1.656,1.656,1.656,1.656,1.656,1.656,1.656,1.656,1.656,1.656,1.656,1.656,1.656,1.656,1.656,1.656,1.656,1.656,1.656,1.656,1.656,1.656,1.656,1.656,1.656,1.656,1.656,1.656,1.656,1.656,1.656,1.656,1.656,1.656,1.656,1.656,1.656,1.656,1.656,1.656,1.656,1.656,1.656,1.656,1.656,1.656,1.656,1.656,1.656,1.656,1.656,1.656,1.656,1.656,1.656
1.692,5.41E-07,1.692,1.95E-07,1.692,4.12E-07,1.692,2.88E-07,1.692,5.04E-07,1.692,9.04E-07,1.692,1.20E-08,1.692,9.99E-09,1.692,1.48E-08,1.692,1.10E-08,1.692,1.64E-08,1.692,8.21E-09,1.692,1.34E-08,1.692,1.04E-08,1.692,1.56E-08,1.692,2.51E-08,1.692,1.51E-07,1.692,1.14E-07,1.692,1.99E-07,1.692,1.33E-07,1.692,2.28E-07,1.692,8.37E-08,1.692,1.75E-07,1.692,1.22E-07,1.692,2.13E-07,1.692,3.81E-07,1.692,7.33E-09,1.692,6.67E-09,1.692,8.37E-09,1.692,6.97E-09,1.692,8.88E-09,1.692,5.97E-09,1.692,7.89E-09,1.692,6.75E-09,1.692,8.64E-09,1.692,1.19E-08,1.692,0.238374936,1.692,0.242507818,1.692,0.231859894,1.692,0.233340733,1.692,0.243216015,1.692,0.248855892,1.692,0.239102368,1.692,0.244076595,1.692,0.240829786,1.692,0.235699932,1.692,0.231646857,1.692,0.235821108,1.692,0.225066101,1.692,0.226583014,1.692,0.23654732,1.692,0.242252755,1.692,0.232391592,1.692,0.237438003,1.692,0.234116394,1.692,0.228933982,1.692,0.22588686,1.692,0.230263836,1.692,0.218991437,1.692,0.220607323,1.692,0.231036227,1.692,0.23703248,1.692,0.226678943,1.692,0.231994929,1.692,0.228464388,1.692,0.223029774,1.692,0.227168477,1.692,0.231728428,1.692,0.219989164,1.692,0.221676387,1.692,0.232535073,1.692,0.238787221,1.692,0.227995343,1.692,0.233536585,1.692,0.229851953,1.692,0.224190848,1.692,1.692,1.692,1.692,1.692,1.692,1.692,1.692,1.692,1.692,1.692,1.692,1.692,1.692,1.692,1.692,1.692,1.692,1.692,1.692,1.692,1.692,1.692,1.692,1.692,1.692,1.692,1.692,1.692,1.692,1.692,1.692,1.692,1.692,1.692,1.692,1.692,1.692,1.692,1.692,1.692,1.692,1.692,1.692,1.692,1.692,1.692,1.692,1.692,1.692,1.692,1.692,1.692,1.692,1.692,1.692,1.692,1.692,1.692,1.692,1.692,1.692,1.692,1.692,1.692,1.692,1.692,1.692,1.692,1.692,1.692,1.692,1.692,1.692,1.692,1.692,1.692,1.692,1.692,1.692
1.728,2.13E-07,1.728,7.74E-08,1.728,1.63E-07,1.728,1.14E-07,1.728,1.99E-07,1.728,3.58E-07,1.728,6.82E-09,1.728,6.05E-09,1.728,7.95E-09,1.728,6.41E-09,1.728,8.56E-09,1.728,5.31E-09,1.728,7.41E-09,1.728,6.17E-09,1.728,8.25E-09,1.728,1.20E-08,1.728,6.09E-08,1.728,4.66E-08,1.728,7.96E-08,1.728,5.37E-08,1.728,9.11E-08,1.728,3.47E-08,1.728,7.02E-08,1.728,4.97E-08,1.728,8.51E-08,1.728,1.51E-07,1.728,5.41E-09,1.728,5.20E-09,1.728,5.88E-09,1.728,5.28E-09,1.728,6.04E-09,1.728,4.88E-09,1.728,5.69E-09,1.728,5.18E-09,1.728,5.98E-09,1.728,7.29E-09,1.728,0.233287046,1.728,0.237307446,1.728,0.226944149,1.728,0.228390392,1.728,0.23800004,1.728,0.243485335,1.728,0.233997759,1.728,0.238843589,1.728,0.235672266,1.728,0.230680686,1.728,0.22659409,1.728,0.230648645,1.728,0.220195569,1.728,0.221680257,1.728,0.231359371,1.728,0.236900553,1.728,0.227322757,1.728,0.232236302,1.728,0.22898763,1.728,0.223951717,1.728,0.220639209,1.728,0.224875633,1.728,0.213954862,1.728,0.215541507,1.728,0.225633596,1.728,0.231437728,1.728,0.221416153,1.728,0.226584156,1.728,0.223124074,1.728,0.217860215,1.728,0.221676463,1.728,0.226081445,1.728,0.214728807,1.728,0.216387572,1.728,0.22687344,1.728,0.232913978,1.728,0.222488171,1.728,0.22786965,1.728,0.2242562,1.728,0.218782821,1.728,1.728,1.728,1.728,1.728,1.728,1.728,1.728,1.728,1.728,1.728,1.728,1.728,1.728,1.728,1.728,1.728,1.728,1.728,1.728,1.728,1.728,1.728,1.728,1.728,1.728,1.728,1.728,1.728,1.728,1.728,1.728,1.728,1.728,1.728,1.728,1.728,1.728,1.728,1.728,1.728,1.728,1.728,1.728,1.728,1.728,1.728,1.728,1.728,1.728,1.728,1.728,1.728,1.728,1.728,1.728,1.728,1.728,1.728,1.728,1.728,1.728,1.728,1.728,1.728,1.728,1.728,1.728,1.728,1.728,1.728,1.728,1.728,1.728,1.728,1.728,1.728,1.728,1.728,1.728
1.764,8.48E-08,1.764,3.18E-08,1.764,6.49E-08,1.764,4.59E-08,1.764,7.91E-08,1.764,1.42E-07,1.764,4.73E-09,1.764,4.46E-09,1.764,5.21E-09,1.764,4.58E-09,1.764,5.42E-09,1.764,4.14E-09,1.764,5.00E-09,1.764,4.48E-09,1.764,5.33E-09,1.764,6.80E-09,1.764,2.59E-08,1.764,2.03E-08,1.764,3.31E-08,1.764,2.31E-08,1.764,3.76E-08,1.764,1.57E-08,1.764,2.95E-08,1.764,2.15E-08,1.764,3.53E-08,1.764,6.11E-08,1.764,4.61E-09,1.764,4.57E-09,1.764,4.84E-09,1.764,4.57E-09,1.764,4.87E-09,1.764,4.41E-09,1.764,4.77E-09,1.764,4.52E-09,1.764,4.87E-09,1.764,5.38E-09,1.764,0.228579044,1.764,0.232498689,1.764,0.222391556,1.764,0.223803381,1.764,0.233175538,1.764,0.238521903,1.764,0.229273207,1.764,0.234000639,1.764,0.230903262,1.764,0.226036022,1.764,0.221922962,1.764,0.225870169,1.764,0.215688879,1.764,0.217141336,1.764,0.22656561,1.764,0.231959116,1.764,0.222635781,1.764,0.227427026,1.764,0.224249716,1.764,0.219345652,1.764,0.215801888,1.764,0.21991272,1.764,0.209307358,1.764,0.210864399,1.764,0.220656184,1.764,0.226288282,1.764,0.216563754,1.764,0.221596142,1.764,0.218205383,1.764,0.213094604,1.764,0.216623171,1.764,0.220889914,1.764,0.209883387,1.764,0.21151309,1.764,0.221667279,1.764,0.227518723,1.764,0.217419756,1.764,0.222655191,1.764,0.219111905,1.764,0.213806515,1.764,1.764,1.764,1.764,1.764,1.764,1.764,1.764,1.764,1.764,1.764,1.764,1.764,1.764,1.764,1.764,1.764,1.764,1.764,1.764,1.764,1.764,1.764,1.764,1.764,1.764,1.764,1.764,1.764,1.764,1.764,1.764,1.764,1.764,1.764,1.764,1.764,1.764,1.764,1.764,1.764,1.764,1.764,1.764,1.764,1.764,1.764,1.764,1.764,1.764,1.764,1.764,1.764,1.764,1.764,1.764,1.764,1.764,1.764,1.764,1.764,1.764,1.764,1.764,1.764,1.764,1.764,1.764,1.764,1.764,1.764,1.764,1.764,1.764,1.764,1.764,1.764,1.764,1.764,1.764
1.8,3.46E-08,1.8,1.42E-08,1.8,2.70E-08,1.8,1.96E-08,1.8,3.24E-08,1.8,5.68E-08,1.8,3.89E-09,1.8,3.82E-09,1.8,4.11E-09,1.8,3.83E-09,1.8,4.16E-09,1.8,3.66E-09,1.8,4.03E-09,1.8,3.78E-09,1.8,4.15E-09,1.8,4.72E-09,1.8,1.23E-08,1.8,1.02E-08,1.8,1.51E-08,1.8,1.12E-08,1.8,1.68E-08,1.8,8.35E-09,1.8,1.37E-08,1.8,1.06E-08,1.8,1.59E-08,1.8,2.59E-08,1.8,4.26E-09,1.8,4.29E-09,1.8,4.40E-09,1.8,4.25E-09,1.8,4.37E-09,1.8,4.19E-09,1.8,4.37E-09,1.8,4.22E-09,1.8,4.40E-09,1.8,4.59E-09,1.8,0.224216826,1.8,0.228045863,1.8,0.218170058,1.8,0.219547855,1.8,0.228707147,1.8,0.233928176,1.8,0.224894749,1.8,0.229512768,1.8,0.226487429,1.8,0.221732432,1.8,0.217598323,1.8,0.221448945,1.8,0.211513065,1.8,0.212933539,1.8,0.222129394,1.8,0.227389689,1.8,0.2182956,1.8,0.222974008,1.8,0.219866212,1.8,0.215081187,1.8,0.211334727,1.8,0.215332868,1.8,0.205011511,1.8,0.206538911,1.8,0.216061975,1.8,0.221539387,1.8,0.212081715,1.8,0.21698947,1.8,0.213666479,1.8,0.208693489,1.8,0.211964432,1.8,0.21610735,1.8,0.205411888,1.8,0.207012319,1.8,0.216870242,1.8,0.222552006,1.8,0.212746063,1.8,0.217847592,1.8,0.214372999,1.8,0.209218542,1.8,1.8,1.8,1.8,1.8,1.8,1.8,1.8,1.8,1.8,1.8,1.8,1.8,1.8,1.8,1.8,1.8,1.8,1.8,1.8,1.8,1.8,1.8,1.8,1.8,1.8,1.8,1.8,1.8,1.8,1.8,1.8,1.8,1.8,1.8,1.8,1.8,1.8,1.8,1.8,1.8,1.8,1.8,1.8,1.8,1.8,1.8,1.8,1.8,1.8,1.8,1.8,1.8,1.8,1.8,1.8,1.8,1.8,1.8,1.8,1.8,1.8,1.8,1.8,1.8,1.8,1.8,1.8,1.8,1.8,1.8,1.8,1.8,1.8,1.8,1.8,1.8,1.8,1.8,1.8
